Player_Name,Team,Games,Actual_Votes,Exp_Total_Votes,Avg_Poll_Prob,Exp_3vote_games,Exp_2vote_games,Exp_1vote_games
Nick Daicos,Collingwood,22,0,39.25879015546525,0.7308702013555872,9.39331528096227,4.393015163717791,2.292813985142857
Bailey Smith,Geelong,22,0,30.050154717784608,0.6012348346875197,6.23461703475914,4.353754285140894,2.6387950432254
Marcus Bontempelli,Western Bulldogs,22,0,26.41689366533319,0.5106607086158461,5.913090537895187,3.3561769999942044,1.9652680516592227
Will Ashcroft,Brisbane Lions,23,0,24.522060823108404,0.42893301782129606,6.138591902950793,2.3794176073170092,1.3474498996220063
Lachie Neale,Brisbane Lions,23,0,22.945116623821377,0.4275425523636564,5.062562798593717,2.9865123222698458,1.7844035835005343
Isaac Heeney,Sydney,20,0,22.810718308523064,0.47623622638202506,5.592239933583187,2.1015139137161896,1.8309706803411245
Patrick Cripps,Carlton,23,0,22.19215566420644,0.4256950691483919,4.6602591336031765,3.080650806587073,2.0500766502227634
Jordan Dawson,Adelaide,20,0,20.19980245118495,0.4439035645860713,4.496442316682078,2.328846526099369,2.052782448939979
Harry Sheezel,North Melbourne,22,0,19.41541854852767,0.3988651115953623,3.9386753955877793,2.7630353022541385,2.0733217572560534
Izak Rankine,Adelaide,20,0,18.62151256328434,0.3988432382268002,4.371955128914124,1.9007375409200904,1.7041720947017893
Jai Newcombe,Hawthorn,23,0,17.532792482263176,0.3303785535225989,3.8522445302514825,2.2295966907404363,1.5168655100278556
Jason Horne-Francis,Port Adelaide,21,0,17.348272239092694,0.38793681724642476,3.2779808135001076,2.645637449917558,2.2230548987572547
Kysaiah Pickett,Melbourne,23,0,17.099133098534367,0.3107739782341093,4.151942426418827,1.6474467463121982,1.348412326653488
Zak Butters,Port Adelaide,17,0,17.042038265208248,0.4625720982131658,3.22490591899259,2.7285007575992495,1.9103189930319786
Nasiah Wanganeen-Milera,St Kilda,17,0,16.106756585808398,0.437550065733697,3.52878501638952,1.6108354355565098,2.2987306655268185
Max Gawn,Melbourne,23,0,15.603445796645246,0.3435988619002392,2.392278200131841,2.9161155726760626,2.5943800508975983
Ed Richards,Western Bulldogs,22,0,15.541497534155496,0.31462349013930757,3.515245021364535,1.5892907083616592,1.8171810533385724
Shai Bolton,Fremantle,22,0,14.331838125981449,0.28853283270588936,3.1395198189929943,1.7050761684658937,1.5031263320706785
Sam Walsh,Carlton,23,0,14.08476211715606,0.3038660012243781,2.2973742155299988,2.501095657935366,2.190448154695332
Clayton Oliver,Greater Western Sydney,23,0,13.927598976399167,0.3136790659884117,1.8934133695147466,2.926153719636204,2.3950514285825193
Max Holmes,Geelong,18,0,13.811214537141495,0.34632626451639226,2.886438971545431,1.804463832755573,1.5429699569940567
Luke Jackson,Fremantle,23,0,13.488554004521575,0.2685588393841222,2.826595239865128,1.6585102189565077,1.6917478470131755
Chad Warner,Sydney,22,0,13.31080370525251,0.3138657584647097,2.08681631618947,2.232124386649957,2.5861059833841864
Errol Gulden,Sydney,11,0,13.297482219342783,0.48677657203767344,3.346856362368271,1.2492272021918325,0.758458727854304
Andrew Brayshaw,Fremantle,23,0,13.108672096233931,0.2741216909913498,2.232489793197601,2.3388936170376837,1.7334154825657606
Caleb Serong,Fremantle,20,0,13.07310101314215,0.29971074425557165,2.5661684226361103,1.9465492827584967,1.4814971797168255
Harley Reid,West Coast,23,0,12.36047921764657,0.24469262629740432,2.569423890183316,1.5937010324396397,1.4648054822173435
Luke Davies-Uniacke,North Melbourne,23,0,12.357445327714231,0.26616858044856245,1.877690489502129,2.4801869983930374,1.7639998624217696
Tom Sparrow,Melbourne,23,0,12.34122215206935,0.26468124318098096,2.06488577899745,2.1237820009118877,1.899000813253224
Brodie Grundy,Sydney,21,0,12.055532527592732,0.26252576215968776,2.4182215286127757,1.7060484650137369,1.3887710117269307
Zac Bailey,Brisbane Lions,22,0,11.345223616644944,0.2726396913231755,1.4796770785069384,2.3877962505212054,2.130599880081718
Christian Petracca,Gold Coast,20,0,11.269342576173585,0.23273812665402147,2.763628132366648,1.0873237783598597,0.8038106223539216
George Hewett,Carlton,19,0,10.658079113361055,0.2678199861376542,1.9530700735094797,1.663359229726666,1.4721504333792836
Shaun Mannagh,Geelong,23,0,10.56951025788112,0.19622741522827078,2.490201056252772,1.0758775951253483,0.9471518988721073
Charlie Curnow,Sydney,22,0,10.568900823979675,0.20833883489951238,2.5567326272857827,0.8719812016188371,1.1547405388846528
Jack Gunston,Hawthorn,17,0,10.335313117023588,0.31494884823478864,1.43478170373578,2.111619289560622,1.8077294266950048
Max Hall,St Kilda,23,0,10.19918700762355,0.21637674524453873,1.6913023213928682,1.8399172242134227,1.4454455950181
Jagga Smith,Carlton,23,0,10.138434206473903,0.22013452195587097,1.6513998464179167,1.7725405086530373,1.6391536499140784
Matt Rowell,Gold Coast,18,0,9.995221879355086,0.25343914564412745,1.9258634928919491,1.5815902719768928,1.0544508567254525
Finn Callaghan,Greater Western Sydney,19,0,9.907277302896546,0.24776912636259926,1.8790987481552293,1.4414664056967013,1.3870482470374554
Noah Anderson,Gold Coast,22,0,9.878981058202044,0.23491130023367904,1.1625478752757772,2.3858367025095504,1.6196640273556113
Toby Greene,Greater Western Sydney,21,0,9.372038808383877,0.21175678042233076,1.7267999049345235,1.471546609645884,1.2485458742885385
Jacob van Rooyen,Melbourne,22,0,9.361934946019574,0.18791832333437758,2.101784896368372,1.024162039926523,1.008256177061412
Hugo Garcia,St Kilda,23,0,9.231481959059238,0.20563374413849606,1.382756448818327,1.7363929462371743,1.610426720129908
Murphy Reid,Fremantle,21,0,8.965500714839436,0.20601999899511048,1.514816038950812,1.6094486580404919,1.2021552819060162
Jye Amiss,Fremantle,22,0,8.735463551662178,0.19896732436150574,1.3646357849975175,1.6289108457140173,1.3837345052415913
Touk Miller,Gold Coast,23,0,8.42669585632757,0.17599752099103289,1.493578242672811,1.3915963881881908,1.1627683519327547
Logan Morris,Brisbane Lions,22,0,7.973156130125062,0.15291527339927183,1.978647444066155,0.6517252272087717,0.7337633435090538
Tim Taranto,Richmond,21,0,7.944966766978723,0.200253863370476,1.100641743644701,1.5383521489093255,1.5663372382259695
Sam Berry,Adelaide,22,0,7.697975687753569,0.17283075606056544,1.2757981556733284,1.3441027430744725,1.1823757345846388
John Noble,Gold Coast,23,0,7.595247983498666,0.16075282946016872,1.3045600163650306,1.2888128731847246,1.1039421880341251
Rowan Marshall,St Kilda,21,0,7.237172002483021,0.14958290754843584,1.6645734269941386,0.7667840899775911,0.7098835415454232
Jarman Impey,Hawthorn,21,0,7.217207363991292,0.1600465550878826,1.4844556742255008,0.8873183586947562,0.9892036239252775
Caleb Daniel,North Melbourne,23,0,7.186009901382931,0.13272461791727794,1.625403621172154,0.8825364469412307,0.5447261439840076
Josh Treacy,Fremantle,23,0,7.115209734887685,0.16158127647948908,1.0668554926542129,1.2651293905510101,1.3843844758230262
Jordan de Goey,Collingwood,21,0,7.038996911021968,0.17277410704116933,1.158411609925679,1.0939174433060543,1.3759271946328226
Zach Merrett,Essendon,23,0,6.7872897272955015,0.15340906167385465,0.8559537067649217,1.5469738952670014,1.1254808164667338
Jake Stringer,Greater Western Sydney,23,0,6.760045410918565,0.12402847453537778,1.694539717793532,0.5183110610178119,0.6398041355023452
Justin McInerney,Sydney,13,0,6.689942254764901,0.25272831948677776,1.0679187389687286,1.268636623499333,0.9489127908600494
Wayne Milera,Adelaide,18,0,6.566148079800769,0.1852940311631149,1.0492600589204812,1.132335401023738,1.1536971009918489
Nick Blakey,Sydney,22,0,6.506064023820727,0.1532588861040164,1.1055632840525504,0.9232419614272658,1.3428902488085441
Nick Watson,Hawthorn,21,0,6.180021174786816,0.1719951062146893,0.4774798680919048,1.6131642080945312,1.5212531543220393
Connor Macdonald,Hawthorn,23,0,6.154332990559851,0.13344777487058626,1.070219865994659,0.9445944365470496,1.0544845194817754
Bradley Hill,St Kilda,23,0,6.120995293855231,0.1304505731739324,1.0827101114518882,0.955211887951009,0.9624411835975479
Lachie Ash,Greater Western Sydney,23,0,5.759606315303245,0.1492907368855136,0.6631972893810598,0.9995247881743126,1.77096487081144
Matthew Kennedy,Western Bulldogs,23,0,5.5363334544281315,0.11892454653013335,1.0442989805733305,0.7124709230884037,0.9784946665313328
Jack Steele,Melbourne,23,0,5.421780887758359,0.12912135167330827,0.596513788215816,1.258962222840637,1.1143150774296373
Josh Daicos,Collingwood,23,0,5.252640440066898,0.1265858467245973,0.633843918407365,1.07347812858643,1.2041524276719429
Callum Wilkie,St Kilda,23,0,5.245781741326709,0.11357312860717605,0.7688220996799373,1.0959555840017856,0.7474042742833262
Lachie Whitfield,Greater Western Sydney,21,0,5.205175417285318,0.12492572001537199,0.8995505896355098,0.7826341176914866,0.9412554129958153
Josh Rachele,Adelaide,23,0,5.18504892601095,0.10853937519647408,1.0015220212567328,0.6855992539785802,0.8092843542835908
Oliver Dempsey,Geelong,23,0,4.89960656389303,0.10347131295344772,0.8935899595089722,0.7325864469457883,0.753663791474537
Darcy Parish,Essendon,14,0,4.709696847285159,0.15182308117086254,0.8728225120048592,0.8385286868833646,0.41417193750385195
Darcy Cameron,Collingwood,22,0,4.691167564722491,0.10782700870310112,0.6699515616182907,0.9790702500176849,0.7231723798322491
Riley Thilthorpe,Adelaide,20,0,4.6880819793959745,0.10813290219443843,0.9712788989372712,0.5828661376326636,0.6085130073188338
Jeremy Cameron,Geelong,17,0,4.649174938082979,0.12499452100377419,1.12484602310451,0.2745760348097974,0.7254847991498536
Kai Lohmann,Brisbane Lions,23,0,4.513538289618282,0.10480006543297271,0.7355912017615083,0.6319543811368931,1.042855922059971
Archie Roberts,Essendon,21,0,4.279872573484681,0.0893718551980696,0.9877121099762007,0.42763939437281806,0.46145745481044287
Aaron Naughton,Western Bulldogs,22,0,4.278627208242142,0.09423546760932698,0.8231088912552877,0.5592291383263728,0.6908422578235331
Taylor Walker,Adelaide,16,0,4.266529957807052,0.14342069834842164,0.6816685121052615,0.6084617600217825,1.0046009014477022
Sam Durham,Essendon,20,0,4.099850371690081,0.09631379634888618,0.7836756718870674,0.6062231009382231,0.5363771541524329
Mitch Georgiades,Port Adelaide,21,0,4.091998435748337,0.10861388965546818,0.5345738433529732,0.741959066277559,1.0043587731342996
Scott Pendlebury,Collingwood,17,0,4.014997709075942,0.10106583080484116,1.0033083557764257,0.29026187384079094,0.424548894065083
Tristan Xerri,North Melbourne,19,0,4.006434168971282,0.10642177267345687,0.7100715753522309,0.5642773374711396,0.7476647679723101
Josh Ward,Hawthorn,23,0,3.9066970484200283,0.1000216994633893,0.4095152459703968,0.7871674688212806,1.1038163728662767
Darcy Fogarty,Adelaide,14,0,3.8070003888278734,0.14924834758156585,0.5008578734268667,0.7158077758322179,0.8728112168828375
Tim Kelly,West Coast,21,0,3.5932419827940976,0.0998800800720606,0.2933566660149154,0.9090469692509942,0.8950780462473631
Patrick Voss,Fremantle,22,0,3.5855726170659636,0.09868169182208351,0.30619619293770484,0.8021830111047166,1.062618016043416
Kade Chandler,Melbourne,22,0,3.5671103397471597,0.09648750808000015,0.3591286527880584,0.7261278564110398,1.037468668560905
Shannon Neale,Geelong,23,0,3.5553981958232725,0.09279046680740066,0.2507781702702232,0.9196611187126109,0.9637414475873811
Bailey Dale,Western Bulldogs,18,0,3.444654483366321,0.12594094266084235,0.35242758893218706,0.4728623376067844,1.441647041356191
Jake Waterman,West Coast,23,0,3.4415331265420264,0.08359497563966888,0.4892272746490107,0.5403941375316208,0.8930630275317526
Jase Burgoyne,Port Adelaide,23,0,3.383897346799131,0.06613200358768391,0.7921797775507002,0.2785017091810005,0.45035459578502923
Paul Curtis,North Melbourne,20,0,3.33614534865319,0.09039206857783029,0.36674069743912696,0.7948225822183304,0.6462780918991484
Luke Parker,North Melbourne,23,0,3.293334057656466,0.0812728728481528,0.28735368612979073,0.8493506098893704,0.7325717794883531
Bodhi Uwland,Gold Coast,23,0,3.248157681147859,0.0772219739049868,0.34340870736923534,0.785234866594692,0.647461825850769
Liam Ryan,St Kilda,17,0,3.169792216920996,0.10035525691768378,0.3719822891594049,0.719788271001562,0.6142688074396574
Tom Papley,Sydney,18,0,3.1432794997049314,0.09107210746649091,0.5876171851036815,0.3287471951007319,0.7229335541924229
Joel Freijah,Western Bulldogs,23,0,3.0980879613689467,0.07027754370012743,0.5116026776031504,0.45849910105971503,0.6462817264400655
Daniel McStay,Collingwood,23,0,3.0646991621511006,0.07792421543035744,0.24156785911191037,0.7893064890290589,0.7613826067572518
Aliir Aliir,Port Adelaide,22,0,3.035363524247714,0.06699842251396149,0.5115870182876279,0.5382241923653055,0.42415408465421933
Jack Ginnivan,Hawthorn,22,0,2.9702064393441105,0.0707331152535434,0.4709971054089692,0.4720836929482175,0.6130477372207679
Jack Sinclair,St Kilda,15,0,2.9054316357428434,0.1084551228524712,0.33398894373613075,0.6106269054835138,0.6822109935674234
Ben King,Gold Coast,23,0,2.878283305949026,0.0714579792096352,0.21209296040569825,0.8105638633160197,0.6208766980998917
Ryley Sanders,Western Bulldogs,21,0,2.841549230253804,0.07228067207697245,0.416705118432219,0.49024487977294484,0.6109441154112574
Blake Hardwick,Hawthorn,23,0,2.8061302871205953,0.07029491380863755,0.27935648932407275,0.6306342908737861,0.7067922374008049
Josh Dunkley,Brisbane Lions,23,0,2.7978245015456196,0.07214064744458364,0.21651837100398552,0.7055528683122247,0.7371636519092135
Tom Liberatore,Western Bulldogs,11,0,2.718507951947231,0.13367394999861723,0.3494874542943762,0.549119593373689,0.5718064023167244
Will Day,Hawthorn,11,0,2.6713932539205416,0.1312461057545575,0.31927866426849505,0.5891287620834191,0.5352997369482182
Darcy Wilmot,Brisbane Lions,23,0,2.665777884052659,0.06131784388818905,0.4416480464715278,0.3721713816812553,0.596490981275565
Malcolm Rosas,Sydney,16,0,2.619535107465026,0.06236511544067014,0.7561066132600445,0.10948003389421501,0.13225519989646273
Cooper Trembath,North Melbourne,23,0,2.6121690713521275,0.06422168076818233,0.19261873672758156,0.7498329402287709,0.534646980711841
Noah Balta,Richmond,17,0,2.5732561117929436,0.06018488208968954,0.7098853332681756,0.13034244973187015,0.18291521252467646
Karl Worner,Fremantle,23,0,2.525673580210423,0.04961179213853978,0.5615138352295617,0.2615746905648848,0.3179826933919685
Jy Simpkin,North Melbourne,23,0,2.459385041549467,0.06433459805493444,0.18380293016161886,0.6120834259627372,0.6838093991391361
Nick Larkey,North Melbourne,23,0,2.45311017475683,0.07126311289935865,0.09205347573538347,0.629951626600814,0.9170464943490515
Patrick Dangerfield,Geelong,17,0,2.410778301825303,0.09638562309700159,0.15124951044799673,0.46972368828028266,1.0175823939207476
James Sicily,Hawthorn,22,0,2.404444162712025,0.06152370843466832,0.32862632417527493,0.39366992879877216,0.6312253325886559
Cam Mackenzie,Hawthorn,21,0,2.355436017967804,0.0610028423624109,0.3158221404100914,0.44273204753699247,0.5225055016635451
Finn OSullivan,North Melbourne,19,0,2.3148454205056623,0.06056253032999705,0.3660637718949147,0.4320298004458891,0.35259450392914005
Hugh McCluggage,Brisbane Lions,13,0,2.3130836106643073,0.09313871365916035,0.37629166448323303,0.3496970041287568,0.4848146089570946
Jarrod Berry,Brisbane Lions,18,0,2.3035035778666497,0.05952185526257381,0.39078039318701485,0.45054939676629147,0.23006360477302223
Harris Andrews,Brisbane Lions,20,0,2.289791174191123,0.0531949821967828,0.41583295104464923,0.39422562816616846,0.25384106472483836
Bayley Fritsch,Melbourne,21,0,2.279707931669236,0.07375555234581216,0.11043545484290007,0.5099704227213806,0.9284607216977747
Dayne Zorko,Brisbane Lions,13,0,2.2489889984717593,0.10796513912982146,0.23549722084135283,0.3744477481013746,0.7936018397449516
Jack Macrae,St Kilda,12,0,2.2366639475585544,0.08994890404513474,0.38062705366610317,0.3960229916847311,0.30273680319078267
Lawson Humphries,Geelong,22,0,2.2263356130490592,0.05490070991162487,0.3459663095597989,0.32658737587371434,0.5352619326222339
Tim Membrey,Collingwood,19,0,2.2204692824047925,0.07356299421532017,0.15825665932470656,0.506259073664296,0.7331811571020808
Charlie Cameron,Brisbane Lions,23,0,2.217853592952906,0.0602606632045852,0.13119828819390023,0.5694617628596461,0.6853352026519133
Jordan Clark,Fremantle,23,0,2.1941696374633466,0.053486502536701584,0.25684037806786364,0.45029932298348285,0.52304985729279
Harvey Langford,Melbourne,23,0,2.171849438058416,0.047036580830298706,0.3758580779503973,0.3382919230607513,0.36769135808572173
Joel Fitzgerald,Melbourne,10,0,2.1314567292429274,0.10718803219497204,0.32609565259190276,0.4073851021094015,0.33839956724841613
Jake Bowey,Melbourne,15,0,2.1268379383436695,0.09241649252144271,0.14323690576929948,0.45411673898342997,0.7888937430689111
Tom Atkins,Geelong,23,0,2.1256470668813563,0.05193927476236992,0.2802586924881325,0.37052636237058323,0.5438182646757923
Dan Houston,Collingwood,23,0,2.0877166803948057,0.05297516093259733,0.1688739386627276,0.531540101619612,0.518014661167399
Jack Ross,Richmond,19,0,2.0560008677512087,0.06183143480963114,0.2004493699696468,0.48030486642892356,0.4940430249844212
Mitch Lewis,Hawthorn,22,0,2.0530365915747097,0.06268614723682152,0.11266628038174531,0.44860879160114564,0.8178201672271825
Ben Ainsworth,Carlton,23,0,2.0512951328573763,0.04798066091655567,0.28029298491946975,0.3871539619376563,0.4361082542236545
Colby McKercher,North Melbourne,23,0,2.049250458620918,0.04979013601535806,0.2513022108369114,0.40147290859385976,0.4923980089224642
Ollie Wines,Port Adelaide,19,0,2.0232160807486252,0.06416369497824953,0.1706636471130878,0.46277858193570864,0.5856679755379446
Harry McKay,Carlton,21,0,2.0181389595309156,0.05849008147682374,0.18929793198549305,0.411251384546631,0.6277423944811744
James Peatling,Adelaide,21,0,2.011940421703912,0.060815381721719554,0.172472916499828,0.3898715725481452,0.7147785271081375
Bailey Williams (West Coast),West Coast,19,0,1.9949240513797122,0.055859609653405064,0.24495324181953038,0.44368498432595516,0.37269435726921074
Will Setterfield,Essendon,11,0,1.9576213644236304,0.11468345555935726,0.10498931458232619,0.48612472410604823,0.6704039724645554
Mitch Owens,St Kilda,20,0,1.9474477202593334,0.055109725247211826,0.16773152319092333,0.5097901689332502,0.424672812820063
Oliver Florent,Carlton,23,0,1.9280001196320882,0.047266913145904255,0.20951729944772524,0.42182651838083984,0.4557951845272328
Dylan Stephens,North Melbourne,23,0,1.9106301984229503,0.04759968797233065,0.20640030343020044,0.40303676819894463,0.4853557517344598
Joe Richards,Port Adelaide,20,0,1.8184758361639979,0.052584164726977176,0.17629865331036854,0.41419523500371724,0.4611894062254578
Joel Amartey,Sydney,15,0,1.8111705763028567,0.07156886561322912,0.17679649278238685,0.38404460653964634,0.5126918848764035
Francis Evans,Carlton,21,0,1.8088698235310403,0.051356913118871445,0.14565452855867989,0.4390655909173802,0.4937750560202403
Rory Laird,Adelaide,18,0,1.801933471710072,0.057922140113886494,0.19116898240463343,0.3769969848508481,0.47443255479447544
Tanner Bruhn,Geelong,21,0,1.791995109339041,0.049875912248223485,0.160549282842112,0.4235023864421237,0.46334248792845756
Dylan Moore,Hawthorn,22,0,1.7852064786939081,0.04979485266560666,0.14891855338919413,0.39188261327217333,0.5546855919819791
Brodie Kemp,Carlton,23,0,1.7726486107012533,0.04564679293017711,0.1513812630855682,0.4200098471360434,0.47848512717246194
Stephen Coniglio,Greater Western Sydney,21,0,1.7592878715836378,0.04631338878622652,0.1850880110473554,0.41653068497817003,0.3709624684852315
Matthew Johnson,Fremantle,22,0,1.7584870281898475,0.044612264852813416,0.20772991222838755,0.3615573769711773,0.41218253756233025
Cooper Sharman,St Kilda,21,0,1.6727625640069164,0.04939517300486581,0.1167034369736939,0.4020570569573465,0.5185381391711417
Michael Frederick,Fremantle,18,0,1.6592719159953049,0.05364110052652096,0.08016947149826592,0.5333931635213958,0.3519771744577156
Jack Crisp,Collingwood,23,0,1.651216468428629,0.04466714691085619,0.14203265525566167,0.33980677896761335,0.5455049447264173
Charlie Comben,North Melbourne,22,0,1.6478892702739358,0.03903937025909892,0.2723942882880692,0.24423454799762112,0.34223730941448594
Darcy Wilson,St Kilda,22,0,1.6373725591438415,0.04860826688788868,0.11781537391289021,0.33235993978451006,0.6192065578361508
Brent Daniels,Greater Western Sydney,10,0,1.5956018534184295,0.09590114976176664,0.1377806674531712,0.3610290208944207,0.4602018092700746
Gryan Miers,Geelong,15,0,1.4236537301148928,0.05887929616122468,0.09898158497890108,0.3425011177387205,0.4417067397007486
Jayden Short,Richmond,21,0,1.4211246090030727,0.04048489375299184,0.12338451867663025,0.32417280283698346,0.402625447299215
Callum Mills,Sydney,22,0,1.40396149490698,0.03902107606204068,0.10372418273618678,0.3380494560697116,0.41669003455899656
Mark Keane,Adelaide,9,0,1.3287440060630615,0.07096786844865871,0.25193054617921007,0.18617209766671294,0.20060817219200544
Jack Darling,North Melbourne,22,0,1.3213133639844727,0.03587825065203147,0.1059417408880563,0.3201083678636678,0.3632714055929682
Caleb Windsor,Melbourne,20,0,1.315100245355552,0.03632540168221112,0.18601543952036081,0.21656133267060795,0.3239312614532537
Bailey Williams (Western Bulldogs),Western Bulldogs,17,0,1.2720402421582548,0.042940609615684744,0.14913207370773307,0.243785731276148,0.33707255848275963
Daniel Rioli,Gold Coast,20,0,1.2502650287790402,0.031510677640233097,0.22069212423480167,0.17866722750477493,0.23085420106508536
Darcy Byrne-Jones,Port Adelaide,22,0,1.237330904637929,0.03340932584995409,0.13422443533636397,0.2338768652662111,0.36690386809641495
Jordon Sweet,Port Adelaide,22,0,1.2285260446578832,0.033509192184820596,0.111228088561802,0.2688676394682261,0.35710650003602495
Peter Wright,Essendon,18,0,1.2060486694344945,0.04637636808971971,0.05024487058381055,0.27078430265191855,0.5137454523792258
Bailey Humphrey,Gold Coast,20,0,1.1993905793199247,0.039118145607596945,0.0979630241997711,0.2211016187684436,0.4632982691837242
Jack Higgins,St Kilda,16,0,1.1832674190191028,0.052673160565291255,0.05108563008616329,0.23832558980211616,0.5533593491563806
Nate Caddy,Essendon,22,0,1.1426551168433434,0.03577689810353232,0.05547330324861832,0.24461675206839573,0.487001702960697
Tim English,Western Bulldogs,15,0,1.1243382110369566,0.046763878120448986,0.11323092804013868,0.19641818314994453,0.39180906061665155
Ed Langdon,Melbourne,23,0,1.123809085826906,0.03141167124391833,0.08014584977445338,0.24104894766787766,0.40127364116779063
James Rowbottom,Sydney,21,0,1.09723478352862,0.03393434706794367,0.08042060620755365,0.2237722826866957,0.4084283995325677
Lachlan McAndrew,Adelaide,22,0,1.0937836352386512,0.029177559072691525,0.08769807917997241,0.27648117727949284,0.2777270431397483
Levi Ashcroft,Brisbane Lions,23,0,1.070416609331005,0.02880601771670152,0.09565514924361196,0.21656790335964615,0.35031535488087684
Luke Ryan,Fremantle,22,0,1.0691437602672522,0.027787693287626262,0.10080253374144377,0.2562094404565869,0.25431727812974714
Ben Keays,Adelaide,23,0,1.0547552973030179,0.028890157987007115,0.09974609876462637,0.1907894660726015,0.37393806886393577
Tom Stewart,Geelong,21,0,1.0290656181805389,0.03228573943878083,0.08109193344898813,0.18888122306816513,0.40802737169724423
Kane McAuliffe,Richmond,10,0,0.9987724734855874,0.056102859365637414,0.10182781138064456,0.23408825706792413,0.22511252520780545
Tom McCartin,Sydney,20,0,0.9911851295164524,0.03071334015012326,0.06708457221429853,0.2427491820853902,0.30443304870277643
Tom McCarthy,West Coast,22,0,0.976358461262862,0.027867402702626845,0.0926697210452403,0.17793615971459076,0.34247697869795957
Hayden Young,Fremantle,14,0,0.9685281742445113,0.04580310870716987,0.0918672866750967,0.14355007899393968,0.4058261562313419
Jarrod Witts,Gold Coast,13,0,0.9666308577802738,0.03795269517660507,0.15274433892909656,0.16775714262621477,0.17288355574055458
Connor Idun,Greater Western Sydney,23,0,0.9519990250291812,0.024833597382380307,0.0658113925028374,0.24920350022875937,0.25615784706315026
Jai Serong,Sydney,22,0,0.9509873720553514,0.027562123050426057,0.06013795290800772,0.22434475912996277,0.32188399507140275
Josh Battle,Hawthorn,21,0,0.9479308132504229,0.028888330591663753,0.0674064841150539,0.20646290259537636,0.3327855557145085
Nick Bryan,Essendon,13,0,0.9274366587333134,0.04096267564783865,0.10282351529258449,0.189274844726242,0.2404164234030759
James Worpel,Geelong,11,0,0.9179668503948051,0.05126164454866904,0.09189040641467727,0.17030794753009104,0.3016797360905912
Phoenix Gothard,Greater Western Sydney,16,0,0.9077575081314535,0.032349159378469494,0.09359642409481239,0.20297810988631682,0.2210120160743827
Reuben Ginbey,West Coast,13,0,0.9049333237671817,0.03535187060543439,0.14383748654654482,0.157684032803445,0.15805279852065723
Riley Bice,Sydney,20,0,0.9010381141524704,0.030506887180126795,0.0312566442626121,0.22838708202471025,0.35049401731521357
Matt Carroll,Carlton,10,0,0.8903748352831826,0.0488655965581529,0.10188792449753237,0.19794302070658887,0.18882502037740778
Milan Murdock,West Coast,20,0,0.890001085395852,0.03028051349974703,0.04256558378801856,0.19925964782487426,0.3637850383820478
Josh Worrell,Adelaide,22,0,0.8846290069577663,0.026830189206438346,0.04940837425783684,0.19554809590044897,0.3453076923833578
Angus Sheldrick,Sydney,18,0,0.8845249360215348,0.033253898792003786,0.06035108514743115,0.16525258747060434,0.3729665056380327
Harry Petty,Melbourne,19,0,0.8838052317951224,0.0322893913808481,0.02977689213003032,0.21075301129894797,0.3729685328071355
Conor Nash,Hawthorn,10,0,0.8836974657751853,0.05171609527169494,0.0869977170805214,0.19254107889719307,0.23762215673923492
Mark Blicavs,Geelong,18,0,0.8830648676407691,0.028790943722444555,0.0973427466146859,0.1701423874073953,0.2507518529819208
Lloyd Meek,Hawthorn,23,0,0.8812013958877287,0.021082889594609973,0.11071599805381993,0.17486293910405948,0.19932752351814997
Oliver Henry,Geelong,22,0,0.8773653912808186,0.02959735767963552,0.03033571956666492,0.1655520831955073,0.45525406618980924
Marcus Windhager,St Kilda,23,0,0.862299288608483,0.02454554839578518,0.055389630753779784,0.18697241399786435,0.322185568351415
Oscar McDonald,Fremantle,10,0,0.8245181612383021,0.047287708721341914,0.07420688877209614,0.2032272964806907,0.1954429019606323
Will Hayward,Carlton,21,0,0.8219105384487193,0.02644295353435328,0.0660703938392544,0.1344677265487917,0.35476390383337275
Callum Brown,Greater Western Sydney,18,0,0.8009150859472811,0.0348666083359856,0.026462340346597557,0.1203914552063452,0.48074515449479804
Esava Ratugolea,Port Adelaide,8,0,0.7959466451220578,0.041725939983621174,0.1915230241165773,0.07909307701993384,0.06319141873245826
Tom De Koning,St Kilda,20,0,0.7910836183127685,0.024703308591688254,0.07575126788469788,0.14551491070960765,0.2727999932394596
Connor OSullivan,Geelong,23,0,0.7806853399870306,0.018877522288280685,0.10384067232553207,0.1388209827055107,0.19152135759941302
Blake Acres,Carlton,10,0,0.7592060103124822,0.039615925270481966,0.11648740153032122,0.13007195454702014,0.1495998966274783
Talor Byrne,Carlton,18,0,0.758711396122635,0.02370605616215471,0.07775637702707172,0.17648963114970684,0.1724630027420062
Daniel Curtin,Adelaide,16,0,0.7552848145305688,0.026427093912218425,0.09798132421656192,0.1364886635019502,0.18836351487698266
Ryan Lester,Brisbane Lions,19,0,0.7530098745155556,0.023235485340831617,0.08189616463278071,0.1477433237741934,0.2118347330688266
Karl Amon,Hawthorn,18,0,0.7505588370663645,0.025934509892699173,0.07003841049981929,0.14366083799814078,0.25312192957062507
Kane Farrell,Port Adelaide,13,0,0.7502915914701589,0.035633049760060834,0.08103010769627872,0.12500172919681063,0.2571978099877015
Harvey Thomas,Greater Western Sydney,22,0,0.7360056226921188,0.02202599693867507,0.056904867563844164,0.13762395491357893,0.29004311017342843
Oisin Mullin,Geelong,23,0,0.7243118842407057,0.018593448918972685,0.060876995964463276,0.17490856717540737,0.19186376199650113
Ben Long,Gold Coast,21,0,0.7189998603610093,0.025936640276638303,0.025849020462146655,0.12263237362731161,0.3961880517199461
Matthew Jefferson,Melbourne,16,0,0.7102077637678121,0.029713940444992204,0.012724589001209097,0.20933553864551868,0.2533629194731475
Sam Draper,Brisbane Lions,22,0,0.6875600399271207,0.020116091672951534,0.053806173093107645,0.1373936769359716,0.25135416677585454
Beau McCreery,Collingwood,22,0,0.6816040355042787,0.015781078510289346,0.11952076025045244,0.09537878777700826,0.1322841791989049
Daniel Turner,Melbourne,19,0,0.6794624705830756,0.0229155607813769,0.06679072038105005,0.11048537497481448,0.2581195594902965
Marc Pittonet,Carlton,20,0,0.6639473650493528,0.02035977677910523,0.05510946164667985,0.14653290617388848,0.20555316776153632
Elliot Yeo,West Coast,21,0,0.6535609263964943,0.020959837393179657,0.04226240111620427,0.12887953890731296,0.2690146452332556
Edward Allan,Collingwood,18,0,0.6322899944830169,0.021585310563624362,0.0704333595508615,0.1028876852360554,0.21521454535832163
Willem Duursma,West Coast,22,0,0.6270362850148103,0.017490372002477918,0.04565183428871933,0.15094443238285749,0.1881919173829374
Marcus Herbert,West Coast,10,0,0.6088615276339624,0.03793475288266564,0.035805844040623924,0.1579023107260582,0.18563937405997422
Alex Neal-Bullen,Adelaide,21,0,0.6051667361716682,0.017506318085603805,0.05046359936022782,0.13660685765353264,0.18056222278391942
Cam Rayner,Brisbane Lions,23,0,0.6042412132164827,0.017436392735520632,0.04595178676299838,0.11130060677351139,0.2437846393804648
Ned Moyle,Gold Coast,16,0,0.5883501302951117,0.023426983874117013,0.044966644793930755,0.12358509872137802,0.20627999847056344
George Wardlaw,North Melbourne,16,0,0.584625339921331,0.023414199536091473,0.06277479405980557,0.08444855922425631,0.2274038392934017
Mabior Chol,Hawthorn,18,0,0.5810103194428393,0.018915944931336526,0.05871504076981182,0.12309322913915821,0.15867873885508743
Mac Andrew,Gold Coast,23,0,0.5749040814325781,0.016293373966737305,0.031014611297905503,0.1381272576018091,0.20560573233524337
Logan McDonald,Sydney,21,0,0.574325371327177,0.020421565902151564,0.023805409181477444,0.09786166901903925,0.30718580574466614
Joel Jeffrey,Gold Coast,22,0,0.560812108967184,0.01808754099755044,0.028725176908665162,0.10543585320374405,0.26376487183370045
Sam Collins,Gold Coast,21,0,0.5562127136645358,0.01687600073520506,0.028166920737021428,0.14548285675118677,0.180746237951098
Sam Flanders,St Kilda,12,0,0.5078825607388353,0.028678183518650258,0.03581104237582622,0.09212227376337978,0.2162048860845971
Ned Long,Collingwood,21,0,0.49774195738791605,0.0145485678757333,0.05061918323553982,0.09098366552643711,0.16391707662842236
Seth Campbell,Richmond,23,0,0.49515369378309515,0.014384564240621647,0.030350712053632378,0.10360729214153253,0.19688697333913296
Sam De Koning,Geelong,19,0,0.4932094760470136,0.015431435843789873,0.05125218656485231,0.09750782188530138,0.1444372725818539
Patrick Retschko,Richmond,18,0,0.4804596725466581,0.016684783024756043,0.026088877224083262,0.12795582365288283,0.14628139356864267
Toby Bedford,Greater Western Sydney,17,0,0.4779986114681378,0.0191166952940608,0.033526581350088236,0.08596162876892777,0.20549560988001758
Massimo DAmbrosio,Hawthorn,23,0,0.4716847960389714,0.013954456351711997,0.03293595307877695,0.08486039379204158,0.2031561492185574
Jeremy Howe,Collingwood,17,0,0.4708881360397754,0.018846575016275038,0.026646397153399448,0.0972035664563009,0.19654181166697526
Cameron Zurhaar,North Melbourne,23,0,0.46117513110039,0.013151677866794078,0.026982019995557494,0.10472250017301121,0.17078407076769508
Willem Drew,Port Adelaide,22,0,0.4503459164116066,0.0144331347348105,0.02831620298093185,0.07618454628391191,0.21302821490098722
Sam Darcy,Western Bulldogs,6,0,0.4444938668507348,0.046849712234916296,0.027101015617972735,0.10919356220529153,0.14480369558623352
Trent Rivers,Melbourne,16,0,0.43572780058093485,0.019025472471412286,0.030981458225141978,0.06935732458805433,0.20406877672940027
Steele Sidebottom,Collingwood,20,0,0.4303486731623707,0.013997287815163873,0.03034893438598374,0.08970504808712576,0.15989177383016795
Lachie Schultz,Collingwood,21,0,0.4294036850687917,0.014503509955007064,0.025937895476999984,0.07295418505964335,0.20568162851850502
Neil Erasmus,Fremantle,23,0,0.40310744789348973,0.010690023204480658,0.03850903939564887,0.08021883539913688,0.12714265890826937
Ethan Read,Gold Coast,15,0,0.4018387072837868,0.018843871910060747,0.014627077591285342,0.08992647345030491,0.17810452760932094
Aaron Cadman,Greater Western Sydney,18,0,0.4002963745610941,0.016032604978666615,0.013171255859106168,0.08536697322688269,0.19004866053001024
Elijah Tsatas,Essendon,6,0,0.3999823399635716,0.046183816858350234,0.021380279632467136,0.08011887954853592,0.17560374196909834
Mattaes Phillipou,St Kilda,21,0,0.3874841486185687,0.011847547431378709,0.031494282678067975,0.0756970872034799,0.141607126177405
Jake Lloyd,Sydney,23,0,0.38451921610248974,0.01171162116193243,0.02488028610969195,0.06539135715865996,0.17909564345609397
Kieren Briggs,Greater Western Sydney,18,0,0.38096546947053866,0.01274865824315283,0.037099677821970545,0.07729026544984663,0.11508590510493377
Patrick Lipinski,Collingwood,19,0,0.3792003758640021,0.012679654072814484,0.02901186403369138,0.08026322041314415,0.13163834293663967
Zeke Uwland,Gold Coast,17,0,0.3718971703515308,0.011695272899166465,0.041188473824604444,0.09070058341649201,0.06693058204473346
Jaspa Fletcher,Brisbane Lions,23,0,0.36993410814829986,0.0112041068657519,0.01793860856196261,0.07636243311208091,0.1633934162382502
Rory Lobb,Western Bulldogs,20,0,0.36965923487423424,0.010644541035117073,0.041262307461693126,0.07424379924850655,0.09738471399214177
Jake Lever,Melbourne,22,0,0.3664815721613195,0.010887287489202374,0.026437387346049945,0.07408647270676738,0.1389964647096349
Harry Morrison,Hawthorn,13,0,0.36192506076076825,0.016731761838505357,0.032292252717525116,0.07982765142514836,0.10539299975789618
Tom Barrass,Hawthorn,19,0,0.360803202301895,0.011185700024354542,0.029753165993724906,0.08876856985170889,0.0940065646173025
Jake Soligo,Adelaide,20,0,0.35520500713028014,0.011274132164544426,0.03652325661096256,0.056675850617466494,0.13228353606245946
Brayden Maynard,Collingwood,17,0,0.3372042231148953,0.012895982162102455,0.02665955219163152,0.06465342197589052,0.12791872258821968
Jamie Elliott,Collingwood,11,0,0.32662792722567247,0.019675191201878824,0.01849270144430193,0.07321542111640156,0.12471898065996356
Sam Lalor,Richmond,12,0,0.3212905590817172,0.018773703415035925,0.021022391370024707,0.053961335361236706,0.1503007142491697
Toby Nankervis,Richmond,12,0,0.31819371460733237,0.01678497171269555,0.028323832106252667,0.06012638984248042,0.11296943860361353
Adam Cerra,Carlton,20,0,0.3104460952372392,0.01111906221699428,0.019137694635901425,0.04978946162555076,0.15345408807843341
Wil Powell,Gold Coast,20,0,0.3072842519350161,0.010067883900001106,0.026326570206038014,0.05327343352291791,0.12175767427106621
Alex Pearce,Fremantle,20,0,0.300492564901333,0.009941502764002052,0.01949529862190502,0.06267191237748193,0.1166628442806541
Nathan ODriscoll,Fremantle,16,0,0.2851023045459442,0.0108461770220174,0.027405797836763668,0.05675187652013847,0.08938115799537627
Alex Davies,Gold Coast,6,0,0.2762050852597895,0.028022247918670473,0.018333465088289813,0.07140466757118702,0.078395354852546
Nic Newman,Carlton,16,0,0.2715321079122077,0.011810841406941108,0.018265467038872885,0.04602771132340422,0.12468028414878063
Conor McKenna,Brisbane Lions,17,0,0.2664954958245289,0.00990349296342388,0.025908016151333868,0.04632008314365521,0.09613128108321689
Leo Lombard,Gold Coast,23,0,0.26527391920853916,0.00774945232718022,0.015961494451858016,0.05511352677967807,0.10716238229360897
Isaac Kako,Essendon,15,0,0.2629257830217284,0.01350253317462678,0.008296596410673374,0.04379459258097995,0.1504468086277484
Sam Swadling,Collingwood,8,0,0.261512195920659,0.019549649065993435,0.025990190984884975,0.053134621422941564,0.07727238012012094
Koltyn Tholstrup,Melbourne,23,0,0.2589494607791494,0.007412442856469209,0.01590085045518208,0.0566615741699934,0.09792376107361633
Matt Roberts,Sydney,19,0,0.2571275125783359,0.009306802605016472,0.014412405921575555,0.05147345123987179,0.11094339233386563
Brayden Cook,Adelaide,22,0,0.25209944459220424,0.007631071852591214,0.021054225827356277,0.04210741218048497,0.10472194274916546
Dyson Sharp,Essendon,15,0,0.2502132605930001,0.011010184042076314,0.023841012726961708,0.03737847450793197,0.10393327339625102
Jack Whitlock,Port Adelaide,23,0,0.24990930416174706,0.0070914605503177245,0.009102526486231,0.06860065853197739,0.08540040763909929
Jack Silvagni,St Kilda,23,0,0.24985003719075394,0.007287834372757219,0.019692475536885468,0.04284489554356696,0.10508281949296361
Zach Reid,Essendon,23,0,0.24418277343693262,0.006596930962606838,0.011807949418198405,0.06883746246057854,0.07108400026118034
Tom Blamires,North Melbourne,17,0,0.2386342495133249,0.009102255188442059,0.01457061703194995,0.05475467724590999,0.08541304392565507
Lachlan Bramble,Western Bulldogs,23,0,0.23324799134343266,0.006906515922725268,0.017183835123887548,0.040030454872976406,0.1016355762258172
Jake Riccardi,Greater Western Sydney,9,0,0.23192725741773756,0.01584155826175346,0.026480232897483802,0.03639276726698881,0.07970102419130853
Nick Haynes,Carlton,18,0,0.23012370061951515,0.008137885770439526,0.018254326283567934,0.04713310418446781,0.08109451339987572
Tom Lynch,Richmond,15,0,0.22855138651539164,0.009095611724963723,0.026143418539504637,0.039830373561926535,0.07046038377302466
Sullivan Robey,Essendon,15,0,0.22662530685556703,0.010731667328157831,0.011754475262932829,0.04214134640733391,0.10707918825210072
Harry Himmelberg,Greater Western Sydney,23,0,0.22030114137123746,0.005928164339781253,0.021429174483273528,0.04109501258972159,0.0738235927419737
James Borlase,Adelaide,17,0,0.2200684057916078,0.008240880110700828,0.006093435969887651,0.06778657196991844,0.06621495394210797
Sam Taylor,Greater Western Sydney,12,0,0.21138067512583802,0.010213765929393048,0.021098114588312455,0.046619254796496534,0.05484782176790759
Changkuoth Jiath,Melbourne,15,0,0.21132668896552786,0.011464184350006689,0.006810691221289744,0.02574254127284803,0.13940953275596257
Mason Wood,St Kilda,20,0,0.2039240631438588,0.006688672334712464,0.017299435961831477,0.03555174452594656,0.08092226620647125
Harry Perryman,Collingwood,16,0,0.202058286929514,0.00789674494288306,0.018680565923659742,0.038349235996065545,0.06931811716640368
Arthur Jones,Western Bulldogs,18,0,0.1991324342752705,0.007359356652715279,0.014272956471359066,0.038118101583677344,0.08007736169383861
Hugh Boxshall,St Kilda,10,0,0.1986749932020757,0.012679881477197341,0.016289648725432926,0.03929688097923645,0.07121228506730404
Hayden McLean,Sydney,10,0,0.1954650166180727,0.0133278855179924,0.012611234106771008,0.036963693224606686,0.0837039278485463
Jye Caldwell,Essendon,17,0,0.19444353195558506,0.008482083092958954,0.008324035351506609,0.03360004867226962,0.10227132855652599
Isaac Quaynor,Collingwood,20,0,0.19431322743503188,0.006870645218009485,0.009618594382573065,0.037663134309696034,0.09013117566792062
Sam Switkowski,Fremantle,22,0,0.18991681149509532,0.0060389684793914385,0.010749588268481602,0.03556032841152046,0.08654738986660959
Mitchell Edwards,Geelong,18,0,0.18578314041315025,0.006837763044081334,0.013684374926924647,0.03533465576583694,0.07406070410070242
Braeden Campbell,Sydney,6,0,0.18367225407564547,0.01994296310052353,0.017587455760804005,0.028839563950896263,0.07323075889144093
James Jordon,Sydney,22,0,0.18183337532809674,0.005415661593236688,0.01059711929065088,0.04149458169558784,0.06705285406496841
Jobe Shanahan,West Coast,23,0,0.179427876204727,0.005287655099110729,0.0075387447702723875,0.042734319384635455,0.07134300312463893
Jacob Hopper,Richmond,12,0,0.17824451003980357,0.010332794022057593,0.011638908224995248,0.030973165325121954,0.08138145471457392
Jayden Laverde,Greater Western Sydney,19,0,0.1777290780300973,0.0062981598345064225,0.013164968235287233,0.03173410470390081,0.07476596391643398
Joe Fonti,Greater Western Sydney,22,0,0.17694145287305219,0.0052675816940253835,0.013602602514311002,0.03384945057587174,0.0684347441783757
Heath Chapman,Fremantle,22,0,0.17618411875446327,0.005359662194843457,0.010323889866413083,0.03762377073508105,0.06996490768506192
Isaiah Dudley,Fremantle,23,0,0.17445639883771946,0.005419251300143356,0.007576254874948063,0.03466110918452614,0.082405415843823
Jack Graham,West Coast,13,0,0.17401927704486297,0.008369823386601638,0.01597137383214431,0.03326882535475306,0.059567504838923924
Rhylee West,Western Bulldogs,22,0,0.1723876914993525,0.0050972175806484965,0.010172054239774297,0.039904796245537,0.06206193628895562
Brennan Cox,Fremantle,18,0,0.1706933476850736,0.006292919162673469,0.010925706278840153,0.035569390199270856,0.06677744845001143
Jake Melksham,Melbourne,6,0,0.16932819525209197,0.022081660712198452,0.004868959536906914,0.027100311905087437,0.10052069283119636
Finn Maginness,Hawthorn,6,0,0.16663462759015601,0.018889227481925747,0.005968686390133371,0.04136188991833478,0.06600478858308634
Ned Reeves,Hawthorn,15,0,0.16655773218553804,0.007767308433661431,0.012102450096790562,0.025843205487035448,0.07856397092109546
Billy Wilson,Carlton,15,0,0.1616620013537613,0.007830124092167049,0.01095206826539652,0.02230600344046252,0.0841937896766467
James ODonnell,Western Bulldogs,19,0,0.16154149246222005,0.006050325410677415,0.009542769790186867,0.027499770078975416,0.07791364293370862
Peter Ladhams,Sydney,2,0,0.1610589221686496,0.045130418297276265,0.019277772211808042,0.032242541150480974,0.03874052323226351
Jhye Clark,Geelong,9,0,0.15783073394777603,0.009341701969484953,0.027028826076275436,0.01969776406986057,0.03734872757922858
Connor Budarick,Western Bulldogs,14,0,0.15566465919823713,0.007749430086911551,0.008348843720114019,0.03047495054124738,0.06966822695540031
Buku Khamis,Western Bulldogs,23,0,0.15404375852131125,0.004242125081102289,0.008024732563626458,0.04042541652870568,0.04911872777302051
Josh Weddle,Hawthorn,20,0,0.1495630867498221,0.004931404114654469,0.012458432133371389,0.026018140189989936,0.06015150996972807
Lachlan Cowan,Carlton,22,0,0.14842317916918546,0.004656437058284527,0.010548667409238988,0.024884229068447894,0.06700871880457271
Darcy Fort,Brisbane Lions,22,0,0.14826131427662403,0.004543147142509373,0.010224135433873016,0.0278638062736718,0.06186129542766139
Jesse Dattoli,Sydney,3,0,0.1437945108045824,0.028625285970823217,0.015569812036119401,0.02677902881987393,0.043527017056476325
Roan Steele,Collingwood,18,0,0.14344771182959448,0.005641170614353541,0.010122516152023309,0.021661608467184124,0.06975694643915631
Lachie Jaques,Western Bulldogs,10,0,0.14167122992921577,0.009842280905604638,0.00753729463167474,0.0281738316098199,0.06271168281455175
Bruce Reville,Brisbane Lions,18,0,0.13983997363447997,0.004822379447028248,0.009055216577507963,0.03492671043295559,0.04282090303604491
Corey Wagner,Fremantle,13,0,0.13851907882781234,0.007086777064474658,0.009237151127308607,0.02791667473502457,0.05497427597583737
Harry Sharp,Melbourne,23,0,0.13632647137001186,0.00412692508400695,0.009043967012075882,0.02331926041370025,0.06255604950638372
Billy Frampton,Collingwood,23,0,0.1351831499405307,0.0036366885426658605,0.0086836273994777,0.03417205866026052,0.040788150421576574
Deven Robertson,West Coast,4,0,0.13491056642851618,0.020242783358753513,0.01224801908210793,0.029443394829286262,0.03927971952361986
Ryan Angwin,Greater Western Sydney,20,0,0.12970532404870028,0.004529651687880687,0.005925577177549712,0.027261135935987113,0.057406320644076914
Michael Sellwood,Western Bulldogs,23,0,0.12497281073524391,0.0035431056106992164,0.009531933289281369,0.024417515110599197,0.04754198064620141
Miles Bergman,Port Adelaide,16,0,0.12459530195974367,0.005470131938693612,0.006941859971448139,0.023189470997749595,0.05739078004990006
Zach Guthrie,Geelong,23,0,0.12427287647915364,0.00392741448305732,0.006998447524892981,0.01994544831904932,0.06338663726637606
Mason Redman,Essendon,16,0,0.12276193666275503,0.00563146876220344,0.0068087798290434876,0.01904087680941302,0.06425384355679853
Jack Lukosius,Port Adelaide,8,0,0.12251937875680596,0.011008659631556839,0.00510190130535193,0.024246299093647394,0.058721076653455384
Josaia Delana,Greater Western Sydney,9,0,0.12140263333935764,0.01019569984560399,0.007423274880466124,0.014794784967989472,0.06954323876198032
Liam Baker,West Coast,20,0,0.11731465603224933,0.0038831512019442014,0.007366055144302663,0.024919521704759973,0.045377447189821396
Billy Dowling,Adelaide,3,0,0.11382905433129054,0.027548802992290195,0.005743890083977021,0.019694865186465904,0.057207653706427664
Tom Powell,North Melbourne,8,0,0.11315954366409642,0.008125206250213068,0.01453193238694439,0.01909402888850309,0.03137568872625707
Tom Brown,Richmond,18,0,0.11312605863668068,0.004609238617174722,0.004965902327512595,0.0202279588725105,0.0577724339091219
Andrew McGrath,Essendon,20,0,0.11302351280528455,0.004091519811004219,0.005334904441497201,0.020523307702205784,0.05597218407638138
Mark OConnor,Geelong,20,0,0.11264555248817487,0.0038024393140403843,0.006655189192315447,0.023286387822736287,0.046107209265755955
Nick Vlastuin,Richmond,22,0,0.10973523124266649,0.003765524612142392,0.004199766437523067,0.018494156900487724,0.06014761812912184
Jack Martin,Geelong,18,0,0.10946889636079504,0.0040666593198845176,0.008120977564885834,0.020027073473102064,0.04505181671993341
Sam Cumming,Richmond,14,0,0.10911951368143491,0.004959871280984122,0.0081313633472746,0.023418589053108008,0.03788824553339509
Xavier Duursma,Essendon,18,0,0.10879454564201296,0.004590298982849263,0.004678779789173859,0.016811604372378497,0.06113499752973439
Elijah Hollands,Carlton,6,0,0.10748720176388815,0.01363696724691484,0.002649247669523902,0.020366902943351306,0.058805652868613834
Billy Cootee,Sydney,9,0,0.10634612884587114,0.008180616829021246,0.007413614578581473,0.01789334822751698,0.048318588655092753
Keidean Coleman,Brisbane Lions,13,0,0.1045246639096149,0.005593315766698372,0.006209392493474297,0.019392773955587472,0.047110938518017065
Liam Duggan,West Coast,22,0,0.10237187731718222,0.0032129424385568036,0.006128046234607609,0.01943105119971733,0.045125636213924736
Dan Butler,St Kilda,10,0,0.10152918014046008,0.007499567492868664,0.005867943044904678,0.01479761912196409,0.05433011276181787
Nick Madden,Greater Western Sydney,9,0,0.1015072071686518,0.006815910919714143,0.013149628782230138,0.013864751326764235,0.03432881816843292
Christian Salem,Melbourne,9,0,0.09928818662820049,0.007856560657122221,0.007045719521102001,0.014487701671896502,0.049175624721101485
Logan Evans,Port Adelaide,19,0,0.09916685187090479,0.0035970912223619003,0.006049449961210485,0.018723218723607715,0.04357206454005791
Jack Henry,Geelong,19,0,0.09751654356114159,0.0035943898246841854,0.0073264122584077995,0.014570312375326466,0.04639668203526526
Jordon Butts,Adelaide,9,0,0.09729233055259101,0.006996005658947979,0.009420544589374913,0.015487190443309373,0.038056315897847526
Kyle Langford,Essendon,19,0,0.09424089647291112,0.0036092109495305187,0.004705660463514505,0.016254567504802253,0.0476147800727631
Brody Mihocek,Melbourne,10,0,0.09384037396603162,0.006071539527283676,0.006972838756610145,0.019179301179974573,0.03456325533625204
Jack Carroll,St Kilda,12,0,0.09240021957612043,0.00537308415997965,0.005282620269099425,0.017357969118165784,0.04183642053249059
Toby Murray,Adelaide,13,0,0.09091034353127725,0.004431396073711697,0.005261050501985665,0.02278009356905386,0.029567004887212534
Harry Rowston,Greater Western Sydney,12,0,0.09036733529501362,0.004641613633793895,0.009984067604818847,0.014699836479849182,0.031015459520858712
Cooper Lord,Carlton,9,0,0.09021455282709212,0.007589444160354712,0.0050668660951487254,0.011775823193602264,0.051462308154441416
Christian Moraes,Port Adelaide,12,0,0.08913222500041229,0.005264380158109816,0.004760075200920255,0.01643951270125399,0.04197297399514355
Hugo Hall-Kahan,Adelaide,11,0,0.08798905846197158,0.005306262202793732,0.007025738916127011,0.015568696398986503,0.03577444891561754
Joe Berry,Port Adelaide,23,0,0.08738432524523887,0.002668238261420534,0.0048914467402028095,0.016231951752160967,0.04024608152030851
Dion Prestia,Richmond,17,0,0.08700049599156046,0.004065716828282508,0.0026889230275628506,0.012505463855632115,0.053922799197607674
Judd McVee,Fremantle,21,0,0.08685741946646885,0.0028049931725469095,0.0061924866549816215,0.01556758953302051,0.03714478043548297
Wade Derksen,Carlton,14,0,0.08668061838943686,0.004200549079411887,0.005761258677011938,0.016350413923646556,0.03669601451110793
Ty Gallop,Brisbane Lions,18,0,0.0861778137436886,0.0033073343841907546,0.0060248452959967835,0.014596104236261453,0.038911069383175345
Xavier OHalloran,Greater Western Sydney,14,0,0.08577201831712955,0.003889687012848039,0.007477748026303743,0.01636090408464952,0.030616966068919282
Jacob Weitering,Carlton,12,0,0.08506015444618242,0.004689142962736999,0.004811971111848834,0.019166496669640765,0.03229124777135439
Jack Watkins,Port Adelaide,11,0,0.08422817279097217,0.004868755793722812,0.0071251319259317825,0.01642159520815767,0.03000958659686148
Eric Hipwood,Brisbane Lions,10,0,0.08339373257331317,0.005706707192439353,0.006074932876799721,0.0141767948953202,0.03681534415227361
Tylar Young,West Coast,23,0,0.08243715924936623,0.0026382770481137886,0.004728627814529318,0.012299531513690454,0.04365221277839737
Blake Howes,Melbourne,20,0,0.0820877223673051,0.002752407921093436,0.005104439005208405,0.016830685935019574,0.03311303348164074
Darcy Gardiner,Brisbane Lions,12,0,0.08192678710838663,0.004395240007094496,0.005732991496188333,0.01771792403087602,0.029291964558069594
Tyler Sonsie,Richmond,15,0,0.0813851607331344,0.003754609318123888,0.004268347019660723,0.016529326921954635,0.03552146583024296
Sam Wicks,Sydney,18,0,0.08106563769888453,0.003169380323571305,0.005467163108733075,0.01308246565713489,0.038499217058415525
Oscar Allen,Brisbane Lions,11,0,0.07929013489547287,0.005033750872040731,0.0033498561829219398,0.017219162937180954,0.03480224047234515
Hugo Ralphsmith,Richmond,13,0,0.07926379602258748,0.0038606188412324207,0.00511615104142038,0.018843449003725254,0.026228444890875835
Mitch McGovern,Carlton,23,0,0.07833403969743813,0.002275549733183099,0.006025381755534909,0.013945632323157042,0.03236662978451932
Caiden Cleary,Sydney,9,0,0.0734332813731271,0.005486601431433276,0.005522537038359587,0.01300879441350844,0.03084808143103146
Jack Bowes,Geelong,9,0,0.07224283632331208,0.005471499692450582,0.0043747301560870255,0.014249878779082792,0.030618888296885416
Cooper Hynes,Western Bulldogs,21,0,0.07128480941582893,0.0024800832718591707,0.0044566336359821435,0.010289793434822059,0.03733532163823838
Luke Nankervis,Adelaide,16,0,0.07064454598548764,0.0029294928267518117,0.005400481421020231,0.01297169791541819,0.028499705891590565
Bailey Laurie,Melbourne,16,0,0.07055556097066074,0.0029683657496946125,0.005132580010922538,0.012796548953701858,0.029564723030489404
Lachie Weller,Gold Coast,11,0,0.07017744947461324,0.004028441660176957,0.005637490033223003,0.014589611146220705,0.024085757082502823
Max Gruzewski,Greater Western Sydney,15,0,0.06977693050976086,0.0031496048707291874,0.005534208512472105,0.011464440423878841,0.03024542412458686
Lincoln McCarthy,Brisbane Lions,8,0,0.06927631831240433,0.005176711477588469,0.005920456917010597,0.01602171265767538,0.019471522246021777
Jed Walter,Gold Coast,18,0,0.0673548110576121,0.0028058221573448667,0.002150965795863158,0.012548080633678182,0.03580575240266626
Jack Scrimshaw,Hawthorn,6,0,0.06678596353594912,0.007168534219090361,0.004080392107425723,0.015613974006555509,0.023316839200560935
Oliver Hollands,Carlton,12,0,0.06207527222272802,0.003687145346911317,0.00343839600532192,0.01095273604914837,0.029854612108465517
Joel Hamling,Sydney,9,0,0.06184430363396132,0.004813620580913873,0.003604625968137043,0.011312466469462379,0.02840549279062543
Oliver Wiltshire,Geelong,14,0,0.06156651823221182,0.003146772765960902,0.0030996227887953864,0.01131245393116842,0.02964274200348882
Ben Miller,Richmond,21,0,0.06104322600594969,0.0020186802330716177,0.00274821099037581,0.013154519130694098,0.026489554773434065
Jacob Farrow,Essendon,21,0,0.05917167131610768,0.001895002999671782,0.004272640141607553,0.010831328039785149,0.02469109481171472
Reilly OBrien,Adelaide,2,0,0.055692875926069974,0.01650967066825615,0.007103865146746102,0.008465804296065471,0.017449671893700724
Will Edwards,Sydney,14,0,0.055386515847203555,0.0026678637534912142,0.0023265832678589504,0.013383256762608653,0.021640252518409397
Liam Henry,St Kilda,8,0,0.0545083468955454,0.004706941473898496,0.002560462902238214,0.011731889299881004,0.02336317958906875
Isaac Cumming,Adelaide,16,0,0.05439858453019042,0.002251412947686049,0.004402014147217415,0.009571949072778807,0.02204864394298056
Josh Lai,Port Adelaide,19,0,0.05380270606565318,0.0019545063408402618,0.0035546245862860815,0.00955783641711605,0.02402315947256284
Will Lewis,Western Bulldogs,12,0,0.051514440668825046,0.0030003396609004085,0.002338322864716247,0.01083371900858765,0.022832034057501005
Zac Williams,Carlton,9,0,0.05019136699047522,0.004070640525848527,0.0023332804084930103,0.008889041440852452,0.025413442883291282
Luke McDonald,North Melbourne,18,0,0.05016697029986972,0.0018850774759913394,0.0034473400037313695,0.00934089572456287,0.02114315883954987
Jaxon Prior,Essendon,22,0,0.049319010944827824,0.001586071446199226,0.002459302441593536,0.009506834245257778,0.02292743512953166
Zane Duursma,North Melbourne,15,0,0.049279821422942405,0.0021655980358900708,0.0027621286451449123,0.011271593594301521,0.018450248298904626
Zac Taylor,Adelaide,21,0,0.0485434421248101,0.0015918714241143746,0.002909885869939899,0.009294370478528435,0.02122504355793353
Lewis Young,Carlton,12,0,0.04830403993582877,0.0023842871372229033,0.005457096134705353,0.008778402019743226,0.01437594749222626
Ben McKay,Essendon,15,0,0.04760923614162493,0.002161889695844366,0.002787084515830429,0.00960672167229859,0.020034539249536465
Nick Murray,Adelaide,11,0,0.04577955038166692,0.002990729413051502,0.0030963893559601274,0.006688748126180144,0.023112886061426252
Will Brodie,Port Adelaide,2,0,0.045736156025668606,0.014827081569819711,0.004052780946949497,0.00797643099213019,0.017624951200559735
Corey Durdin,Port Adelaide,23,0,0.04495033560488082,0.001278536733677712,0.002965663194117951,0.009612664342057542,0.016828017338411883
Charlie Spargo,North Melbourne,19,0,0.04420500832475227,0.0014844033278342593,0.0030281046992968186,0.009945135697307705,0.015230422832246404
Callum Coleman-Jones,North Melbourne,5,0,0.043985612493997905,0.006676296021032613,0.003633606385847088,0.0033369196171406657,0.02641095410217531
Angus Anderson,Collingwood,16,0,0.0430351466193315,0.0018393487962953259,0.0033047683218683233,0.0069960292348696385,0.019128783183987252
Liam Stocker,St Kilda,18,0,0.04116537584150137,0.0016333773319527406,0.0032249350356323703,0.0053147137950873,0.02086114314442966
Toby Pink,North Melbourne,5,0,0.04097469504085893,0.005733997180141159,0.00240997438049817,0.007484760379156796,0.01877525114105083
Noah Mraz,Hawthorn,4,0,0.03907113472814672,0.00640593111893395,0.0026623554585967213,0.008122699335217476,0.014838669681921601
Connor Rozee,Port Adelaide,2,0,0.03903477238782216,0.014782841310079675,0.0030245275556808338,0.003420034656301141,0.023121120408177376
Ryan Byrnes,St Kilda,15,0,0.03791506174547976,0.0017204713216415258,0.0026041649352919194,0.006899662050273037,0.01630324283905793
Lachie Jones,Port Adelaide,20,0,0.03721981395779039,0.0011843444767123401,0.002533301569883406,0.008466321283776779,0.012687266680586617
Sam Clohesy,Gold Coast,12,0,0.03657201343048655,0.0020816070183779325,0.002610165602163761,0.006372398005623836,0.015996720612747595
Oskar Baker,Western Bulldogs,9,0,0.03618093644854525,0.002640337411119415,0.0024953190177257056,0.0074272617130191065,0.013840455969329923
Archie May,Essendon,10,0,0.035617971498368206,0.002531677581623626,0.0011051689114083274,0.008090857859315292,0.01612074904551264
Brad Close,Geelong,16,0,0.03471312083911471,0.0015083662185588764,0.002311892661055026,0.005955476020062633,0.015866490815824363
Max Michalanney,Adelaide,23,0,0.034518793046117935,0.0009752104257606096,0.002843820250745921,0.006401312752132071,0.01318470678961603
Mason Cox,Fremantle,16,0,0.03423752523667645,0.0013482613971973478,0.003204499756975565,0.0062563433675677516,0.012111339230614249
Harry Dean,Carlton,20,0,0.03368530612851828,0.0010929647028433465,0.0027703091514013067,0.006285393768848735,0.012803591136616888
Cooper Harvey,North Melbourne,7,0,0.03355817120427673,0.0034444033182288486,0.0018753208805719623,0.005696706215530867,0.01653879613149911
Jacob Konstanty,North Melbourne,10,0,0.03313118815776761,0.002130714627037378,0.0024676100942997437,0.006888821698794345,0.01195071447727969
Josh Lindsay,West Coast,15,0,0.03307656441893414,0.0015287597628836616,0.0026179971505371213,0.004909173674604972,0.015404225618112832
Matthew Cottrell,Carlton,12,0,0.0328730916035056,0.001784667846626083,0.002174906739128346,0.0071072639657359105,0.01213384345464874
Sam Davidson,Western Bulldogs,16,0,0.03151959147407979,0.001278219572185435,0.0023330306225943787,0.006402017073924071,0.01171646545844851
Dane Rampe,Sydney,15,0,0.03143722422055362,0.001364619440361518,0.002203439266395435,0.006561054082339979,0.011704798256687354
Jordan Ridley,Essendon,7,0,0.031264294836319095,0.0030942973572629334,0.0017529002936953475,0.006098412748087867,0.013808768459057319
Anthony Caminiti,St Kilda,18,0,0.030358783157225844,0.0011448324410139321,0.0017770524532352283,0.006197694312504609,0.01263223717251094
Jaeger OMeara,Fremantle,6,0,0.02964267546485644,0.003435351884642538,0.0019460087059997022,0.005138546745001804,0.013527555856853724
Jay Polkinghorne,Geelong,6,0,0.029108383423590567,0.0034117340146622155,0.0013268855473143049,0.005984208240988664,0.013159310299670324
Will Graham,Gold Coast,12,0,0.028909184806025223,0.0017439598718548648,0.001687914038711824,0.0046058382663431985,0.014633766157203354
Beau Addinsall,Gold Coast,9,0,0.02890336923974246,0.0021788425608772538,0.0016397657227571472,0.006014254746332881,0.011955562578805257
Oscar Steene,Collingwood,8,0,0.028865091092029616,0.0023415684724454877,0.001976908065898897,0.00617872718066792,0.010576912532997085
Steely Green,Richmond,20,0,0.028822318545962844,0.0009672626360384129,0.0017896652491344867,0.005897735326925613,0.011657852144708158
Sam Banks,Richmond,18,0,0.02780426606614128,0.0011179799796536827,0.0013393112390076567,0.0050020039543596795,0.013782324440398952
Rhys Stanley,Geelong,1,0,0.027610742021352053,0.016782774589955807,0.0029907491989433765,0.004846469033509493,0.008945556357502937
Hamish Davis,West Coast,21,0,0.0262749564801652,0.0008827378478274893,0.0019390888198813627,0.003859284036025201,0.01273912194847071
Matt Flynn,West Coast,4,0,0.02549299260681437,0.0036227970135769283,0.0027303326587571064,0.005541139234992443,0.006219716160558164
James Trezise,Richmond,14,0,0.02539416376544068,0.0013119156265832186,0.001422363110805236,0.0041826187716651475,0.012761836889694678
Mykelti Lefau,Richmond,21,0,0.02512536145991362,0.0008779690919839465,0.001007122685905415,0.004673765156439913,0.012756463089317549
Jedd Busslinger,Western Bulldogs,8,0,0.024971490051029832,0.0019911460901766986,0.0023400616028084187,0.004362198123999406,0.009226908994605765
Noah Answerth,Brisbane Lions,15,0,0.024951821544618724,0.0010495504035437384,0.002473562329669221,0.004261440832124208,0.009008252891362645
Paddy Cross,Melbourne,11,0,0.0244009405239467,0.0015099240582582172,0.0011217923477033764,0.005548191187699558,0.009939181105437456
Jesse Hogan,Greater Western Sydney,9,0,0.02411078915724829,0.0018048494823688088,0.001889491225256279,0.004088161365416454,0.010265992750646546
Callum Ah Chee,Adelaide,7,0,0.02384950067880709,0.002458012251086724,0.001336206786618277,0.003971001347963465,0.011898877623025328
Jordan Croft,Western Bulldogs,17,0,0.023499954068711304,0.0009333614375865342,0.001650873868356939,0.0043310618930263445,0.009885208677587798
Cody Weightman,Western Bulldogs,9,0,0.023265296207227948,0.0016861878396209956,0.002255237932786258,0.0035791297850664705,0.009341322838736232
Tom Cole,West Coast,17,0,0.023147150225668156,0.0009644708541279268,0.0011072434108427842,0.0045366588838078314,0.01075210222552414
Brady Hough,West Coast,23,0,0.022799587503641305,0.0007332061786754545,0.0012168263549483527,0.003502192684209149,0.01214472307037795
Jasper Alger,Richmond,8,0,0.02272486651690997,0.0021564067748158777,0.00035035131713812007,0.004772909684106708,0.012127993197282194
Taj Hotton,Richmond,10,0,0.022655357130361153,0.00160904325782667,0.0011550509195785708,0.004254822712937312,0.010680558945750818
Jackson Mead,Port Adelaide,10,0,0.022536643769626608,0.0014895938132440279,0.002382660685952942,0.002875384265280445,0.009637893181206891
Jack Williams,West Coast,12,0,0.022291726435696546,0.0013386295609241945,0.0008498178710851789,0.0045285359624358534,0.010685200897569302
Jai Culley,Melbourne,7,0,0.022094271816058608,0.002075244773810222,0.0020551972365865367,0.0034571639262139797,0.009014352253871039
Dougal Howard,St Kilda,7,0,0.02170451494748704,0.001988167723149153,0.002522943474104977,0.0027414539372330182,0.008652776650706073
Jacob Wehr,Port Adelaide,17,0,0.021499262222732796,0.0008190626798590101,0.0019342914215485507,0.003706613822032523,0.008283160314022098
Griffin Logue,North Melbourne,16,0,0.021394325234268763,0.0008844565339245491,0.0014270430924625543,0.004388934506550868,0.008335326943779364
Aidan Corr,North Melbourne,16,0,0.021262035148538416,0.0009141384965687394,0.0012556135407066904,0.004124592122025206,0.009246010282367934
Sam Butler,Hawthorn,8,0,0.021134458426786296,0.001495080258678172,0.0031347811282103066,0.0029042541009403067,0.005921606840274762
Sean Darcy,Fremantle,7,0,0.02106969706255768,0.0021918123870169177,0.001100354462323594,0.003526301428792067,0.010716030818002764
Ewan Mackinlay,Port Adelaide,14,0,0.021019735842401133,0.0010396310888154403,0.0013001209977119288,0.003864658603561111,0.009390055642143125
Bo Allan,West Coast,19,0,0.02062175694754842,0.0007504845267057566,0.001556516287564591,0.0032495183650098625,0.009453171354834922
Tom McDonald,Melbourne,10,0,0.020436634757061256,0.0014048881213966525,0.0012980067949683871,0.0037917399531579576,0.00895913446584018
Calsher Dear,Hawthorn,5,0,0.019819251715034625,0.0024120850513099867,0.0022765535645703494,0.0032057193293439923,0.006578152362635592
Lewis Melican,Sydney,10,0,0.019516641934387735,0.0013447189103317214,0.0011529663734108908,0.0037635200842487393,0.008530702645657584
Lachlan Blakiston,Essendon,17,0,0.019311731859829706,0.000742109510216484,0.0019432499021831973,0.002809370381783083,0.007863241389713949
Jonty Faull,Richmond,10,0,0.019116090199531754,0.001140919303361443,0.000997013474261621,0.005712870217394084,0.004699309341958724
Jack Buckley,Greater Western Sydney,9,0,0.01886349698088452,0.0012914902683607782,0.0022890513619131525,0.0026619818418112118,0.006672379211522639
Nathan Broad,Richmond,21,0,0.018614358293234545,0.000563735265998167,0.0013302187480803696,0.004115480211112299,0.006392741626768839
Lachlan Gulbin,Gold Coast,11,0,0.01856051293884775,0.001234604733926145,0.0010346975498123356,0.002910465766035486,0.009635488757339772
Rhyan Mansell,Richmond,6,0,0.018290304932179424,0.002256517713476569,0.0004636276294149866,0.003823943392490037,0.009251535258954391
Nick Holman,Gold Coast,7,0,0.018140407581540785,0.0015855988305832267,0.001299729013680917,0.004441757740096364,0.005357705060305307
Conor Stone,Greater Western Sydney,10,0,0.01812784563708192,0.0011732061080238054,0.0015515246755057888,0.0032927352058322867,0.006887801198899979
Nick Coffield,Western Bulldogs,13,0,0.018014625055911893,0.000971108042344545,0.0014713942628077348,0.0024474319798173383,0.008705578307854012
Jack Ison,Carlton,8,0,0.017833753885497572,0.0013745162723353133,0.0021488157035491895,0.002539992299716687,0.00630732217541663
Harry Cunningham,Sydney,13,0,0.017736270176328617,0.0008360801138958498,0.0017857065420230356,0.003295815611636499,0.005787519326986512
James Tunstill,Brisbane Lions,11,0,0.017513218741896708,0.0010731594957591865,0.0015327227351917827,0.0026430188181620906,0.0076290128999971785
Lachlan McNeil,Western Bulldogs,10,0,0.017367004713378265,0.001187216855942097,0.0011444651481724577,0.003205905857612379,0.007521797553636134
Jack Ough,Greater Western Sydney,5,0,0.016777177211224625,0.002410288114879222,0.0009985268361560884,0.002728682964516338,0.008324230773723684
Max Heath,Melbourne,7,0,0.01654736037380644,0.0016892488851486373,0.0009672910709923599,0.0027880360357812606,0.00806941508926684
Oscar Ryan,Adelaide,2,0,0.016478980134706944,0.005878224183106795,0.0011857224744744599,0.0023510868195444345,0.008219639072194695
Todd Marshall,Port Adelaide,15,0,0.0161933972656243,0.0007597471903409315,0.001141943376069321,0.0025133026583716855,0.007740961820672965
Josh Dolan,Western Bulldogs,11,0,0.01600240442849099,0.0010140644149032596,0.001024169724132662,0.002799356416289811,0.007331182423513383
Harvey Harrison,Collingwood,11,0,0.015987290377324825,0.001013584959805898,0.0013924055197094276,0.002053044780041091,0.00770398425811436
Dante Visentini,Port Adelaide,15,0,0.015897647856945696,0.0007010573665562939,0.0011757097317968146,0.0030303678950076574,0.006309782871539937
Latrelle Pickett,Melbourne,16,0,0.015844971924252604,0.000659155662987132,0.0011532402181728685,0.002992000880112755,0.006401249509508489
Archie Perkins,Essendon,16,0,0.015632787153208483,0.0007241569290101779,0.0009371411802021612,0.0021719939286413137,0.008477375755319372
Archer Day-Wicks,Essendon,21,0,0.015425353581349555,0.000515369774164009,0.001006494737112007,0.0025895988496813516,0.0072266716706508305
Charlie Edwards,Adelaide,2,0,0.01542199801406241,0.004163586565482547,0.0027414590331318323,0.0016119068168336526,0.003973807280999608
Oliver Francou,West Coast,4,0,0.015367066077487834,0.003040880802245738,0.00043047703275078675,0.0023425888030033093,0.009390457373228855
Ryan Maric,West Coast,12,0,0.015053873154101893,0.0008984880534323262,0.0009424256822967436,0.0023871651483204914,0.00745226581057068
Will Lorenz,Port Adelaide,3,0,0.01489977400706266,0.0037883850124368714,0.00039635794928472023,0.0027419030711826053,0.00822689401684329
Rhett Bazzo,West Coast,14,0,0.01440606010328338,0.0007009953048639415,0.0005694914198102197,0.0034531429955677595,0.005791299852717202
Xavier Lindsay,Melbourne,6,0,0.014365395463755704,0.0014473707236296225,0.0013479703902703477,0.0029852303414372727,0.004351023610070115
Sam Grlj,Richmond,21,0,0.014280749679983273,0.0004869922640214749,0.0005702746489077981,0.0029133628377167042,0.006743200057826471
Jake Kolodjashnij,Geelong,11,0,0.014149549880130508,0.0008312758202671168,0.0009791521397346514,0.003047211577722919,0.005117670305480715
Bailey Macdonald,Hawthorn,12,0,0.013711099682041095,0.0007650183589854956,0.0008488136354571907,0.002833252103300765,0.005498154569067992
Jamarra Ugle-Hagan,Gold Coast,3,0,0.013505834866464284,0.002839994350476142,0.0004873763496107131,0.004011099115814432,0.004021507586003281
Zac Banch,North Melbourne,8,0,0.013468149549453301,0.0011128644123061804,0.0011084461464179185,0.002348341958168021,0.005446127193863504
Max Beattie,Hawthorn,2,0,0.013367802079301327,0.00409456437046174,0.0013092919252812862,0.002560089487815276,0.004319747327826917
Cooper Duff-Tytler,West Coast,16,0,0.013018503987495933,0.0005421409910013608,0.0006685658559035801,0.0030071164196669997,0.004998573580451193
Vigo Visentini,Essendon,3,0,0.012646155324546271,0.0029824190781558477,0.0006738252832292346,0.002351247523620259,0.005922184427618049
Campbell Lake,St Kilda,10,0,0.01258994587306006,0.0009017602742005693,0.0006624117645515071,0.0022475196019513533,0.006107671375502832
Oscar Adams,Gold Coast,13,0,0.011751228310686201,0.000605515466741753,0.0007442590574555652,0.002391009128132282,0.004736432882054942
Luke Pedlar,Adelaide,10,0,0.011699445280100917,0.0008092763700915384,0.0007533574571425561,0.002099966664900421,0.005239439578872407
Jake Rogers,Gold Coast,9,0,0.011081392033247539,0.0008356630535470484,0.0007651513947166677,0.0020301217618907685,0.004725694325315999
George Stevens,Geelong,2,0,0.01095486457052175,0.0036685182712972164,0.0008529393962817267,0.0019119492353638634,0.004572147910948843
Jamie Cripps,West Coast,5,0,0.010471504194583758,0.0014828309020685992,0.0005288379522880859,0.0019996737796645903,0.00488564277839032
Liam OConnell,St Kilda,13,0,0.010422479719409239,0.0005374374578388177,0.000546472924952468,0.0023428469175996725,0.00409736710935249
Liam Reidy,Carlton,4,0,0.010124932214694127,0.0018297578552619598,0.0005195703611207136,0.0017667600714048604,0.005032700988522265
Luke Trainor,Richmond,11,0,0.009954555083822925,0.0006868046845159948,0.00045798448445566464,0.001483734585235652,0.005613132459984627
Chris Scerri,Fremantle,9,0,0.009486934533924796,0.0007111644342027527,0.0006182581164466683,0.0018499383932066849,0.003932283398171421
Mitch Zadow,Port Adelaide,9,0,0.0094392730279651,0.0007508744667272064,0.0005052990609328845,0.001670804705554474,0.004581766434057499
Harry Kyle,Sydney,10,0,0.0091266696645107,0.0006046480711120239,0.0006832601875430555,0.0017136685783043504,0.003649551945272833
Luke Kennedy,Western Bulldogs,6,0,0.008970079115442786,0.0009947905495361435,0.00042062107286255923,0.002160093672500807,0.0033880285518534947
Charlie Ballard,Gold Coast,11,0,0.008906520440632448,0.0005418756974325912,0.0006948356462999072,0.0015562164762741304,0.0037095805491844658
Brandon Starcevich,West Coast,11,0,0.00862357738924402,0.0005753615397555801,0.0004436977246768947,0.0014072050025788485,0.004478074210055638
Kye Annand,Richmond,11,0,0.008407601984345092,0.0005150843788793612,0.0006556137473126,0.0014304463220469188,0.0035798680983134545
Riley Hamilton,Greater Western Sydney,8,0,0.00836931596722934,0.0007367638497157714,0.0006891913685649342,0.0010968224323733011,0.0041080969967879355
Toby McMullin,Greater Western Sydney,8,0,0.007787411092067487,0.0006120011692019034,0.0005782345633633668,0.001734932611725526,0.0025828421785263345
Angus Clarke,Essendon,6,0,0.007772104114337708,0.0009358426218568638,0.00036948112756363116,0.0014180861280692625,0.0038274884755082894
Hunter Clark,St Kilda,7,0,0.007747817905510601,0.0007304069979779472,0.0006532291872645146,0.0013285105451359414,0.0031311092534451745
Jack Dalton,Hawthorn,5,0,0.007745880508537084,0.001062552707935538,0.0005377425691222015,0.0013576318306149915,0.0034173891399404965
Jade Gresham,Essendon,7,0,0.007505493354756254,0.0007112043151015054,0.0002997283966124087,0.001927606355820899,0.0027510954532772303
Oliver Hayes-Brown,Richmond,7,0,0.007432333436554472,0.0007648722230442218,0.00027522024993231753,0.001527787375380285,0.0035510979359969497
Archer Reid,West Coast,6,0,0.007402755125667682,0.000800258101169978,0.0002650711219303048,0.0020710642747872043,0.0024654132103023585
Ollie Greeves,Hawthorn,4,0,0.007391115991595143,0.001185002670126778,0.000532491104422661,0.0015861231022427091,0.0026213964738417417
Chayce Jones,Adelaide,3,0,0.0073870432388503104,0.0017026733791378017,0.0003958334564231336,0.0014873561885906383,0.003224830492399633
Charlie West,Collingwood,8,0,0.007263385118676524,0.0005632045223364912,0.0004930127188345068,0.0017717235023155808,0.002240899957541842
Adam Treloar,Western Bulldogs,5,0,0.007140394017824292,0.0009511936442322622,0.0006720913120261685,0.0010402431726106443,0.003043633736524498
Xavier Bamert,Port Adelaide,10,0,0.007046924039059377,0.0004871460645972547,0.0004981705060345121,0.0011791223810178053,0.00319416775892023
Leek Aleer,Greater Western Sydney,7,0,0.006627417422350845,0.000650630921622256,0.00041994457751570735,0.001233111815963639,0.0029013600578764454
William Green,Sydney,1,0,0.006560875568538904,0.004384740837849677,0.00036010867916047573,0.0014559173723682761,0.0025687147863209248
Jack Buller,Collingwood,10,0,0.006389769621364394,0.0004123886696561385,0.0005031156474615273,0.0012596516298799543,0.0023611194192199036
Tom Hanily,Sydney,5,0,0.006248175820473989,0.0007886686515121255,0.0004784949260283611,0.0013478427108566393,0.002117005620675627
Will Green,Sydney,2,0,0.00608534235652769,0.002042609059571987,0.00034039941238006577,0.0013193254126235843,0.002425493294140324
Alix Tauru,St Kilda,9,0,0.005842480424689711,0.00042024799444738566,0.00048781342229631264,0.0010846216300706146,0.002209796897659544
Zak Johnson,Essendon,7,0,0.005606773189811065,0.0006414763067498695,0.00019481025583445444,0.0007268185308930697,0.0035687053605215624
James Leake,Greater Western Sydney,5,0,0.0054736626416342915,0.0006650937399172108,0.0006050576730558532,0.0009380785959365312,0.0017823324305936694
Tobie Travaglia,St Kilda,7,0,0.005445663603495632,0.0005089840419064526,0.0003208113621440134,0.0012411525858624373,0.002000924345338717
Campbell Gray,Richmond,10,0,0.005437246088376924,0.0004009678735883426,0.00026083323768943956,0.0009059008771146182,0.0028429446210793685
Wil Dawson,North Melbourne,10,0,0.005412737662709333,0.00036982902392992403,0.0004024767415558017,0.0009094939402984892,0.002386319557444949
Tom Edwards,Essendon,7,0,0.005232784755207831,0.0005428261978782498,0.0001981977929972345,0.001036605784065614,0.0025649798080848996
Jai Murray,Gold Coast,9,0,0.005031903194321785,0.00041041850272449665,0.0003214515309082344,0.0006952336079848465,0.002677081385627389
Angus Hastie,St Kilda,7,0,0.004943701928368682,0.000431496137870064,0.0004536370593086758,0.0010159548446608824,0.00155088106112089
Josh Goater,North Melbourne,6,0,0.004907104306312249,0.0005923489879175273,0.0003311407531327859,0.0006907288725415128,0.0025322243018308654
Hugh Bond,Adelaide,7,0,0.004758074534947809,0.0004263525122171684,0.0005213249487496796,0.0007309570519282715,0.0017321855848422274
Alex Van Wyk,Port Adelaide,3,0,0.004705344633975983,0.0008769066375104254,0.00042550185321488243,0.0012236210150149418,0.0009815970443014521
Malakai Champion,West Coast,8,0,0.004666888642532285,0.0003951775584027928,0.00027890625824511517,0.0009476556588197127,0.0019348585501575144
Nik Cox,Essendon,8,0,0.004539505375646513,0.0004022480010377194,0.00014641383916114137,0.0010286936890224752,0.0020428764801181387
Flynn Perez,Hawthorn,7,0,0.004323187321460864,0.00041576036203748245,0.00031604570813215105,0.0007807733709341846,0.0018135034551960416
Saad El-Hawli,Essendon,8,0,0.0038662227470922517,0.00036577929790837516,0.00019853365483868401,0.0005429210541478824,0.002184779674280435
Henry Hustwaite,Hawthorn,1,0,0.003853470323520014,0.0030840569343126845,4.2341573134763166e-05,0.0006847302429378033,0.002356985118240118
Oliver Hannaford,Greater Western Sydney,5,0,0.0038449699450211483,0.0005022833664042991,0.0002393973600192112,0.0008547583929612301,0.0014172610790410545
Riley Hardeman,North Melbourne,7,0,0.0037753012334178493,0.000346307493275942,0.0002974101512336347,0.0007563284780189861,0.0013704138236789731
Corey Warner,Sydney,5,0,0.003718120245139289,0.0005261290558337351,0.0002695818193387822,0.0005483113272930495,0.0018127521325368434
Tom Burton,Richmond,5,0,0.0036944530256732833,0.0005077237805380719,0.00025996533076977357,0.0006359034614433767,0.001642750110477209
Lachy Dovaston,North Melbourne,6,0,0.003665551104631959,0.00040366397892436606,0.00031113758745959785,0.0006212920561665669,0.0014895542299200315
Tom Cochrane,Port Adelaide,3,0,0.0035806816840704414,0.0007421687323585502,0.00033312802497675875,0.0006879194370412733,0.0012054587350576185
Elijah Hewett,West Coast,6,0,0.0035064398578015243,0.00038918854841085704,0.0003375031367340853,0.0004963022938682116,0.0015013258598628454
Finnbar Maley,Adelaide,6,0,0.0034863770843003294,0.0003853533022872095,0.00025261687824240653,0.0006690235140922596,0.0013904794213885907
Will Hayes,Collingwood,9,0,0.003283575622845092,0.00025673214137592976,0.00022429429918702226,0.0005243977520876797,0.0015618972211086657
Darragh Joyce,Brisbane Lions,3,0,0.003264915409090463,0.0006409070410882123,0.00038355224387487397,0.0005750897980760783,0.0009640790813136846
Wil Parker,Collingwood,5,0,0.0031530080050288234,0.000414513677242212,0.00027596341897151433,0.0005285127808747347,0.001268092186364811
Liam Fawcett,Richmond,7,0,0.0031075473300461454,0.00033848170547961284,9.022922290569113e-05,0.0005577169458774733,0.0017214257695741253
Liam Puncher,Collingwood,8,0,0.002889836192025541,0.00023720118878145513,0.0002263075225528155,0.0005396116366682691,0.0011316903510305565
Tom Gross,West Coast,4,0,0.002829945371104259,0.000539123900011873,8.672401463627466e-05,0.0005000017417842173,0.0015697698436270002
Cameron Nairn,Hawthorn,4,0,0.0028242000698810443,0.0004480126553971786,0.0003154489677399397,0.00040125151281245053,0.0010753501410363242
Harry Schoenberg,West Coast,5,0,0.00279033133529083,0.0003540253709616081,0.0002086816944029124,0.0006028410916769644,0.0009586040687281638
Shadeau Brain,Brisbane Lions,2,0,0.002781371586024761,0.0008185075130313635,0.0003494010597933084,0.00044555444037541747,0.0008420595258940011
Ben Jepson,Gold Coast,5,0,0.0027026891666537267,0.00035406496808718655,0.000279461905847711,0.0003734405145223718,0.00111742242006585
Jeremy Sharp,Fremantle,2,0,0.00270032839034684,0.0008035393111640587,0.0001934773608809337,0.0007062950462568551,0.0007073062151903287
Hussien El Achkar,Essendon,9,0,0.0026664669774163485,0.00022432592537471565,0.00012162763073320093,0.0004042783875775058,0.0014930273100617342
Samson Ryan,Richmond,6,0,0.0026419085265843023,0.00031527321175417455,0.00014266418065744801,0.00046494089474435896,0.0012840341951232404
Will McCabe,Hawthorn,4,0,0.0026237170961849188,0.000429839265677856,0.0002457269690694375,0.00041290609533461975,0.0010607239983073669
Jack Hutchinson,West Coast,6,0,0.002581735383500927,0.00029545650628885295,0.0001020583622448612,0.0006048796212780871,0.0010658010542101692
Charlie Banfield,St Kilda,3,0,0.002515022687248347,0.0005781726398860579,0.00015868702962507086,0.00046313070834003156,0.0011127001816930715
Xavier Taylor,Melbourne,2,0,0.002362473228458839,0.0007266167390298506,0.00019716092629096238,0.0005149178978172131,0.0007411546539515257
Harvey Johnston,West Coast,8,0,0.0022922989544440497,0.00020397380447434443,0.00017060594495887926,0.00031929662873153575,0.0011418878621043405
Flynn Young,Carlton,3,0,0.0022426366376748774,0.0005394156360125635,0.0001322829157288652,0.0003598238981794566,0.0011261400941293687
Cody Angove,Greater Western Sydney,1,0,0.0021430884953588247,0.0013859599275747314,0.00027394152130000293,0.00020924552518408746,0.000902772881090641
Max Kondogiannis,Essendon,12,0,0.002140233901627653,0.0001300950056020156,0.00011502156303322408,0.00034905070833701757,0.0010970677958539454
Daniel Annable,Brisbane Lions,3,0,0.002091928063236992,0.0004934575723988625,0.00019296492064313497,0.00022562550475413445,0.001061782291799318
Tom Anastasopoulos,Port Adelaide,5,0,0.002079234672464736,0.0002762933995200001,0.0001911831975576206,0.0003154012797494943,0.0008748825202928856
Judson Clarke,Richmond,3,0,0.0020407453066582093,0.00044111943255605485,7.595050738018472e-05,0.0005654859942296753,0.0006819217960583046
Noah Howes,Collingwood,2,0,0.002032226360825007,0.0005938983858868596,0.0001766125042195199,0.0004912045806122478,0.0005199796869419515
Adam Saad,Carlton,3,0,0.0020006437316624215,0.0004681903695503327,7.388497942883987e-05,0.00044830266415374354,0.0008823834650684148
Harry Jones,Essendon,7,0,0.0019036103706184804,0.00018724552991703343,0.00010530857048252074,0.00038227452023420483,0.0008231356187025085
Maurice Rioli,Richmond,10,0,0.0018907065639268694,0.00014340458717470027,7.622263933626527e-05,0.00030421541350733605,0.0010536078189034015
Harrison Oliver,Greater Western Sydney,5,0,0.0018745495403891255,0.0002622102866553178,0.00014764964862479246,0.00026819880986295175,0.0008952029747888446
Bailey Scott,North Melbourne,3,0,0.0017026947452905006,0.0004480066666777323,7.362314045167295e-05,0.00021142846435395768,0.0010589683952275664
Brandon Zerk-Thatcher,Port Adelaide,4,0,0.0016446962417830946,0.00028873093378933845,9.007471271615941e-05,0.00030962308119342197,0.0007552259412477724
Jaxon Artemis,Essendon,6,0,0.0016204117796405626,0.0002064241817455089,8.481426311846008e-05,0.00021223816293058917,0.000941492664424004
Mitch Podhajski,Collingwood,2,0,0.0015615679967595497,0.0005521740995391156,0.00010249271690554451,0.00025223436387022957,0.000749621118302457
Lachlan Sullivan,Collingwood,2,0,0.0015456877799806534,0.0005277103832668217,9.980401682696538e-05,0.0002906589797930792,0.0006649577699135989
Campbell Chesser,Carlton,3,0,0.0014683372082799906,0.00031707246065100964,0.00016282026081171352,0.00019147930470353458,0.0005969178164377809
Darcy Moore,Collingwood,4,0,0.0014555641582774115,0.00023935754006743082,0.00013229238629719475,0.0002335492254132987,0.0005915885485592298
Matthew Owies,West Coast,3,0,0.001412310851037546,0.00034265648029456014,8.916241154111049e-05,0.0002060165870716446,0.0007327904422709253
Dylan Patterson,Gold Coast,5,0,0.0014072891864316261,0.00020767756420809748,7.860038510898448e-05,0.00021170059517316986,0.000748086840758333
Jy Farrar,Gold Coast,3,0,0.0013596341386801214,0.00032680024287401466,8.156263993441826e-05,0.0002161081301892409,0.0006827299584983848
Archie Ludowyke,Adelaide,2,0,0.0013058165386610199,0.0004238746132614324,7.856780212023295e-05,0.0003009317078976892,0.0004682497165049426
Harvey Gallagher,Western Bulldogs,3,0,0.001299051503337978,0.0002953862819291923,0.00010533973090787185,0.00020221319573465735,0.0005786059191450477
Bodie Ryan,Hawthorn,5,0,0.0012583087941493432,0.00017131402628365323,0.00010612037976898137,0.00018949790319311433,0.0005609518484561704
Sandy Brock,West Coast,6,0,0.0012396973033901304,0.0001514199452685716,5.246024375082925e-05,0.00022625714427704224,0.0006298022835835582
Harrison Ramm,Port Adelaide,6,0,0.0011867212629113055,0.00013717154911319085,7.380900615316932e-05,0.0002160739559258218,0.000533146332600154
Jordan Boyd,Carlton,2,0,0.0011332704307278618,0.00041805139335338026,6.072098040021956e-05,0.00017572568322066218,0.0005996561230858788
Louis Emmett,Western Bulldogs,7,0,0.0011159172654515714,0.00011950390827613384,5.5854466154414695e-05,0.00016768097520980518,0.000612991916568717
Jayden Nguyen,Essendon,5,0,0.0010899368603531912,0.0001636398806112993,5.860009014213574e-05,0.00015453727701242315,0.0006050620359019376
Luke Cleary,Western Bulldogs,2,0,0.001081256901670713,0.00036821676440013107,9.051820961758494e-05,0.00016378695363528095,0.00048212836554739624
Aidan Johnson,Melbourne,1,0,0.0010744256287580356,0.0006438056152546778,0.00011922097473870963,0.0001921780640259385,0.0003324065764900297
Zane Zakostelsky,Brisbane Lions,3,0,0.0010468105920153903,0.00022373364784774216,7.140893831092399e-05,0.00023279177185031585,0.0003670002333819866
Taylor Goad,North Melbourne,2,0,0.0009515210185782053,0.0003409914716030471,6.359276449074969e-05,0.00014235254639061168,0.00047603763232473284
Luker Kentfield,Melbourne,3,0,0.0009292156119045103,0.00020977532646308342,5.986141513858456e-05,0.0001801668022380909,0.0003892977620125748
Balyn OBrien,Port Adelaide,6,0,0.0009041779745757594,0.00010938821376763978,6.213421590928192e-05,0.00012358026015135692,0.0004706148065451998
Rhys Unwin,Essendon,4,0,0.0008090569347132259,0.00014537670159597837,3.317051300655294e-05,0.00016120910231620655,0.000387127191061154
Mitch Hinge,Adelaide,1,0,0.0007614705536980182,0.0005940618211752735,3.450246003922075e-05,9.840381244430318e-05,0.00046115554869174957
Cody Curtin,Brisbane Lions,4,0,0.0007415507252517273,0.0001289253468712559,6.722256966895657e-05,9.140419842879055e-05,0.00035707461938727647
Lachlan Smith,Western Bulldogs,2,0,0.0007170409535319777,0.00024355892583116656,5.69497551623499e-05,0.00011602359154494479,0.00031414450495503843
Hudson OKeeffe,Carlton,3,0,0.0007066995667628362,0.00015634304145351052,6.502736778202234e-05,0.00010761570683825994,0.0002963860497402493
Isaac Keeler,St Kilda,2,0,0.00070607565339742,0.00025548124767738045,3.960235062550055e-05,0.00011590845679165795,0.0003554516879376024
Mitch Knevitt,Geelong,2,0,0.0006802265124861151,0.00024647450118209235,3.970719262724742e-05,0.00010786312486743554,0.00034537868486950174
Noah Roberts-Thomson,Richmond,3,0,0.0006727968115001204,0.0001800536271806171,2.4037922344177787e-05,8.456008526991354e-05,0.00043156287392775994
Josh Gibcus,Richmond,1,0,0.0006480528045358369,0.0004539606143225683,2.5368730348418467e-05,0.0001433547295164317,0.00028523715445771813
Andy Moniz-Wakefield,Melbourne,2,0,0.000633136282885971,0.00023323415962295257,3.0374852030945476e-05,0.00010591825957817491,0.00033017520763678476
Matt Hill,Hawthorn,2,0,0.0006259788374336495,0.00022937462813388265,3.1457522254640935e-05,0.00010431453665660229,0.0003229771973565221
Max Ramsden,Hawthorn,2,0,0.000614725624473067,0.00021415660012280568,2.3194446839625016e-05,0.0001400235305482056,0.00026509522285778075
Lukas Cooke,Melbourne,2,0,0.0006055823823771789,0.00020865955639237654,5.835126012243563e-05,7.156074934755452e-05,0.00028740710331476294
Jacob Newton,West Coast,3,0,0.0005988104953758011,0.0001530783324596996,3.1362549179903e-05,7.685039963689633e-05,0.00035102204856229946
Sam Marshall,Brisbane Lions,2,0,0.0005600330168817891,0.00022752007680537645,1.9968332708231173e-05,6.505619785457384e-05,0.0003700156230479479
Aidan Schubert,Hawthorn,1,0,0.0005008583975723013,0.000329335562128108,3.177908365614712e-05,0.00010796466813189909,0.00018959181034006178
Brayden Fiorini,Essendon,2,0,0.0004808580583812727,0.0001867539438080712,2.2064195491111604e-05,6.32217797829071e-05,0.0002882219123421237
Lachie Fogarty,Carlton,2,0,0.00047331173072961974,0.00016372741470149776,3.838954444290721e-05,6.90778124408098e-05,0.00021998747251927853
Matt Whitlock,North Melbourne,3,0,0.0004704589650827984,0.00010849164452035136,3.007923305631266e-05,8.482556540911901e-05,0.0002105701350956224
Laitham Vandermeer,Western Bulldogs,2,0,0.00046110331004456384,0.00015315228711187956,3.85414105039672e-05,7.771591481287032e-05,0.0001900472489069216
Matt Guelfi,Essendon,3,0,0.00045552199503617885,0.00011218054919481801,3.256427294218156e-05,5.385180156736169e-05,0.0002501255730749108
Harry Edwards,West Coast,2,0,0.00037622554168592615,0.00013586016768840636,1.7315648847215925e-05,6.987390861468157e-05,0.00018453077791491523
Bailey Banfield,Fremantle,1,0,0.00037471362065844005,0.0002927580362666049,1.2053013961121906e-05,5.7849556469591334e-05,0.00022285546583589166
Tobyn Murray,Fremantle,1,0,0.00036166345762467245,0.00024340547952306224,1.2257153684913646e-05,9.374367073178291e-05,0.00013740465510636568
Ryan Gardner,Western Bulldogs,2,0,0.00035229038098805177,0.00012674157312630996,1.9550182287275675e-05,5.97068701608805e-05,0.00017422609380446374
Lachlan Carmichael,Western Bulldogs,2,0,0.0003391060254216427,0.00011593071849347325,3.0800756576354615e-05,4.564307528198697e-05,0.00015541760512860492
Harry Armstrong,Richmond,4,0,0.00031135663107306755,5.638720716660828e-05,1.8517149101171526e-05,4.8773504204291385e-05,0.0001582581753609702
Zane Peucker,Richmond,2,0,0.00024661609495524317,8.982391682366142e-05,1.499366044299677e-05,3.698094042192679e-05,0.00012767323278239928
Ashton Moir,Carlton,2,0,0.00023857314454289735,8.77377194683504e-05,1.1710602393577574e-05,3.9676500819041394e-05,0.00012408833572408184
Brandon Walker,Fremantle,1,0,0.00022981885649642209,0.0001740913112371345,1.2847710422647651e-05,3.0032124413992278e-05,0.00013121147640049458
Max King,St Kilda,1,0,0.00020491075247264234,0.00014815597842243733,1.4049598576093558e-05,2.8655576898017898e-05,0.00010545080294832587
Ollie Lord,Port Adelaide,1,0,0.0001772809041540313,0.00014317128307084204,6.44159672447131e-06,2.1226427634246647e-05,0.00011550325871212408
Caleb Lewis,Gold Coast,2,0,0.000144244657121817,4.879613663888449e-05,9.548813295623404e-06,2.755475725280121e-05,6.048870272934437e-05
Flynn Riley,Carlton,1,0,0.00011317002645228058,8.002650793059729e-05,7.701411959715188e-06,1.7740694602252916e-05,5.458440136862919e-05
Zac Fisher,North Melbourne,1,0,7.454700835296535e-05,5.541517339224811e-05,3.928561909560813e-06,1.1274711141595617e-05,4.021190034109168e-05
Will McLachlan,Brisbane Lions,1,0,3.577198867787956e-05,2.9090561383782187e-05,1.6252765817625914e-06,3.4308741305721924e-06,2.4034410671447404e-05
