Club,Games_missed,Players_injured,Experience_missed,Club_games,Experience_per_match,Players_used,Games_missed_rank,Experience_rank
Fremantle,108,21,8663,23,377,32,1,2
Adelaide,116,21,10607,23,461,38,2,7
Hawthorn,126,25,9687,23,421,40,3,5
Collingwood,141,22,15889,23,691,35,4,13
Gold Coast,146,25,9161,23,398,36,5,4
Western Bulldogs,159,23,14452,23,628,39,6,11
North Melbourne,160,25,5801,23,252,36,7,1
Geelong,161,24,10141,23,441,32,8,6
Carlton,162,28,8895,23,387,39,9,3
St Kilda,167,30,14925,23,649,36,10,12
Brisbane Lions,198,26,18641,23,810,35,11,17
Melbourne,208,31,17383,23,756,36,12,15
Port Adelaide,215,25,16819,23,731,39,13,14
Sydney,231,30,17542,23,763,36,14,16
Essendon,253,32,14040,23,610,41,15,10
West Coast,263,33,13008,23,566,40,16,8
Richmond,290,34,13892,23,604,41,17,9
Greater Western Sydney,291,31,23143,23,1006,37,18,18
