player,best_odds,implied_prob,best_bookie,scraped_at
Nick Daicos,1.2,83.33,bet365,2026-07-28 12:52
Marcus Bontempelli,12.0,8.33,bet365,2026-07-28 12:52
Bailey Smith,24.0,4.17,Betfair,2026-07-28 12:52
Zak Butters,25.0,4.0,Betfair,2026-07-28 12:52
Jordan Dawson,37.0,2.7,Betfair,2026-07-28 12:52
Sam Flanders,39.0,2.56,Betfair,2026-07-28 12:52
Patrick Cripps,51.0,1.96,BetMGM UK,2026-07-28 12:52
Kysaiah Pickett,51.0,1.96,BetMGM UK,2026-07-28 12:52
Isaac Heeney,54.0,1.85,Betfair,2026-07-28 12:52
Luke Jackson,69.0,1.45,Betfair,2026-07-28 12:52
Lachie Neale,81.0,1.23,BetMGM UK,2026-07-28 12:52
Jai Newcombe,81.0,1.23,bet365,2026-07-28 12:52
Harry Sheezel,108.0,0.93,Betfair,2026-07-28 12:52
Nasiah Wanganeen-Milera,151.0,0.66,bet365,2026-07-28 12:52
Will Ashcroft,157.0,0.64,Betfair,2026-07-28 12:52
Errol Gulden,245.0,0.41,Betfair,2026-07-28 12:52
Max Gawn,251.0,0.4,bet365,2026-07-28 12:52
Nic Martin,251.0,0.4,bet365,2026-07-28 12:52
Chad Warner,251.0,0.4,bet365,2026-07-28 12:52
Luke Davies-Uniacke,251.0,0.4,bet365,2026-07-28 12:52
Christian Petracca,251.0,0.4,bet365,2026-07-28 12:52
Andrew Brayshaw,251.0,0.4,bet365,2026-07-28 12:52
Ed Richards,251.0,0.4,bet365,2026-07-28 12:52
Murphy Reid,251.0,0.4,bet365,2026-07-28 12:52
Harvey Langford,490.0,0.2,Betfair,2026-07-28 12:52
Matthew Rowell,501.0,0.2,BetMGM UK,2026-07-28 12:52
Clayton Oliver,501.0,0.2,bet365,2026-07-28 12:52
Josh Rachele,501.0,0.2,bet365,2026-07-28 12:52
Josh Treacy,501.0,0.2,BetMGM UK,2026-07-28 12:52
Sam Walsh,501.0,0.2,bet365,2026-07-28 12:52
Brodie Grundy,501.0,0.2,bet365,2026-07-28 12:52
Max Holmes,501.0,0.2,bet365,2026-07-28 12:52
Harley Reid,501.0,0.2,bet365,2026-07-28 12:52
Noah Anderson,501.0,0.2,bet365,2026-07-28 12:52
Jack Rachele,501.0,0.2,Betway,2026-07-28 12:52
Nick Watson,501.0,0.2,bet365,2026-07-28 12:52
Shai Bolton,501.0,0.2,bet365,2026-07-28 12:52
Izak Rankine,501.0,0.2,bet365,2026-07-28 12:52
Finn Callaghan,588.0,0.17,Betfair,2026-07-28 12:52
Jack Steele,588.0,0.17,Betfair,2026-07-28 12:52
Dayne Zorko,980.0,0.1,Betfair,2026-07-28 12:52
Jacob Hopper,980.0,0.1,Betfair,2026-07-28 12:52
Samuel Lalor,980.0,0.1,Betfair,2026-07-28 12:52
Jye Caldwell,980.0,0.1,Betfair,2026-07-28 12:52
Tim Taranto,980.0,0.1,Betfair,2026-07-28 12:52
Sam Darcy,980.0,0.1,Betfair,2026-07-28 12:52
Dan Houston,980.0,0.1,Betfair,2026-07-28 12:52
Tom Green,980.0,0.1,Betfair,2026-07-28 12:52
Connor Rozee,980.0,0.1,Betfair,2026-07-28 12:52
Tom De Koning,980.0,0.1,Betfair,2026-07-28 12:52
Daniel Curtin,980.0,0.1,Betfair,2026-07-28 12:52
Liam Baker,1001.0,0.1,bet365,2026-07-28 12:52
Caleb Serong,1001.0,0.1,bet365,2026-07-28 12:52
Matt Rowell,1001.0,0.1,bet365,2026-07-28 12:52
Zach Merrett,1001.0,0.1,bet365,2026-07-28 12:52
Patrick Dangerfield,1501.0,0.07,bet365,2026-07-28 12:52
Jordan De Goey,1501.0,0.07,bet365,2026-07-28 12:52
Sam Durham,1501.0,0.07,bet365,2026-07-28 12:52
Rowan Marshall,1501.0,0.07,bet365,2026-07-28 12:52
Jack Gunston,1501.0,0.07,bet365,2026-07-28 12:52
Oliver Dempsey,1501.0,0.07,bet365,2026-07-28 12:52
Tom Atkins,1501.0,0.07,bet365,2026-07-28 12:52
Colby McKercher,1501.0,0.07,bet365,2026-07-28 12:52
Hayden Young,1501.0,0.07,bet365,2026-07-28 12:52
Bailey Dale,1501.0,0.07,bet365,2026-07-28 12:52
Gryan Miers,1501.0,0.07,bet365,2026-07-28 12:52
Darcy Parish,1501.0,0.07,bet365,2026-07-28 12:52
George Hewett,1501.0,0.07,bet365,2026-07-28 12:52
Hugh McCluggage,1501.0,0.07,bet365,2026-07-28 12:52
Callum Mills,1501.0,0.07,bet365,2026-07-28 12:52
Charlie Curnow,1501.0,0.07,bet365,2026-07-28 12:52
Nick Blakey,1501.0,0.07,bet365,2026-07-28 12:52
Max Hall,1501.0,0.07,bet365,2026-07-28 12:52
Jack Ginnivan,1501.0,0.07,bet365,2026-07-28 12:52
Marcus Windhager,1501.0,0.07,bet365,2026-07-28 12:52
Jagga Smith,1501.0,0.07,bet365,2026-07-28 12:52
Jeremy Cameron,1501.0,0.07,bet365,2026-07-28 12:52
Toby Greene,1501.0,0.07,bet365,2026-07-28 12:52
Jake Waterman,1501.0,0.07,bet365,2026-07-28 12:52
Caleb Daniel,2001.0,0.05,bet365,2026-07-28 12:52
Jake Soligo,2001.0,0.05,bet365,2026-07-28 12:52
Levi Ashcroft,2001.0,0.05,bet365,2026-07-28 12:52
Rhylee West,2001.0,0.05,bet365,2026-07-28 12:52
Tanner Bruhn,2001.0,0.05,bet365,2026-07-28 12:52
Lawson Humphries,2001.0,0.05,bet365,2026-07-28 12:52
Tom McCarthy,2001.0,0.05,bet365,2026-07-28 12:52
Ben Keays,2001.0,0.05,bet365,2026-07-28 12:52
Matthew Kennedy,2001.0,0.05,bet365,2026-07-28 12:52
Josh Dunkley,2001.0,0.05,bet365,2026-07-28 12:52
Rory Laird,2001.0,0.05,bet365,2026-07-28 12:52
Mark Blicavs,2001.0,0.05,bet365,2026-07-28 12:52
Josh Daicos,2001.0,0.05,bet365,2026-07-28 12:52
Jaspa Fletcher,2001.0,0.05,bet365,2026-07-28 12:52
Joel Freijah,2001.0,0.05,bet365,2026-07-28 12:52
Dion Prestia,2001.0,0.05,bet365,2026-07-28 12:52
Cam Rayner,2001.0,0.05,bet365,2026-07-28 12:52
Touk Miller,2001.0,0.05,bet365,2026-07-28 12:52
Scott Pendlebury,2001.0,0.05,bet365,2026-07-28 12:52
Tom Liberatore,2001.0,0.05,bet365,2026-07-28 12:52
Jack Crisp,2001.0,0.05,bet365,2026-07-28 12:52
Lachlan Ash,2001.0,0.05,bet365,2026-07-28 12:52
Josh Ward,2001.0,0.05,bet365,2026-07-28 12:52
James Worpel,2001.0,0.05,bet365,2026-07-28 12:52
Jordan Clark,2001.0,0.05,bet365,2026-07-28 12:52
Daniel Rioli,2001.0,0.05,bet365,2026-07-28 12:52
Tom Stewart,2001.0,0.05,bet365,2026-07-28 12:52
Marc Pittonet,2001.0,0.05,bet365,2026-07-28 12:52
Darcy Cameron,2001.0,0.05,bet365,2026-07-28 12:52
Jack Sinclair,2001.0,0.05,bet365,2026-07-28 12:52
Adam Cerra,2001.0,0.05,bet365,2026-07-28 12:52
Ollie Wines,2001.0,0.05,bet365,2026-07-28 12:52
Sam Switkowski,2001.0,0.05,bet365,2026-07-28 12:52
Jake Stringer,2001.0,0.05,bet365,2026-07-28 12:52
Nick Daicos,1.2,83.33,Betway,2026-08-03 16:11
Marcus Bontempelli,15.7,6.37,Betfair,2026-08-03 16:11
Bailey Smith,31.0,3.23,Betfair,2026-08-03 16:11
Jordan Dawson,33.0,3.03,Betfair,2026-08-03 16:11
Sam Flanders,39.0,2.56,Betfair,2026-08-03 16:11
Isaac Heeney,67.0,1.49,BetMGM UK,2026-08-03 16:11
Patrick Cripps,69.0,1.45,Betfair,2026-08-03 16:11
Jai Newcombe,81.0,1.23,Betway,2026-08-03 16:11
Lachie Neale,81.0,1.23,bet365,2026-08-03 16:11
Kysaiah Pickett,81.0,1.23,Skybet,2026-08-03 16:11
Luke Jackson,83.0,1.2,Betfair,2026-08-03 16:11
Nasiah Wanganeen-Milera,151.0,0.66,Betway,2026-08-03 16:11
Harry Sheezel,151.0,0.66,bet365,2026-08-03 16:11
Will Ashcroft,167.0,0.6,Betfair,2026-08-03 16:11
Ed Richards,251.0,0.4,bet365,2026-08-03 16:11
Andrew Brayshaw,251.0,0.4,bet365,2026-08-03 16:11
Max Gawn,251.0,0.4,bet365,2026-08-03 16:11
Nic Martin,251.0,0.4,bet365,2026-08-03 16:11
Chad Warner,251.0,0.4,bet365,2026-08-03 16:11
Luke Davies-Uniacke,251.0,0.4,bet365,2026-08-03 16:11
Murphy Reid,251.0,0.4,Unibet,2026-08-03 16:11
Christian Petracca,255.0,0.39,Betfair,2026-08-03 16:11
Harvey Langford,490.0,0.2,Betfair,2026-08-03 16:11
Sam Walsh,501.0,0.2,bet365,2026-08-03 16:11
Izak Rankine,501.0,0.2,bet365,2026-08-03 16:11
Matthew Rowell,501.0,0.2,BetMGM UK,2026-08-03 16:11
Clayton Oliver,501.0,0.2,bet365,2026-08-03 16:11
Josh Rachele,501.0,0.2,bet365,2026-08-03 16:11
Harley Reid,501.0,0.2,bet365,2026-08-03 16:11
Nick Watson,501.0,0.2,bet365,2026-08-03 16:11
Max Holmes,501.0,0.2,bet365,2026-08-03 16:11
Josh Treacy,501.0,0.2,BetMGM UK,2026-08-03 16:11
Finn Callaghan,501.0,0.2,bet365,2026-08-03 16:11
Noah Anderson,501.0,0.2,bet365,2026-08-03 16:11
Jack Steele,588.0,0.17,Betfair,2026-08-03 16:11
Brodie Grundy,588.0,0.17,Betfair,2026-08-03 16:11
Shai Bolton,647.0,0.15,Betfair,2026-08-03 16:11
Zak Butters,657.0,0.15,Betfair,2026-08-03 16:11
Errol Gulden,784.0,0.13,Betfair,2026-08-03 16:11
Tim Taranto,980.0,0.1,Betfair,2026-08-03 16:11
Jacob Hopper,980.0,0.1,Betfair,2026-08-03 16:11
Dayne Zorko,980.0,0.1,Betfair,2026-08-03 16:11
Samuel Lalor,980.0,0.1,Betfair,2026-08-03 16:11
Sam Darcy,980.0,0.1,Betfair,2026-08-03 16:11
Jye Caldwell,980.0,0.1,Betfair,2026-08-03 16:11
Connor Rozee,980.0,0.1,Betfair,2026-08-03 16:11
Daniel Curtin,980.0,0.1,Betfair,2026-08-03 16:11
Tom De Koning,980.0,0.1,Betfair,2026-08-03 16:11
Dan Houston,980.0,0.1,Betfair,2026-08-03 16:11
Tom Green,980.0,0.1,Betfair,2026-08-03 16:11
Matt Rowell,1001.0,0.1,bet365,2026-08-03 16:11
Caleb Serong,1001.0,0.1,bet365,2026-08-03 16:11
Zach Merrett,1001.0,0.1,bet365,2026-08-03 16:11
Toby Greene,1501.0,0.07,bet365,2026-08-03 16:11
Jake Waterman,1501.0,0.07,bet365,2026-08-03 16:11
Jordan De Goey,1501.0,0.07,bet365,2026-08-03 16:11
Sam Durham,1501.0,0.07,bet365,2026-08-03 16:11
Rowan Marshall,1501.0,0.07,bet365,2026-08-03 16:11
Jack Gunston,1501.0,0.07,bet365,2026-08-03 16:11
Oliver Dempsey,1501.0,0.07,bet365,2026-08-03 16:11
Tom Atkins,1501.0,0.07,bet365,2026-08-03 16:11
Colby McKercher,1501.0,0.07,bet365,2026-08-03 16:11
Hayden Young,1501.0,0.07,bet365,2026-08-03 16:11
Patrick Dangerfield,1501.0,0.07,bet365,2026-08-03 16:11
Nick Blakey,1501.0,0.07,bet365,2026-08-03 16:11
Bailey Dale,1501.0,0.07,bet365,2026-08-03 16:11
Gryan Miers,1501.0,0.07,bet365,2026-08-03 16:11
Darcy Parish,1501.0,0.07,bet365,2026-08-03 16:11
George Hewett,1501.0,0.07,bet365,2026-08-03 16:11
Hugh McCluggage,1501.0,0.07,bet365,2026-08-03 16:11
Callum Mills,1501.0,0.07,bet365,2026-08-03 16:11
Charlie Curnow,1501.0,0.07,bet365,2026-08-03 16:11
Jagga Smith,1501.0,0.07,bet365,2026-08-03 16:11
Max Hall,1501.0,0.07,bet365,2026-08-03 16:11
Jack Ginnivan,1501.0,0.07,bet365,2026-08-03 16:11
Marcus Windhager,1501.0,0.07,bet365,2026-08-03 16:11
Jeremy Cameron,1501.0,0.07,bet365,2026-08-03 16:11
Caleb Daniel,2001.0,0.05,bet365,2026-08-03 16:11
Levi Ashcroft,2001.0,0.05,bet365,2026-08-03 16:11
Rhylee West,2001.0,0.05,bet365,2026-08-03 16:11
Ollie Wines,2001.0,0.05,bet365,2026-08-03 16:11
Adam Cerra,2001.0,0.05,bet365,2026-08-03 16:11
Tanner Bruhn,2001.0,0.05,bet365,2026-08-03 16:11
Lawson Humphries,2001.0,0.05,bet365,2026-08-03 16:11
Tom McCarthy,2001.0,0.05,bet365,2026-08-03 16:11
Ben Keays,2001.0,0.05,bet365,2026-08-03 16:11
Matthew Kennedy,2001.0,0.05,bet365,2026-08-03 16:11
Josh Dunkley,2001.0,0.05,bet365,2026-08-03 16:11
Rory Laird,2001.0,0.05,bet365,2026-08-03 16:11
Mark Blicavs,2001.0,0.05,bet365,2026-08-03 16:11
Josh Daicos,2001.0,0.05,bet365,2026-08-03 16:11
Jaspa Fletcher,2001.0,0.05,bet365,2026-08-03 16:11
Joel Freijah,2001.0,0.05,bet365,2026-08-03 16:11
Dion Prestia,2001.0,0.05,bet365,2026-08-03 16:11
Cam Rayner,2001.0,0.05,bet365,2026-08-03 16:11
Jake Soligo,2001.0,0.05,bet365,2026-08-03 16:11
Jake Stringer,2001.0,0.05,bet365,2026-08-03 16:11
Touk Miller,2001.0,0.05,bet365,2026-08-03 16:11
Scott Pendlebury,2001.0,0.05,bet365,2026-08-03 16:11
Tom Liberatore,2001.0,0.05,bet365,2026-08-03 16:11
Jack Crisp,2001.0,0.05,bet365,2026-08-03 16:11
Lachlan Ash,2001.0,0.05,bet365,2026-08-03 16:11
Josh Ward,2001.0,0.05,bet365,2026-08-03 16:11
James Worpel,2001.0,0.05,bet365,2026-08-03 16:11
Jordan Clark,2001.0,0.05,bet365,2026-08-03 16:11
Daniel Rioli,2001.0,0.05,bet365,2026-08-03 16:11
Tom Stewart,2001.0,0.05,bet365,2026-08-03 16:11
Marc Pittonet,2001.0,0.05,bet365,2026-08-03 16:11
Darcy Cameron,2001.0,0.05,bet365,2026-08-03 16:11
Jack Sinclair,2001.0,0.05,bet365,2026-08-03 16:11
Sam Switkowski,2001.0,0.05,bet365,2026-08-03 16:11
Nick Daicos,1.2,83.33,Betway,2026-08-03 17:01
Marcus Bontempelli,15.7,6.37,Betfair,2026-08-03 17:01
Bailey Smith,31.0,3.23,Betfair,2026-08-03 17:01
Jordan Dawson,33.0,3.03,Betfair,2026-08-03 17:01
Sam Flanders,39.0,2.56,Betfair,2026-08-03 17:01
Isaac Heeney,67.0,1.49,BetMGM UK,2026-08-03 17:01
Patrick Cripps,69.0,1.45,Betfair,2026-08-03 17:01
Jai Newcombe,81.0,1.23,Betway,2026-08-03 17:01
Lachie Neale,81.0,1.23,bet365,2026-08-03 17:01
Kysaiah Pickett,81.0,1.23,Skybet,2026-08-03 17:01
Luke Jackson,83.0,1.2,Betfair,2026-08-03 17:01
Nasiah Wanganeen-Milera,151.0,0.66,Betway,2026-08-03 17:01
Harry Sheezel,151.0,0.66,bet365,2026-08-03 17:01
Will Ashcroft,167.0,0.6,Betfair,2026-08-03 17:01
Ed Richards,251.0,0.4,bet365,2026-08-03 17:01
Andrew Brayshaw,251.0,0.4,bet365,2026-08-03 17:01
Max Gawn,251.0,0.4,bet365,2026-08-03 17:01
Nic Martin,251.0,0.4,bet365,2026-08-03 17:01
Chad Warner,251.0,0.4,bet365,2026-08-03 17:01
Luke Davies-Uniacke,251.0,0.4,bet365,2026-08-03 17:01
Murphy Reid,251.0,0.4,Unibet,2026-08-03 17:01
Christian Petracca,255.0,0.39,Betfair,2026-08-03 17:01
Harvey Langford,490.0,0.2,Betfair,2026-08-03 17:01
Sam Walsh,501.0,0.2,bet365,2026-08-03 17:01
Izak Rankine,501.0,0.2,bet365,2026-08-03 17:01
Matthew Rowell,501.0,0.2,BetMGM UK,2026-08-03 17:01
Clayton Oliver,501.0,0.2,bet365,2026-08-03 17:01
Josh Rachele,501.0,0.2,bet365,2026-08-03 17:01
Harley Reid,501.0,0.2,bet365,2026-08-03 17:01
Nick Watson,501.0,0.2,bet365,2026-08-03 17:01
Max Holmes,501.0,0.2,bet365,2026-08-03 17:01
Josh Treacy,501.0,0.2,BetMGM UK,2026-08-03 17:01
Finn Callaghan,501.0,0.2,bet365,2026-08-03 17:01
Noah Anderson,501.0,0.2,bet365,2026-08-03 17:01
Jack Steele,588.0,0.17,Betfair,2026-08-03 17:01
Brodie Grundy,588.0,0.17,Betfair,2026-08-03 17:01
Shai Bolton,647.0,0.15,Betfair,2026-08-03 17:01
Zak Butters,657.0,0.15,Betfair,2026-08-03 17:01
Errol Gulden,784.0,0.13,Betfair,2026-08-03 17:01
Tim Taranto,980.0,0.1,Betfair,2026-08-03 17:01
Jacob Hopper,980.0,0.1,Betfair,2026-08-03 17:01
Dayne Zorko,980.0,0.1,Betfair,2026-08-03 17:01
Samuel Lalor,980.0,0.1,Betfair,2026-08-03 17:01
Sam Darcy,980.0,0.1,Betfair,2026-08-03 17:01
Jye Caldwell,980.0,0.1,Betfair,2026-08-03 17:01
Connor Rozee,980.0,0.1,Betfair,2026-08-03 17:01
Daniel Curtin,980.0,0.1,Betfair,2026-08-03 17:01
Tom De Koning,980.0,0.1,Betfair,2026-08-03 17:01
Dan Houston,980.0,0.1,Betfair,2026-08-03 17:01
Tom Green,980.0,0.1,Betfair,2026-08-03 17:01
Matt Rowell,1001.0,0.1,bet365,2026-08-03 17:01
Caleb Serong,1001.0,0.1,bet365,2026-08-03 17:01
Zach Merrett,1001.0,0.1,bet365,2026-08-03 17:01
Toby Greene,1501.0,0.07,bet365,2026-08-03 17:01
Jake Waterman,1501.0,0.07,bet365,2026-08-03 17:01
Jordan De Goey,1501.0,0.07,bet365,2026-08-03 17:01
Sam Durham,1501.0,0.07,bet365,2026-08-03 17:01
Rowan Marshall,1501.0,0.07,bet365,2026-08-03 17:01
Jack Gunston,1501.0,0.07,bet365,2026-08-03 17:01
Oliver Dempsey,1501.0,0.07,bet365,2026-08-03 17:01
Tom Atkins,1501.0,0.07,bet365,2026-08-03 17:01
Colby McKercher,1501.0,0.07,bet365,2026-08-03 17:01
Hayden Young,1501.0,0.07,bet365,2026-08-03 17:01
Patrick Dangerfield,1501.0,0.07,bet365,2026-08-03 17:01
Nick Blakey,1501.0,0.07,bet365,2026-08-03 17:01
Bailey Dale,1501.0,0.07,bet365,2026-08-03 17:01
Gryan Miers,1501.0,0.07,bet365,2026-08-03 17:01
Darcy Parish,1501.0,0.07,bet365,2026-08-03 17:01
George Hewett,1501.0,0.07,bet365,2026-08-03 17:01
Hugh McCluggage,1501.0,0.07,bet365,2026-08-03 17:01
Callum Mills,1501.0,0.07,bet365,2026-08-03 17:01
Charlie Curnow,1501.0,0.07,bet365,2026-08-03 17:01
Jagga Smith,1501.0,0.07,bet365,2026-08-03 17:01
Max Hall,1501.0,0.07,bet365,2026-08-03 17:01
Jack Ginnivan,1501.0,0.07,bet365,2026-08-03 17:01
Marcus Windhager,1501.0,0.07,bet365,2026-08-03 17:01
Jeremy Cameron,1501.0,0.07,bet365,2026-08-03 17:01
Caleb Daniel,2001.0,0.05,bet365,2026-08-03 17:01
Levi Ashcroft,2001.0,0.05,bet365,2026-08-03 17:01
Rhylee West,2001.0,0.05,bet365,2026-08-03 17:01
Ollie Wines,2001.0,0.05,bet365,2026-08-03 17:01
Adam Cerra,2001.0,0.05,bet365,2026-08-03 17:01
Tanner Bruhn,2001.0,0.05,bet365,2026-08-03 17:01
Lawson Humphries,2001.0,0.05,bet365,2026-08-03 17:01
Tom McCarthy,2001.0,0.05,bet365,2026-08-03 17:01
Ben Keays,2001.0,0.05,bet365,2026-08-03 17:01
Matthew Kennedy,2001.0,0.05,bet365,2026-08-03 17:01
Josh Dunkley,2001.0,0.05,bet365,2026-08-03 17:01
Rory Laird,2001.0,0.05,bet365,2026-08-03 17:01
Mark Blicavs,2001.0,0.05,bet365,2026-08-03 17:01
Josh Daicos,2001.0,0.05,bet365,2026-08-03 17:01
Jaspa Fletcher,2001.0,0.05,bet365,2026-08-03 17:01
Joel Freijah,2001.0,0.05,bet365,2026-08-03 17:01
Dion Prestia,2001.0,0.05,bet365,2026-08-03 17:01
Cam Rayner,2001.0,0.05,bet365,2026-08-03 17:01
Jake Soligo,2001.0,0.05,bet365,2026-08-03 17:01
Jake Stringer,2001.0,0.05,bet365,2026-08-03 17:01
Touk Miller,2001.0,0.05,bet365,2026-08-03 17:01
Scott Pendlebury,2001.0,0.05,bet365,2026-08-03 17:01
Tom Liberatore,2001.0,0.05,bet365,2026-08-03 17:01
Jack Crisp,2001.0,0.05,bet365,2026-08-03 17:01
Lachlan Ash,2001.0,0.05,bet365,2026-08-03 17:01
Josh Ward,2001.0,0.05,bet365,2026-08-03 17:01
James Worpel,2001.0,0.05,bet365,2026-08-03 17:01
Jordan Clark,2001.0,0.05,bet365,2026-08-03 17:01
Daniel Rioli,2001.0,0.05,bet365,2026-08-03 17:01
Tom Stewart,2001.0,0.05,bet365,2026-08-03 17:01
Marc Pittonet,2001.0,0.05,bet365,2026-08-03 17:01
Darcy Cameron,2001.0,0.05,bet365,2026-08-03 17:01
Jack Sinclair,2001.0,0.05,bet365,2026-08-03 17:01
Sam Switkowski,2001.0,0.05,bet365,2026-08-03 17:01
Nick Daicos,1.2,83.33,Skybet,2026-08-04 13:20
Marcus Bontempelli,15.7,6.37,Betfair,2026-08-04 13:20
Bailey Smith,31.0,3.23,Betfair,2026-08-04 13:20
Jordan Dawson,35.0,2.86,Betfair,2026-08-04 13:20
Sam Flanders,39.0,2.56,Betfair,2026-08-04 13:20
Isaac Heeney,67.0,1.49,BetMGM UK,2026-08-04 13:20
Jai Newcombe,67.0,1.49,bet365,2026-08-04 13:20
Patrick Cripps,69.0,1.45,Betfair,2026-08-04 13:20
Luke Jackson,76.0,1.32,Paddy Power,2026-08-04 13:20
Kysaiah Pickett,81.0,1.23,Skybet,2026-08-04 13:20
Lachie Neale,81.0,1.23,bet365,2026-08-04 13:20
Nasiah Wanganeen-Milera,101.0,0.99,BetMGM UK,2026-08-04 13:20
Harry Sheezel,151.0,0.66,bet365,2026-08-04 13:20
Will Ashcroft,167.0,0.6,Betfair,2026-08-04 13:20
Ed Richards,251.0,0.4,bet365,2026-08-04 13:20
Andrew Brayshaw,251.0,0.4,bet365,2026-08-04 13:20
Max Gawn,251.0,0.4,bet365,2026-08-04 13:20
Nic Martin,251.0,0.4,bet365,2026-08-04 13:20
Chad Warner,251.0,0.4,bet365,2026-08-04 13:20
Luke Davies-Uniacke,251.0,0.4,bet365,2026-08-04 13:20
Murphy Reid,251.0,0.4,Unibet,2026-08-04 13:20
Christian Petracca,255.0,0.39,Betfair,2026-08-04 13:20
Harvey Langford,490.0,0.2,Betfair,2026-08-04 13:20
Sam Walsh,501.0,0.2,bet365,2026-08-04 13:20
Izak Rankine,501.0,0.2,bet365,2026-08-04 13:20
Matthew Rowell,501.0,0.2,BetMGM UK,2026-08-04 13:20
Clayton Oliver,501.0,0.2,bet365,2026-08-04 13:20
Josh Rachele,501.0,0.2,bet365,2026-08-04 13:20
Harley Reid,501.0,0.2,bet365,2026-08-04 13:20
Nick Watson,501.0,0.2,bet365,2026-08-04 13:20
Max Holmes,501.0,0.2,bet365,2026-08-04 13:20
Josh Treacy,501.0,0.2,BetMGM UK,2026-08-04 13:20
Finn Callaghan,501.0,0.2,bet365,2026-08-04 13:20
Noah Anderson,501.0,0.2,bet365,2026-08-04 13:20
Jack Steele,588.0,0.17,Betfair,2026-08-04 13:20
Brodie Grundy,588.0,0.17,Betfair,2026-08-04 13:20
Shai Bolton,647.0,0.15,Betfair,2026-08-04 13:20
Zak Butters,657.0,0.15,Betfair,2026-08-04 13:20
Errol Gulden,784.0,0.13,Betfair,2026-08-04 13:20
Tim Taranto,980.0,0.1,Betfair,2026-08-04 13:20
Jacob Hopper,980.0,0.1,Betfair,2026-08-04 13:20
Dayne Zorko,980.0,0.1,Betfair,2026-08-04 13:20
Samuel Lalor,980.0,0.1,Betfair,2026-08-04 13:20
Sam Darcy,980.0,0.1,Betfair,2026-08-04 13:20
Jye Caldwell,980.0,0.1,Betfair,2026-08-04 13:20
Connor Rozee,980.0,0.1,Betfair,2026-08-04 13:20
Daniel Curtin,980.0,0.1,Betfair,2026-08-04 13:20
Tom De Koning,980.0,0.1,Betfair,2026-08-04 13:20
Dan Houston,980.0,0.1,Betfair,2026-08-04 13:20
Tom Green,980.0,0.1,Betfair,2026-08-04 13:20
Matt Rowell,1001.0,0.1,bet365,2026-08-04 13:20
Caleb Serong,1001.0,0.1,bet365,2026-08-04 13:20
Zach Merrett,1001.0,0.1,bet365,2026-08-04 13:20
Toby Greene,1501.0,0.07,bet365,2026-08-04 13:20
Jake Waterman,1501.0,0.07,bet365,2026-08-04 13:20
Jordan De Goey,1501.0,0.07,bet365,2026-08-04 13:20
Sam Durham,1501.0,0.07,bet365,2026-08-04 13:20
Rowan Marshall,1501.0,0.07,bet365,2026-08-04 13:20
Jack Gunston,1501.0,0.07,bet365,2026-08-04 13:20
Oliver Dempsey,1501.0,0.07,bet365,2026-08-04 13:20
Tom Atkins,1501.0,0.07,bet365,2026-08-04 13:20
Colby McKercher,1501.0,0.07,bet365,2026-08-04 13:20
Hayden Young,1501.0,0.07,bet365,2026-08-04 13:20
Patrick Dangerfield,1501.0,0.07,bet365,2026-08-04 13:20
Nick Blakey,1501.0,0.07,bet365,2026-08-04 13:20
Bailey Dale,1501.0,0.07,bet365,2026-08-04 13:20
Gryan Miers,1501.0,0.07,bet365,2026-08-04 13:20
Darcy Parish,1501.0,0.07,bet365,2026-08-04 13:20
George Hewett,1501.0,0.07,bet365,2026-08-04 13:20
Hugh McCluggage,1501.0,0.07,bet365,2026-08-04 13:20
Callum Mills,1501.0,0.07,bet365,2026-08-04 13:20
Charlie Curnow,1501.0,0.07,bet365,2026-08-04 13:20
Jagga Smith,1501.0,0.07,bet365,2026-08-04 13:20
Max Hall,1501.0,0.07,bet365,2026-08-04 13:20
Jack Ginnivan,1501.0,0.07,bet365,2026-08-04 13:20
Marcus Windhager,1501.0,0.07,bet365,2026-08-04 13:20
Jeremy Cameron,1501.0,0.07,bet365,2026-08-04 13:20
Caleb Daniel,2001.0,0.05,bet365,2026-08-04 13:20
Levi Ashcroft,2001.0,0.05,bet365,2026-08-04 13:20
Rhylee West,2001.0,0.05,bet365,2026-08-04 13:20
Ollie Wines,2001.0,0.05,bet365,2026-08-04 13:20
Adam Cerra,2001.0,0.05,bet365,2026-08-04 13:20
Tanner Bruhn,2001.0,0.05,bet365,2026-08-04 13:20
Lawson Humphries,2001.0,0.05,bet365,2026-08-04 13:20
Tom McCarthy,2001.0,0.05,bet365,2026-08-04 13:20
Ben Keays,2001.0,0.05,bet365,2026-08-04 13:20
Matthew Kennedy,2001.0,0.05,bet365,2026-08-04 13:20
Josh Dunkley,2001.0,0.05,bet365,2026-08-04 13:20
Rory Laird,2001.0,0.05,bet365,2026-08-04 13:20
Mark Blicavs,2001.0,0.05,bet365,2026-08-04 13:20
Josh Daicos,2001.0,0.05,bet365,2026-08-04 13:20
Jaspa Fletcher,2001.0,0.05,bet365,2026-08-04 13:20
Joel Freijah,2001.0,0.05,bet365,2026-08-04 13:20
Dion Prestia,2001.0,0.05,bet365,2026-08-04 13:20
Cam Rayner,2001.0,0.05,bet365,2026-08-04 13:20
Jake Soligo,2001.0,0.05,bet365,2026-08-04 13:20
Jake Stringer,2001.0,0.05,bet365,2026-08-04 13:20
Touk Miller,2001.0,0.05,bet365,2026-08-04 13:20
Scott Pendlebury,2001.0,0.05,bet365,2026-08-04 13:20
Tom Liberatore,2001.0,0.05,bet365,2026-08-04 13:20
Jack Crisp,2001.0,0.05,bet365,2026-08-04 13:20
Lachlan Ash,2001.0,0.05,bet365,2026-08-04 13:20
Josh Ward,2001.0,0.05,bet365,2026-08-04 13:20
James Worpel,2001.0,0.05,bet365,2026-08-04 13:20
Jordan Clark,2001.0,0.05,bet365,2026-08-04 13:20
Daniel Rioli,2001.0,0.05,bet365,2026-08-04 13:20
Tom Stewart,2001.0,0.05,bet365,2026-08-04 13:20
Marc Pittonet,2001.0,0.05,bet365,2026-08-04 13:20
Darcy Cameron,2001.0,0.05,bet365,2026-08-04 13:20
Jack Sinclair,2001.0,0.05,bet365,2026-08-04 13:20
Sam Switkowski,2001.0,0.05,bet365,2026-08-04 13:20
Nick Daicos,1.14,87.72,Betway,2026-08-09 22:33
Marcus Bontempelli,26.0,3.85,Betfair,2026-08-09 22:33
Bailey Smith,29.0,3.45,Betfair,2026-08-09 22:33
Errol Gulden,54.0,1.85,Betfair,2026-08-09 22:33
Jai Newcombe,67.0,1.49,bet365,2026-08-09 22:33
Patrick Cripps,67.0,1.49,Skybet,2026-08-09 22:33
Isaac Heeney,81.0,1.23,Skybet,2026-08-09 22:33
Jordan Dawson,81.0,1.23,Skybet,2026-08-09 22:33
Lachie Neale,101.0,0.99,Skybet,2026-08-09 22:33
Luke Jackson,151.0,0.66,Skybet,2026-08-09 22:33
Harry Sheezel,151.0,0.66,Betway,2026-08-09 22:33
Will Ashcroft,151.0,0.66,BetMGM UK,2026-08-09 22:33
Kysaiah Pickett,151.0,0.66,Skybet,2026-08-09 22:33
Ed Richards,251.0,0.4,bet365,2026-08-09 22:33
Andrew Brayshaw,251.0,0.4,bet365,2026-08-09 22:33
Luke Davies-Uniacke,251.0,0.4,bet365,2026-08-09 22:33
Chad Warner,251.0,0.4,bet365,2026-08-09 22:33
Nic Martin,251.0,0.4,bet365,2026-08-09 22:33
Murphy Reid,251.0,0.4,Skybet,2026-08-09 22:33
Max Gawn,251.0,0.4,bet365,2026-08-09 22:33
Will Day,251.0,0.4,BetMGM UK,2026-08-09 22:33
Harvey Langford,490.0,0.2,Betfair,2026-08-09 22:33
Sam Walsh,501.0,0.2,bet365,2026-08-09 22:33
Nick Watson,501.0,0.2,bet365,2026-08-09 22:33
Christian Petracca,501.0,0.2,Skybet,2026-08-09 22:33
Liam Baker,501.0,0.2,BetMGM UK,2026-08-09 22:33
Sam Flanders,501.0,0.2,BetMGM UK,2026-08-09 22:33
Josh Weddle,501.0,0.2,BetMGM UK,2026-08-09 22:33
Clayton Oliver,501.0,0.2,bet365,2026-08-09 22:33
Josh Treacy,501.0,0.2,BetMGM UK,2026-08-09 22:33
Finn Callaghan,501.0,0.2,bet365,2026-08-09 22:33
Noah Anderson,501.0,0.2,bet365,2026-08-09 22:33
Izak Rankine,501.0,0.2,bet365,2026-08-09 22:33
Max Holmes,501.0,0.2,bet365,2026-08-09 22:33
Harley Reid,501.0,0.2,bet365,2026-08-09 22:33
Jack Steele,588.0,0.17,Betfair,2026-08-09 22:33
Brodie Grundy,588.0,0.17,Betfair,2026-08-09 22:33
Shai Bolton,647.0,0.15,Betfair,2026-08-09 22:33
Zak Butters,657.0,0.15,Betfair,2026-08-09 22:33
Connor Rozee,980.0,0.1,Betfair,2026-08-09 22:33
Jye Caldwell,980.0,0.1,Betfair,2026-08-09 22:33
Tom Green,980.0,0.1,Betfair,2026-08-09 22:33
Tom De Koning,980.0,0.1,Betfair,2026-08-09 22:33
Daniel Curtin,980.0,0.1,Betfair,2026-08-09 22:33
Dan Houston,980.0,0.1,Betfair,2026-08-09 22:33
Dayne Zorko,980.0,0.1,Betfair,2026-08-09 22:33
Sam Darcy,980.0,0.1,Betfair,2026-08-09 22:33
Samuel Lalor,980.0,0.1,Betfair,2026-08-09 22:33
Tim Taranto,980.0,0.1,Betfair,2026-08-09 22:33
Jacob Hopper,980.0,0.1,Betfair,2026-08-09 22:33
Zach Merrett,1001.0,0.1,bet365,2026-08-09 22:33
Matt Rowell,1001.0,0.1,bet365,2026-08-09 22:33
Caleb Serong,1001.0,0.1,bet365,2026-08-09 22:33
Toby Greene,1501.0,0.07,bet365,2026-08-09 22:33
Nick Blakey,1501.0,0.07,bet365,2026-08-09 22:33
Jordan De Goey,1501.0,0.07,bet365,2026-08-09 22:33
Colby McKercher,1501.0,0.07,bet365,2026-08-09 22:33
Sam Durham,1501.0,0.07,bet365,2026-08-09 22:33
Jack Ginnivan,1501.0,0.07,bet365,2026-08-09 22:33
Callum Mills,1501.0,0.07,bet365,2026-08-09 22:33
Tom Atkins,1501.0,0.07,bet365,2026-08-09 22:33
Charlie Curnow,1501.0,0.07,bet365,2026-08-09 22:33
Jagga Smith,1501.0,0.07,bet365,2026-08-09 22:33
Patrick Dangerfield,1501.0,0.07,bet365,2026-08-09 22:33
Hugh McCluggage,1501.0,0.07,bet365,2026-08-09 22:33
Darcy Parish,1501.0,0.07,bet365,2026-08-09 22:33
Jeremy Cameron,1501.0,0.07,bet365,2026-08-09 22:33
Hayden Young,1501.0,0.07,bet365,2026-08-09 22:33
Marcus Windhager,1501.0,0.07,bet365,2026-08-09 22:33
George Hewett,1501.0,0.07,bet365,2026-08-09 22:33
Oliver Dempsey,1501.0,0.07,bet365,2026-08-09 22:33
Rowan Marshall,1501.0,0.07,bet365,2026-08-09 22:33
Gryan Miers,1501.0,0.07,bet365,2026-08-09 22:33
Josh Dunkley,2001.0,0.05,bet365,2026-08-09 22:33
Rory Laird,2001.0,0.05,bet365,2026-08-09 22:33
Scott Pendlebury,2001.0,0.05,bet365,2026-08-09 22:33
Josh Daicos,2001.0,0.05,bet365,2026-08-09 22:33
Touk Miller,2001.0,0.05,bet365,2026-08-09 22:33
Levi Ashcroft,2001.0,0.05,bet365,2026-08-09 22:33
Joel Freijah,2001.0,0.05,bet365,2026-08-09 22:33
Josh Ward,2001.0,0.05,bet365,2026-08-09 22:33
James Worpel,2001.0,0.05,bet365,2026-08-09 22:33
Jordan Clark,2001.0,0.05,bet365,2026-08-09 22:33
Jack Sinclair,2001.0,0.05,bet365,2026-08-09 22:33
Ollie Wines,2001.0,0.05,bet365,2026-08-09 22:33
Adam Cerra,2001.0,0.05,bet365,2026-08-09 22:33
Jake Soligo,2001.0,0.05,bet365,2026-08-09 22:33
Cam Rayner,2001.0,0.05,bet365,2026-08-09 22:33
Jaspa Fletcher,2001.0,0.05,bet365,2026-08-09 22:33
Tom Liberatore,2001.0,0.05,bet365,2026-08-09 22:33
Nick Daicos,1.2,83.33,Skybet,2026-08-11 13:47
Zak Butters,25.0,4.0,Betfair,2026-08-11 13:47
Marcus Bontempelli,51.0,1.96,Unibet,2026-08-11 13:47
Bailey Smith,61.0,1.64,Unibet,2026-08-11 13:47
Jordan Dawson,101.0,0.99,Skybet,2026-08-11 13:47
Isaac Heeney,101.0,0.99,Unibet,2026-08-11 13:47
Patrick Cripps,121.0,0.83,Unibet,2026-08-11 13:47
Jai Newcombe,126.0,0.79,Unibet,2026-08-11 13:47
Luke Jackson,151.0,0.66,Unibet,2026-08-11 13:47
Kysaiah Pickett,151.0,0.66,Unibet,2026-08-11 13:47
Lachie Neale,151.0,0.66,Unibet,2026-08-11 13:47
Will Ashcroft,151.0,0.66,BetMGM UK,2026-08-11 13:47
Harry Sheezel,181.0,0.55,Unibet,2026-08-11 13:47
Nasiah Wanganeen-Milera,251.0,0.4,Skybet,2026-08-11 13:47
Nic Martin,251.0,0.4,bet365,2026-08-11 13:47
Max Gawn,451.0,0.22,Unibet,2026-08-11 13:47
Luke Davies-Uniacke,451.0,0.22,Unibet,2026-08-11 13:47
Chad Warner,451.0,0.22,Unibet,2026-08-11 13:47
Andrew Brayshaw,501.0,0.2,Skybet,2026-08-11 13:47
Sam Walsh,501.0,0.2,bet365,2026-08-11 13:47
Ed Richards,501.0,0.2,Skybet,2026-08-11 13:47
Murphy Reid,501.0,0.2,Skybet,2026-08-11 13:47
Izak Rankine,501.0,0.2,bet365,2026-08-11 13:47
Clayton Oliver,501.0,0.2,bet365,2026-08-11 13:47
Finn Callaghan,501.0,0.2,bet365,2026-08-11 13:47
Noah Anderson,501.0,0.2,bet365,2026-08-11 13:47
Nick Watson,501.0,0.2,bet365,2026-08-11 13:47
Harley Reid,501.0,0.2,bet365,2026-08-11 13:47
Christian Petracca,501.0,0.2,Virgin Bet,2026-08-11 13:47
Miles Bergman,501.0,0.2,Skybet,2026-08-11 13:47
Will Day,501.0,0.2,Skybet,2026-08-11 13:47
Josh Rachele,501.0,0.2,bet365,2026-08-11 13:47
Harvey Langford,501.0,0.2,Skybet,2026-08-11 13:47
Brodie Grundy,588.0,0.17,Betfair,2026-08-11 13:47
Jack Steele,588.0,0.17,Betfair,2026-08-11 13:47
Shai Bolton,647.0,0.15,Betfair,2026-08-11 13:47
Errol Gulden,784.0,0.13,Betfair,2026-08-11 13:47
Tim Taranto,980.0,0.1,Betfair,2026-08-11 13:47
Josh Weddle,980.0,0.1,Betfair,2026-08-11 13:47
Max Holmes,980.0,0.1,Betfair,2026-08-11 13:47
Tom Green,980.0,0.1,Betfair,2026-08-11 13:47
Daniel Curtin,980.0,0.1,Betfair,2026-08-11 13:47
Tom De Koning,980.0,0.1,Betfair,2026-08-11 13:47
Sam Flanders,980.0,0.1,Betfair,2026-08-11 13:47
Connor Rozee,980.0,0.1,Betfair,2026-08-11 13:47
Jye Caldwell,980.0,0.1,Betfair,2026-08-11 13:47
Tim English,980.0,0.1,Betfair,2026-08-11 13:47
Samuel Lalor,980.0,0.1,Betfair,2026-08-11 13:47
Liam Baker,980.0,0.1,Betfair,2026-08-11 13:47
Sam Darcy,980.0,0.1,Betfair,2026-08-11 13:47
Dayne Zorko,980.0,0.1,Betfair,2026-08-11 13:47
Dan Houston,980.0,0.1,Betfair,2026-08-11 13:47
Jacob Hopper,980.0,0.1,Betfair,2026-08-11 13:47
Zach Merrett,1001.0,0.1,bet365,2026-08-11 13:47
Matt Rowell,1001.0,0.1,bet365,2026-08-11 13:47
Caleb Serong,1001.0,0.1,bet365,2026-08-11 13:47
Jack Gunston,1501.0,0.07,bet365,2026-08-11 13:47
Oliver Dempsey,1501.0,0.07,bet365,2026-08-11 13:47
Tom Atkins,1501.0,0.07,bet365,2026-08-11 13:47
Colby McKercher,1501.0,0.07,bet365,2026-08-11 13:47
Hayden Young,1501.0,0.07,bet365,2026-08-11 13:47
Jordan De Goey,1501.0,0.07,bet365,2026-08-11 13:47
Sam Durham,1501.0,0.07,bet365,2026-08-11 13:47
Rowan Marshall,1501.0,0.07,bet365,2026-08-11 13:47
Toby Greene,1501.0,0.07,bet365,2026-08-11 13:47
Jake Waterman,1501.0,0.07,bet365,2026-08-11 13:47
Patrick Dangerfield,1501.0,0.07,bet365,2026-08-11 13:47
Bailey Dale,1501.0,0.07,bet365,2026-08-11 13:47
Gryan Miers,1501.0,0.07,bet365,2026-08-11 13:47
Darcy Parish,1501.0,0.07,bet365,2026-08-11 13:47
George Hewett,1501.0,0.07,bet365,2026-08-11 13:47
Hugh McCluggage,1501.0,0.07,bet365,2026-08-11 13:47
Callum Mills,1501.0,0.07,bet365,2026-08-11 13:47
Charlie Curnow,1501.0,0.07,bet365,2026-08-11 13:47
Nick Blakey,1501.0,0.07,bet365,2026-08-11 13:47
Max Hall,1501.0,0.07,bet365,2026-08-11 13:47
Jack Ginnivan,1501.0,0.07,bet365,2026-08-11 13:47
Marcus Windhager,1501.0,0.07,bet365,2026-08-11 13:47
Jagga Smith,1501.0,0.07,bet365,2026-08-11 13:47
Jeremy Cameron,1501.0,0.07,bet365,2026-08-11 13:47
Rhylee West,2001.0,0.05,bet365,2026-08-11 13:47
Levi Ashcroft,2001.0,0.05,bet365,2026-08-11 13:47
Caleb Daniel,2001.0,0.05,bet365,2026-08-11 13:47
Tanner Bruhn,2001.0,0.05,bet365,2026-08-11 13:47
Matthew Kennedy,2001.0,0.05,bet365,2026-08-11 13:47
Josh Dunkley,2001.0,0.05,bet365,2026-08-11 13:47
Tom McCarthy,2001.0,0.05,bet365,2026-08-11 13:47
Lawson Humphries,2001.0,0.05,bet365,2026-08-11 13:47
Josh Daicos,2001.0,0.05,bet365,2026-08-11 13:47
Jaspa Fletcher,2001.0,0.05,bet365,2026-08-11 13:47
Joel Freijah,2001.0,0.05,bet365,2026-08-11 13:47
Dion Prestia,2001.0,0.05,bet365,2026-08-11 13:47
Cam Rayner,2001.0,0.05,bet365,2026-08-11 13:47
Jake Soligo,2001.0,0.05,bet365,2026-08-11 13:47
Rory Laird,2001.0,0.05,bet365,2026-08-11 13:47
Ben Keays,2001.0,0.05,bet365,2026-08-11 13:47
Sam Switkowski,2001.0,0.05,bet365,2026-08-11 13:47
Jake Stringer,2001.0,0.05,bet365,2026-08-11 13:47
Touk Miller,2001.0,0.05,bet365,2026-08-11 13:47
Scott Pendlebury,2001.0,0.05,bet365,2026-08-11 13:47
Jack Crisp,2001.0,0.05,bet365,2026-08-11 13:47
Tom Liberatore,2001.0,0.05,bet365,2026-08-11 13:47
Lachlan Ash,2001.0,0.05,bet365,2026-08-11 13:47
Josh Ward,2001.0,0.05,bet365,2026-08-11 13:47
Tom Stewart,2001.0,0.05,bet365,2026-08-11 13:47
James Worpel,2001.0,0.05,bet365,2026-08-11 13:47
Jordan Clark,2001.0,0.05,bet365,2026-08-11 13:47
Daniel Rioli,2001.0,0.05,bet365,2026-08-11 13:47
Darcy Cameron,2001.0,0.05,bet365,2026-08-11 13:47
Marc Pittonet,2001.0,0.05,bet365,2026-08-11 13:47
Jack Sinclair,2001.0,0.05,bet365,2026-08-11 13:47
Adam Cerra,2001.0,0.05,bet365,2026-08-11 13:47
Mark Blicavs,2001.0,0.05,bet365,2026-08-11 13:47
Ollie Wines,2001.0,0.05,bet365,2026-08-11 13:47
Nick Daicos,1.2,83.33,Skybet,2026-08-11 15:23
Zak Butters,25.0,4.0,Betfair,2026-08-11 15:23
Marcus Bontempelli,51.0,1.96,Unibet,2026-08-11 15:23
Bailey Smith,61.0,1.64,Unibet,2026-08-11 15:23
Jordan Dawson,101.0,0.99,Skybet,2026-08-11 15:23
Isaac Heeney,101.0,0.99,Unibet,2026-08-11 15:23
Patrick Cripps,121.0,0.83,Unibet,2026-08-11 15:23
Jai Newcombe,126.0,0.79,Unibet,2026-08-11 15:23
Luke Jackson,151.0,0.66,Unibet,2026-08-11 15:23
Kysaiah Pickett,151.0,0.66,Unibet,2026-08-11 15:23
Lachie Neale,151.0,0.66,Unibet,2026-08-11 15:23
Will Ashcroft,151.0,0.66,BetMGM UK,2026-08-11 15:23
Harry Sheezel,181.0,0.55,Unibet,2026-08-11 15:23
Nasiah Wanganeen-Milera,251.0,0.4,Skybet,2026-08-11 15:23
Nic Martin,251.0,0.4,bet365,2026-08-11 15:23
Max Gawn,451.0,0.22,Unibet,2026-08-11 15:23
Luke Davies-Uniacke,451.0,0.22,Unibet,2026-08-11 15:23
Chad Warner,451.0,0.22,Unibet,2026-08-11 15:23
Andrew Brayshaw,501.0,0.2,Skybet,2026-08-11 15:23
Sam Walsh,501.0,0.2,bet365,2026-08-11 15:23
Ed Richards,501.0,0.2,Skybet,2026-08-11 15:23
Murphy Reid,501.0,0.2,Skybet,2026-08-11 15:23
Izak Rankine,501.0,0.2,bet365,2026-08-11 15:23
Clayton Oliver,501.0,0.2,bet365,2026-08-11 15:23
Finn Callaghan,501.0,0.2,bet365,2026-08-11 15:23
Noah Anderson,501.0,0.2,bet365,2026-08-11 15:23
Nick Watson,501.0,0.2,bet365,2026-08-11 15:23
Harley Reid,501.0,0.2,bet365,2026-08-11 15:23
Christian Petracca,501.0,0.2,Virgin Bet,2026-08-11 15:23
Miles Bergman,501.0,0.2,Skybet,2026-08-11 15:23
Will Day,501.0,0.2,Skybet,2026-08-11 15:23
Josh Rachele,501.0,0.2,bet365,2026-08-11 15:23
Harvey Langford,501.0,0.2,Skybet,2026-08-11 15:23
Brodie Grundy,588.0,0.17,Betfair,2026-08-11 15:23
Jack Steele,588.0,0.17,Betfair,2026-08-11 15:23
Shai Bolton,647.0,0.15,Betfair,2026-08-11 15:23
Errol Gulden,784.0,0.13,Betfair,2026-08-11 15:23
Tim Taranto,980.0,0.1,Betfair,2026-08-11 15:23
Josh Weddle,980.0,0.1,Betfair,2026-08-11 15:23
Max Holmes,980.0,0.1,Betfair,2026-08-11 15:23
Tom Green,980.0,0.1,Betfair,2026-08-11 15:23
Daniel Curtin,980.0,0.1,Betfair,2026-08-11 15:23
Tom De Koning,980.0,0.1,Betfair,2026-08-11 15:23
Sam Flanders,980.0,0.1,Betfair,2026-08-11 15:23
Connor Rozee,980.0,0.1,Betfair,2026-08-11 15:23
Jye Caldwell,980.0,0.1,Betfair,2026-08-11 15:23
Tim English,980.0,0.1,Betfair,2026-08-11 15:23
Samuel Lalor,980.0,0.1,Betfair,2026-08-11 15:23
Liam Baker,980.0,0.1,Betfair,2026-08-11 15:23
Sam Darcy,980.0,0.1,Betfair,2026-08-11 15:23
Dayne Zorko,980.0,0.1,Betfair,2026-08-11 15:23
Dan Houston,980.0,0.1,Betfair,2026-08-11 15:23
Jacob Hopper,980.0,0.1,Betfair,2026-08-11 15:23
Zach Merrett,1001.0,0.1,bet365,2026-08-11 15:23
Matt Rowell,1001.0,0.1,bet365,2026-08-11 15:23
Caleb Serong,1001.0,0.1,bet365,2026-08-11 15:23
Jack Gunston,1501.0,0.07,bet365,2026-08-11 15:23
Oliver Dempsey,1501.0,0.07,bet365,2026-08-11 15:23
Tom Atkins,1501.0,0.07,bet365,2026-08-11 15:23
Colby McKercher,1501.0,0.07,bet365,2026-08-11 15:23
Hayden Young,1501.0,0.07,bet365,2026-08-11 15:23
Jordan De Goey,1501.0,0.07,bet365,2026-08-11 15:23
Sam Durham,1501.0,0.07,bet365,2026-08-11 15:23
Rowan Marshall,1501.0,0.07,bet365,2026-08-11 15:23
Toby Greene,1501.0,0.07,bet365,2026-08-11 15:23
Jake Waterman,1501.0,0.07,bet365,2026-08-11 15:23
Patrick Dangerfield,1501.0,0.07,bet365,2026-08-11 15:23
Bailey Dale,1501.0,0.07,bet365,2026-08-11 15:23
Gryan Miers,1501.0,0.07,bet365,2026-08-11 15:23
Darcy Parish,1501.0,0.07,bet365,2026-08-11 15:23
George Hewett,1501.0,0.07,bet365,2026-08-11 15:23
Hugh McCluggage,1501.0,0.07,bet365,2026-08-11 15:23
Callum Mills,1501.0,0.07,bet365,2026-08-11 15:23
Charlie Curnow,1501.0,0.07,bet365,2026-08-11 15:23
Nick Blakey,1501.0,0.07,bet365,2026-08-11 15:23
Max Hall,1501.0,0.07,bet365,2026-08-11 15:23
Jack Ginnivan,1501.0,0.07,bet365,2026-08-11 15:23
Marcus Windhager,1501.0,0.07,bet365,2026-08-11 15:23
Jagga Smith,1501.0,0.07,bet365,2026-08-11 15:23
Jeremy Cameron,1501.0,0.07,bet365,2026-08-11 15:23
Rhylee West,2001.0,0.05,bet365,2026-08-11 15:23
Levi Ashcroft,2001.0,0.05,bet365,2026-08-11 15:23
Caleb Daniel,2001.0,0.05,bet365,2026-08-11 15:23
Tanner Bruhn,2001.0,0.05,bet365,2026-08-11 15:23
Matthew Kennedy,2001.0,0.05,bet365,2026-08-11 15:23
Josh Dunkley,2001.0,0.05,bet365,2026-08-11 15:23
Tom McCarthy,2001.0,0.05,bet365,2026-08-11 15:23
Lawson Humphries,2001.0,0.05,bet365,2026-08-11 15:23
Josh Daicos,2001.0,0.05,bet365,2026-08-11 15:23
Jaspa Fletcher,2001.0,0.05,bet365,2026-08-11 15:23
Joel Freijah,2001.0,0.05,bet365,2026-08-11 15:23
Dion Prestia,2001.0,0.05,bet365,2026-08-11 15:23
Cam Rayner,2001.0,0.05,bet365,2026-08-11 15:23
Jake Soligo,2001.0,0.05,bet365,2026-08-11 15:23
Rory Laird,2001.0,0.05,bet365,2026-08-11 15:23
Ben Keays,2001.0,0.05,bet365,2026-08-11 15:23
Sam Switkowski,2001.0,0.05,bet365,2026-08-11 15:23
Jake Stringer,2001.0,0.05,bet365,2026-08-11 15:23
Touk Miller,2001.0,0.05,bet365,2026-08-11 15:23
Scott Pendlebury,2001.0,0.05,bet365,2026-08-11 15:23
Jack Crisp,2001.0,0.05,bet365,2026-08-11 15:23
Tom Liberatore,2001.0,0.05,bet365,2026-08-11 15:23
Lachlan Ash,2001.0,0.05,bet365,2026-08-11 15:23
Josh Ward,2001.0,0.05,bet365,2026-08-11 15:23
Tom Stewart,2001.0,0.05,bet365,2026-08-11 15:23
James Worpel,2001.0,0.05,bet365,2026-08-11 15:23
Jordan Clark,2001.0,0.05,bet365,2026-08-11 15:23
Daniel Rioli,2001.0,0.05,bet365,2026-08-11 15:23
Darcy Cameron,2001.0,0.05,bet365,2026-08-11 15:23
Marc Pittonet,2001.0,0.05,bet365,2026-08-11 15:23
Jack Sinclair,2001.0,0.05,bet365,2026-08-11 15:23
Adam Cerra,2001.0,0.05,bet365,2026-08-11 15:23
Mark Blicavs,2001.0,0.05,bet365,2026-08-11 15:23
Ollie Wines,2001.0,0.05,bet365,2026-08-11 15:23
Nick Daicos,1.02,98.04,Unibet,2026-08-17 11:04
Marcus Bontempelli,81.0,1.23,Unibet,2026-08-17 11:04
Bailey Smith,121.0,0.83,Unibet,2026-08-17 11:04
Patrick Cripps,141.0,0.71,Unibet,2026-08-17 11:04
Will Ashcroft,181.0,0.55,Unibet,2026-08-17 11:04
Isaac Heeney,226.0,0.44,Unibet,2026-08-17 11:04
Lachie Neale,226.0,0.44,Unibet,2026-08-17 11:04
Jai Newcombe,226.0,0.44,Unibet,2026-08-17 11:04
Jordan Dawson,226.0,0.44,Unibet,2026-08-17 11:04
Nic Martin,251.0,0.4,bet365,2026-08-17 11:04
Luke Jackson,301.0,0.33,Unibet,2026-08-17 11:04
Kysaiah Pickett,301.0,0.33,Unibet,2026-08-17 11:04
Harry Sheezel,301.0,0.33,Unibet,2026-08-17 11:04
Sam Walsh,501.0,0.2,bet365,2026-08-17 11:04
Andrew Brayshaw,501.0,0.2,Unibet,2026-08-17 11:04
Clayton Oliver,501.0,0.2,bet365,2026-08-17 11:04
Chad Warner,501.0,0.2,Unibet,2026-08-17 11:04
Harley Reid,501.0,0.2,bet365,2026-08-17 11:04
Ed Richards,501.0,0.2,Unibet,2026-08-17 11:04
Murphy Reid,501.0,0.2,Unibet,2026-08-17 11:04
Max Gawn,501.0,0.2,Unibet,2026-08-17 11:04
Josh Rachele,501.0,0.2,bet365,2026-08-17 11:04
Shai Bolton,501.0,0.2,bet365,2026-08-17 11:04
Izak Rankine,501.0,0.2,bet365,2026-08-17 11:04
Finn Callaghan,501.0,0.2,bet365,2026-08-17 11:04
Luke Davies-Uniacke,501.0,0.2,Unibet,2026-08-17 11:04
Nasiah Wanganeen-Milera,501.0,0.2,Unibet,2026-08-17 11:04
Noah Anderson,501.0,0.2,bet365,2026-08-17 11:04
Christian Petracca,501.0,0.2,Unibet,2026-08-17 11:04
Harvey Langford,501.0,0.2,Skybet,2026-08-17 11:04
Miles Bergman,501.0,0.2,Skybet,2026-08-17 11:04
Will Day,501.0,0.2,Skybet,2026-08-17 11:04
Zak Butters,501.0,0.2,Skybet,2026-08-17 11:04
Nick Watson,588.0,0.17,Betfair,2026-08-17 11:04
Brodie Grundy,588.0,0.17,Betfair,2026-08-17 11:04
Jack Steele,588.0,0.17,Betfair,2026-08-17 11:04
Errol Gulden,784.0,0.13,Betfair,2026-08-17 11:04
Sam Darcy,980.0,0.1,Betfair,2026-08-17 11:04
Tim Taranto,980.0,0.1,Betfair,2026-08-17 11:04
Samuel Lalor,980.0,0.1,Betfair,2026-08-17 11:04
Tom Green,980.0,0.1,Betfair,2026-08-17 11:04
Daniel Curtin,980.0,0.1,Betfair,2026-08-17 11:04
Josh Weddle,980.0,0.1,Betfair,2026-08-17 11:04
Sam Flanders,980.0,0.1,Betfair,2026-08-17 11:04
Connor Rozee,980.0,0.1,Betfair,2026-08-17 11:04
Jye Caldwell,980.0,0.1,Betfair,2026-08-17 11:04
Tim English,980.0,0.1,Betfair,2026-08-17 11:04
Dan Houston,980.0,0.1,Betfair,2026-08-17 11:04
Liam Baker,980.0,0.1,Betfair,2026-08-17 11:04
Jacob Hopper,980.0,0.1,Betfair,2026-08-17 11:04
Tom De Koning,980.0,0.1,Betfair,2026-08-17 11:04
Max Holmes,980.0,0.1,Betfair,2026-08-17 11:04
Dayne Zorko,980.0,0.1,Betfair,2026-08-17 11:04
Matt Rowell,1001.0,0.1,bet365,2026-08-17 11:04
Caleb Serong,1001.0,0.1,bet365,2026-08-17 11:04
Zach Merrett,1001.0,0.1,bet365,2026-08-17 11:04
Oliver Dempsey,1501.0,0.07,bet365,2026-08-17 11:04
Tom Atkins,1501.0,0.07,bet365,2026-08-17 11:04
Colby McKercher,1501.0,0.07,bet365,2026-08-17 11:04
Hayden Young,1501.0,0.07,bet365,2026-08-17 11:04
Jordan De Goey,1501.0,0.07,bet365,2026-08-17 11:04
Sam Durham,1501.0,0.07,bet365,2026-08-17 11:04
Rowan Marshall,1501.0,0.07,bet365,2026-08-17 11:04
Jack Gunston,1501.0,0.07,bet365,2026-08-17 11:04
Jeremy Cameron,1501.0,0.07,bet365,2026-08-17 11:04
Toby Greene,1501.0,0.07,bet365,2026-08-17 11:04
Jake Waterman,1501.0,0.07,bet365,2026-08-17 11:04
Patrick Dangerfield,1501.0,0.07,bet365,2026-08-17 11:04
Bailey Dale,1501.0,0.07,bet365,2026-08-17 11:04
Gryan Miers,1501.0,0.07,bet365,2026-08-17 11:04
Darcy Parish,1501.0,0.07,bet365,2026-08-17 11:04
George Hewett,1501.0,0.07,bet365,2026-08-17 11:04
Hugh McCluggage,1501.0,0.07,bet365,2026-08-17 11:04
Callum Mills,1501.0,0.07,bet365,2026-08-17 11:04
Charlie Curnow,1501.0,0.07,bet365,2026-08-17 11:04
Nick Blakey,1501.0,0.07,bet365,2026-08-17 11:04
Max Hall,1501.0,0.07,bet365,2026-08-17 11:04
Jack Ginnivan,1501.0,0.07,bet365,2026-08-17 11:04
Marcus Windhager,1501.0,0.07,bet365,2026-08-17 11:04
Jagga Smith,1501.0,0.07,bet365,2026-08-17 11:04
Tanner Bruhn,2001.0,0.05,bet365,2026-08-17 11:04
Rhylee West,2001.0,0.05,bet365,2026-08-17 11:04
Levi Ashcroft,2001.0,0.05,bet365,2026-08-17 11:04
Caleb Daniel,2001.0,0.05,bet365,2026-08-17 11:04
Josh Dunkley,2001.0,0.05,bet365,2026-08-17 11:04
Rory Laird,2001.0,0.05,bet365,2026-08-17 11:04
Lawson Humphries,2001.0,0.05,bet365,2026-08-17 11:04
Tom McCarthy,2001.0,0.05,bet365,2026-08-17 11:04
Jaspa Fletcher,2001.0,0.05,bet365,2026-08-17 11:04
Joel Freijah,2001.0,0.05,bet365,2026-08-17 11:04
Dion Prestia,2001.0,0.05,bet365,2026-08-17 11:04
Cam Rayner,2001.0,0.05,bet365,2026-08-17 11:04
Jake Soligo,2001.0,0.05,bet365,2026-08-17 11:04
Ollie Wines,2001.0,0.05,bet365,2026-08-17 11:04
Ben Keays,2001.0,0.05,bet365,2026-08-17 11:04
Matthew Kennedy,2001.0,0.05,bet365,2026-08-17 11:04
Jake Stringer,2001.0,0.05,bet365,2026-08-17 11:04
Sam Switkowski,2001.0,0.05,bet365,2026-08-17 11:04
Scott Pendlebury,2001.0,0.05,bet365,2026-08-17 11:04
Touk Miller,2001.0,0.05,bet365,2026-08-17 11:04
Tom Liberatore,2001.0,0.05,bet365,2026-08-17 11:04
Jack Crisp,2001.0,0.05,bet365,2026-08-17 11:04
Josh Ward,2001.0,0.05,bet365,2026-08-17 11:04
Lachlan Ash,2001.0,0.05,bet365,2026-08-17 11:04
Daniel Rioli,2001.0,0.05,bet365,2026-08-17 11:04
Tom Stewart,2001.0,0.05,bet365,2026-08-17 11:04
James Worpel,2001.0,0.05,bet365,2026-08-17 11:04
Jordan Clark,2001.0,0.05,bet365,2026-08-17 11:04
Marc Pittonet,2001.0,0.05,bet365,2026-08-17 11:04
Darcy Cameron,2001.0,0.05,bet365,2026-08-17 11:04
Adam Cerra,2001.0,0.05,bet365,2026-08-17 11:04
Jack Sinclair,2001.0,0.05,bet365,2026-08-17 11:04
Josh Daicos,2001.0,0.05,bet365,2026-08-17 11:04
Mark Blicavs,2001.0,0.05,bet365,2026-08-17 11:04
Nick Daicos,1.01,99.01,bet365,2026-08-24 17:45
Marcus Bontempelli,51.0,1.96,Unibet,2026-08-24 17:45
Bailey Smith,61.0,1.64,Unibet,2026-08-24 17:45
Patrick Cripps,81.0,1.23,Unibet,2026-08-24 17:45
Will Ashcroft,108.0,0.93,Betfair,2026-08-24 17:45
Lachie Neale,126.0,0.79,Unibet,2026-08-24 17:45
Jai Newcombe,126.0,0.79,Unibet,2026-08-24 17:45
Jordan Dawson,126.0,0.79,Unibet,2026-08-24 17:45
Isaac Heeney,151.0,0.66,Skybet,2026-08-24 17:45
Luke Jackson,201.0,0.5,Unibet,2026-08-24 17:45
Kysaiah Pickett,251.0,0.4,Virgin Bet,2026-08-24 17:45
Harry Sheezel,251.0,0.4,Virgin Bet,2026-08-24 17:45
Nic Martin,251.0,0.4,bet365,2026-08-24 17:45
Max Gawn,301.0,0.33,Unibet,2026-08-24 17:45
Chad Warner,301.0,0.33,Unibet,2026-08-24 17:45
Luke Davies-Uniacke,301.0,0.33,Unibet,2026-08-24 17:45
Harvey Langford,490.0,0.2,Betfair,2026-08-24 17:45
Clayton Oliver,501.0,0.2,bet365,2026-08-24 17:45
Ed Richards,501.0,0.2,Virgin Bet,2026-08-24 17:45
Murphy Reid,501.0,0.2,Virgin Bet,2026-08-24 17:45
Josh Rachele,501.0,0.2,bet365,2026-08-24 17:45
Nick Watson,501.0,0.2,bet365,2026-08-24 17:45
Izak Rankine,501.0,0.2,bet365,2026-08-24 17:45
Andrew Brayshaw,501.0,0.2,Virgin Bet,2026-08-24 17:45
Nasiah Wanganeen-Milera,501.0,0.2,Skybet,2026-08-24 17:45
Noah Anderson,501.0,0.2,bet365,2026-08-24 17:45
Finn Callaghan,501.0,0.2,bet365,2026-08-24 17:45
Harley Reid,501.0,0.2,bet365,2026-08-24 17:45
Christian Petracca,501.0,0.2,Virgin Bet,2026-08-24 17:45
Shai Bolton,501.0,0.2,bet365,2026-08-24 17:45
Jack Steele,588.0,0.17,Betfair,2026-08-24 17:45
Brodie Grundy,588.0,0.17,Betfair,2026-08-24 17:45
Sam Walsh,696.0,0.14,Betfair,2026-08-24 17:45
Errol Gulden,784.0,0.13,Betfair,2026-08-24 17:45
Tim Taranto,980.0,0.1,Betfair,2026-08-24 17:45
Max Holmes,980.0,0.1,Betfair,2026-08-24 17:45
Zak Butters,980.0,0.1,Betfair,2026-08-24 17:45
Samuel Lalor,980.0,0.1,Betfair,2026-08-24 17:45
Jye Caldwell,980.0,0.1,Betfair,2026-08-24 17:45
Tim English,980.0,0.1,Betfair,2026-08-24 17:45
Dan Houston,980.0,0.1,Betfair,2026-08-24 17:45
Sam Flanders,980.0,0.1,Betfair,2026-08-24 17:45
Daniel Curtin,980.0,0.1,Betfair,2026-08-24 17:45
Tom De Koning,980.0,0.1,Betfair,2026-08-24 17:45
Jacob Hopper,980.0,0.1,Betfair,2026-08-24 17:45
Dayne Zorko,980.0,0.1,Betfair,2026-08-24 17:45
Liam Baker,980.0,0.1,Betfair,2026-08-24 17:45
Sam Darcy,980.0,0.1,Betfair,2026-08-24 17:45
Josh Weddle,980.0,0.1,Betfair,2026-08-24 17:45
Connor Rozee,980.0,0.1,Betfair,2026-08-24 17:45
Matt Rowell,1001.0,0.1,bet365,2026-08-24 17:45
Caleb Serong,1001.0,0.1,bet365,2026-08-24 17:45
Zach Merrett,1001.0,0.1,bet365,2026-08-24 17:45
Jordan De Goey,1501.0,0.07,bet365,2026-08-24 17:45
Sam Durham,1501.0,0.07,bet365,2026-08-24 17:45
Rowan Marshall,1501.0,0.07,bet365,2026-08-24 17:45
Jack Gunston,1501.0,0.07,bet365,2026-08-24 17:45
Oliver Dempsey,1501.0,0.07,bet365,2026-08-24 17:45
Tom Atkins,1501.0,0.07,bet365,2026-08-24 17:45
Colby McKercher,1501.0,0.07,bet365,2026-08-24 17:45
Hayden Young,1501.0,0.07,bet365,2026-08-24 17:45
Patrick Dangerfield,1501.0,0.07,bet365,2026-08-24 17:45
Jake Waterman,1501.0,0.07,bet365,2026-08-24 17:45
Toby Greene,1501.0,0.07,bet365,2026-08-24 17:45
Callum Mills,1501.0,0.07,bet365,2026-08-24 17:45
Charlie Curnow,1501.0,0.07,bet365,2026-08-24 17:45
Nick Blakey,1501.0,0.07,bet365,2026-08-24 17:45
Bailey Dale,1501.0,0.07,bet365,2026-08-24 17:45
Gryan Miers,1501.0,0.07,bet365,2026-08-24 17:45
Darcy Parish,1501.0,0.07,bet365,2026-08-24 17:45
George Hewett,1501.0,0.07,bet365,2026-08-24 17:45
Hugh McCluggage,1501.0,0.07,bet365,2026-08-24 17:45
Jack Ginnivan,1501.0,0.07,bet365,2026-08-24 17:45
Marcus Windhager,1501.0,0.07,bet365,2026-08-24 17:45
Jagga Smith,1501.0,0.07,bet365,2026-08-24 17:45
Max Hall,1501.0,0.07,bet365,2026-08-24 17:45
Jeremy Cameron,1501.0,0.07,bet365,2026-08-24 17:45
Rhylee West,2001.0,0.05,bet365,2026-08-24 17:45
Caleb Daniel,2001.0,0.05,bet365,2026-08-24 17:45
Levi Ashcroft,2001.0,0.05,bet365,2026-08-24 17:45
Adam Cerra,2001.0,0.05,bet365,2026-08-24 17:45
Tanner Bruhn,2001.0,0.05,bet365,2026-08-24 17:45
Tom McCarthy,2001.0,0.05,bet365,2026-08-24 17:45
Lawson Humphries,2001.0,0.05,bet365,2026-08-24 17:45
Matthew Kennedy,2001.0,0.05,bet365,2026-08-24 17:45
Josh Dunkley,2001.0,0.05,bet365,2026-08-24 17:45
Rory Laird,2001.0,0.05,bet365,2026-08-24 17:45
Ben Keays,2001.0,0.05,bet365,2026-08-24 17:45
Josh Daicos,2001.0,0.05,bet365,2026-08-24 17:45
Jaspa Fletcher,2001.0,0.05,bet365,2026-08-24 17:45
Joel Freijah,2001.0,0.05,bet365,2026-08-24 17:45
Dion Prestia,2001.0,0.05,bet365,2026-08-24 17:45
Cam Rayner,2001.0,0.05,bet365,2026-08-24 17:45
Jake Soligo,2001.0,0.05,bet365,2026-08-24 17:45
Ollie Wines,2001.0,0.05,bet365,2026-08-24 17:45
Mark Blicavs,2001.0,0.05,bet365,2026-08-24 17:45
Sam Switkowski,2001.0,0.05,bet365,2026-08-24 17:45
Jake Stringer,2001.0,0.05,bet365,2026-08-24 17:45
Touk Miller,2001.0,0.05,bet365,2026-08-24 17:45
Scott Pendlebury,2001.0,0.05,bet365,2026-08-24 17:45
Jack Crisp,2001.0,0.05,bet365,2026-08-24 17:45
Tom Liberatore,2001.0,0.05,bet365,2026-08-24 17:45
Lachlan Ash,2001.0,0.05,bet365,2026-08-24 17:45
Josh Ward,2001.0,0.05,bet365,2026-08-24 17:45
Tom Stewart,2001.0,0.05,bet365,2026-08-24 17:45
James Worpel,2001.0,0.05,bet365,2026-08-24 17:45
Jordan Clark,2001.0,0.05,bet365,2026-08-24 17:45
Daniel Rioli,2001.0,0.05,bet365,2026-08-24 17:45
Darcy Cameron,2001.0,0.05,bet365,2026-08-24 17:45
Marc Pittonet,2001.0,0.05,bet365,2026-08-24 17:45
Jack Sinclair,2001.0,0.05,bet365,2026-08-24 17:45
