player,bookie,odds,scraped_at
Nick Daicos,bet365,1.2,2026-07-28 12:52
Marcus Bontempelli,bet365,12.0,2026-07-28 12:52
Bailey Smith,bet365,21.0,2026-07-28 12:52
Jordan Dawson,bet365,23.0,2026-07-28 12:52
Luke Jackson,bet365,51.0,2026-07-28 12:52
Isaac Heeney,bet365,26.0,2026-07-28 12:52
Kysaiah Pickett,bet365,41.0,2026-07-28 12:52
Patrick Cripps,bet365,41.0,2026-07-28 12:52
Lachie Neale,bet365,51.0,2026-07-28 12:52
Jai Newcombe,bet365,81.0,2026-07-28 12:52
Harry Sheezel,bet365,101.0,2026-07-28 12:52
Will Ashcroft,bet365,151.0,2026-07-28 12:52
Nasiah Wanganeen-Milera,bet365,151.0,2026-07-28 12:52
Andrew Brayshaw,bet365,251.0,2026-07-28 12:52
Ed Richards,bet365,251.0,2026-07-28 12:52
Murphy Reid,bet365,251.0,2026-07-28 12:52
Max Gawn,bet365,251.0,2026-07-28 12:52
Nic Martin,bet365,251.0,2026-07-28 12:52
Chad Warner,bet365,251.0,2026-07-28 12:52
Luke Davies-Uniacke,bet365,251.0,2026-07-28 12:52
Christian Petracca,bet365,251.0,2026-07-28 12:52
Sam Walsh,bet365,501.0,2026-07-28 12:52
Brodie Grundy,bet365,501.0,2026-07-28 12:52
Max Holmes,bet365,501.0,2026-07-28 12:52
Clayton Oliver,bet365,501.0,2026-07-28 12:52
Josh Rachele,bet365,501.0,2026-07-28 12:52
Shai Bolton,bet365,501.0,2026-07-28 12:52
Izak Rankine,bet365,501.0,2026-07-28 12:52
Nick Watson,bet365,501.0,2026-07-28 12:52
Harley Reid,bet365,501.0,2026-07-28 12:52
Noah Anderson,bet365,501.0,2026-07-28 12:52
Finn Callaghan,bet365,501.0,2026-07-28 12:52
Tim Taranto,bet365,501.0,2026-07-28 12:52
Matt Rowell,bet365,1001.0,2026-07-28 12:52
Caleb Serong,bet365,1001.0,2026-07-28 12:52
Zach Merrett,bet365,1001.0,2026-07-28 12:52
Jordan De Goey,bet365,1501.0,2026-07-28 12:52
Sam Durham,bet365,1501.0,2026-07-28 12:52
Rowan Marshall,bet365,1501.0,2026-07-28 12:52
Jack Gunston,bet365,1501.0,2026-07-28 12:52
Oliver Dempsey,bet365,1501.0,2026-07-28 12:52
Tom Atkins,bet365,1501.0,2026-07-28 12:52
Colby McKercher,bet365,1501.0,2026-07-28 12:52
Hayden Young,bet365,1501.0,2026-07-28 12:52
Patrick Dangerfield,bet365,1501.0,2026-07-28 12:52
Jake Waterman,bet365,1501.0,2026-07-28 12:52
Toby Greene,bet365,1501.0,2026-07-28 12:52
Jeremy Cameron,bet365,1501.0,2026-07-28 12:52
Jagga Smith,bet365,1501.0,2026-07-28 12:52
Marcus Windhager,bet365,1501.0,2026-07-28 12:52
Jack Ginnivan,bet365,1501.0,2026-07-28 12:52
Max Hall,bet365,1501.0,2026-07-28 12:52
Nick Blakey,bet365,1501.0,2026-07-28 12:52
Charlie Curnow,bet365,1501.0,2026-07-28 12:52
Callum Mills,bet365,1501.0,2026-07-28 12:52
Hugh McCluggage,bet365,1501.0,2026-07-28 12:52
George Hewett,bet365,1501.0,2026-07-28 12:52
Darcy Parish,bet365,1501.0,2026-07-28 12:52
Gryan Miers,bet365,1501.0,2026-07-28 12:52
Bailey Dale,bet365,1501.0,2026-07-28 12:52
Caleb Daniel,bet365,2001.0,2026-07-28 12:52
Levi Ashcroft,bet365,2001.0,2026-07-28 12:52
Rhylee West,bet365,2001.0,2026-07-28 12:52
Tanner Bruhn,bet365,2001.0,2026-07-28 12:52
Lawson Humphries,bet365,2001.0,2026-07-28 12:52
Tom McCarthy,bet365,2001.0,2026-07-28 12:52
Ben Keays,bet365,2001.0,2026-07-28 12:52
Matthew Kennedy,bet365,2001.0,2026-07-28 12:52
Josh Dunkley,bet365,2001.0,2026-07-28 12:52
Rory Laird,bet365,2001.0,2026-07-28 12:52
Mark Blicavs,bet365,2001.0,2026-07-28 12:52
Josh Daicos,bet365,2001.0,2026-07-28 12:52
Jaspa Fletcher,bet365,2001.0,2026-07-28 12:52
Joel Freijah,bet365,2001.0,2026-07-28 12:52
Dion Prestia,bet365,2001.0,2026-07-28 12:52
Cam Rayner,bet365,2001.0,2026-07-28 12:52
Jake Soligo,bet365,2001.0,2026-07-28 12:52
Ollie Wines,bet365,2001.0,2026-07-28 12:52
Adam Cerra,bet365,2001.0,2026-07-28 12:52
Jack Sinclair,bet365,2001.0,2026-07-28 12:52
Darcy Cameron,bet365,2001.0,2026-07-28 12:52
Marc Pittonet,bet365,2001.0,2026-07-28 12:52
Tom Stewart,bet365,2001.0,2026-07-28 12:52
Daniel Rioli,bet365,2001.0,2026-07-28 12:52
Jordan Clark,bet365,2001.0,2026-07-28 12:52
James Worpel,bet365,2001.0,2026-07-28 12:52
Josh Ward,bet365,2001.0,2026-07-28 12:52
Lachlan Ash,bet365,2001.0,2026-07-28 12:52
Jack Crisp,bet365,2001.0,2026-07-28 12:52
Tom Liberatore,bet365,2001.0,2026-07-28 12:52
Scott Pendlebury,bet365,2001.0,2026-07-28 12:52
Touk Miller,bet365,2001.0,2026-07-28 12:52
Jake Stringer,bet365,2001.0,2026-07-28 12:52
Sam Switkowski,bet365,2001.0,2026-07-28 12:52
Liam Baker,bet365,1001.0,2026-07-28 12:52
Nick Daicos,Unibet,1.2,2026-07-28 12:52
Marcus Bontempelli,Unibet,12.0,2026-07-28 12:52
Bailey Smith,Unibet,21.0,2026-07-28 12:52
Jordan Dawson,Unibet,23.0,2026-07-28 12:52
Luke Jackson,Unibet,51.0,2026-07-28 12:52
Isaac Heeney,Unibet,26.0,2026-07-28 12:52
Kysaiah Pickett,Unibet,41.0,2026-07-28 12:52
Patrick Cripps,Unibet,41.0,2026-07-28 12:52
Lachie Neale,Unibet,51.0,2026-07-28 12:52
Jai Newcombe,Unibet,81.0,2026-07-28 12:52
Harry Sheezel,Unibet,101.0,2026-07-28 12:52
Will Ashcroft,Unibet,151.0,2026-07-28 12:52
Nasiah Wanganeen-Milera,Unibet,151.0,2026-07-28 12:52
Andrew Brayshaw,Unibet,251.0,2026-07-28 12:52
Ed Richards,Unibet,251.0,2026-07-28 12:52
Murphy Reid,Unibet,251.0,2026-07-28 12:52
Max Gawn,Unibet,251.0,2026-07-28 12:52
Chad Warner,Unibet,251.0,2026-07-28 12:52
Luke Davies-Uniacke,Unibet,251.0,2026-07-28 12:52
Christian Petracca,Unibet,251.0,2026-07-28 12:52
Sam Walsh,Unibet,501.0,2026-07-28 12:52
Brodie Grundy,Unibet,501.0,2026-07-28 12:52
Max Holmes,Unibet,501.0,2026-07-28 12:52
Josh Rachele,Unibet,501.0,2026-07-28 12:52
Shai Bolton,Unibet,501.0,2026-07-28 12:52
Izak Rankine,Unibet,501.0,2026-07-28 12:52
Nick Watson,Unibet,501.0,2026-07-28 12:52
Harley Reid,Unibet,501.0,2026-07-28 12:52
Noah Anderson,Unibet,501.0,2026-07-28 12:52
Finn Callaghan,Unibet,501.0,2026-07-28 12:52
Tim Taranto,Unibet,501.0,2026-07-28 12:52
Matt Rowell,Unibet,501.0,2026-07-28 12:52
Caleb Serong,Unibet,501.0,2026-07-28 12:52
Zach Merrett,Unibet,501.0,2026-07-28 12:52
Jordan De Goey,Unibet,501.0,2026-07-28 12:52
Sam Durham,Unibet,501.0,2026-07-28 12:52
Rowan Marshall,Unibet,501.0,2026-07-28 12:52
Jack Gunston,Unibet,501.0,2026-07-28 12:52
Oliver Dempsey,Unibet,501.0,2026-07-28 12:52
Tom Atkins,Unibet,501.0,2026-07-28 12:52
Colby McKercher,Unibet,501.0,2026-07-28 12:52
Hayden Young,Unibet,501.0,2026-07-28 12:52
Patrick Dangerfield,Unibet,501.0,2026-07-28 12:52
Jake Waterman,Unibet,501.0,2026-07-28 12:52
Toby Greene,Unibet,501.0,2026-07-28 12:52
Jeremy Cameron,Unibet,501.0,2026-07-28 12:52
Jagga Smith,Unibet,501.0,2026-07-28 12:52
Marcus Windhager,Unibet,501.0,2026-07-28 12:52
Jack Ginnivan,Unibet,501.0,2026-07-28 12:52
Max Hall,Unibet,501.0,2026-07-28 12:52
Nick Blakey,Unibet,501.0,2026-07-28 12:52
Charlie Curnow,Unibet,501.0,2026-07-28 12:52
Callum Mills,Unibet,501.0,2026-07-28 12:52
Hugh McCluggage,Unibet,501.0,2026-07-28 12:52
George Hewett,Unibet,501.0,2026-07-28 12:52
Darcy Parish,Unibet,501.0,2026-07-28 12:52
Gryan Miers,Unibet,501.0,2026-07-28 12:52
Bailey Dale,Unibet,501.0,2026-07-28 12:52
Levi Ashcroft,Unibet,501.0,2026-07-28 12:52
Rhylee West,Unibet,501.0,2026-07-28 12:52
Ben Keays,Unibet,501.0,2026-07-28 12:52
Matthew Kennedy,Unibet,501.0,2026-07-28 12:52
Josh Dunkley,Unibet,501.0,2026-07-28 12:52
Rory Laird,Unibet,501.0,2026-07-28 12:52
Mark Blicavs,Unibet,501.0,2026-07-28 12:52
Josh Daicos,Unibet,501.0,2026-07-28 12:52
Jaspa Fletcher,Unibet,501.0,2026-07-28 12:52
Joel Freijah,Unibet,501.0,2026-07-28 12:52
Dion Prestia,Unibet,501.0,2026-07-28 12:52
Cam Rayner,Unibet,501.0,2026-07-28 12:52
Jake Soligo,Unibet,501.0,2026-07-28 12:52
Ollie Wines,Unibet,501.0,2026-07-28 12:52
Adam Cerra,Unibet,501.0,2026-07-28 12:52
Jack Sinclair,Unibet,501.0,2026-07-28 12:52
Darcy Cameron,Unibet,501.0,2026-07-28 12:52
Marc Pittonet,Unibet,501.0,2026-07-28 12:52
Tom Stewart,Unibet,501.0,2026-07-28 12:52
Daniel Rioli,Unibet,501.0,2026-07-28 12:52
Jordan Clark,Unibet,501.0,2026-07-28 12:52
James Worpel,Unibet,501.0,2026-07-28 12:52
Josh Ward,Unibet,501.0,2026-07-28 12:52
Lachlan Ash,Unibet,501.0,2026-07-28 12:52
Jack Crisp,Unibet,501.0,2026-07-28 12:52
Tom Liberatore,Unibet,501.0,2026-07-28 12:52
Scott Pendlebury,Unibet,501.0,2026-07-28 12:52
Touk Miller,Unibet,501.0,2026-07-28 12:52
Jake Stringer,Unibet,501.0,2026-07-28 12:52
Sam Switkowski,Unibet,501.0,2026-07-28 12:52
Liam Baker,Unibet,501.0,2026-07-28 12:52
Nick Daicos,BetMGM UK,1.2,2026-07-28 12:52
Marcus Bontempelli,BetMGM UK,10.0,2026-07-28 12:52
Bailey Smith,BetMGM UK,23.0,2026-07-28 12:52
Jordan Dawson,BetMGM UK,23.0,2026-07-28 12:52
Luke Jackson,BetMGM UK,51.0,2026-07-28 12:52
Isaac Heeney,BetMGM UK,51.0,2026-07-28 12:52
Kysaiah Pickett,BetMGM UK,51.0,2026-07-28 12:52
Patrick Cripps,BetMGM UK,51.0,2026-07-28 12:52
Lachie Neale,BetMGM UK,81.0,2026-07-28 12:52
Jai Newcombe,BetMGM UK,67.0,2026-07-28 12:52
Harry Sheezel,BetMGM UK,101.0,2026-07-28 12:52
Will Ashcroft,BetMGM UK,151.0,2026-07-28 12:52
Nasiah Wanganeen-Milera,BetMGM UK,101.0,2026-07-28 12:52
Andrew Brayshaw,BetMGM UK,201.0,2026-07-28 12:52
Ed Richards,BetMGM UK,251.0,2026-07-28 12:52
Murphy Reid,BetMGM UK,151.0,2026-07-28 12:52
Max Gawn,BetMGM UK,251.0,2026-07-28 12:52
Chad Warner,BetMGM UK,251.0,2026-07-28 12:52
Luke Davies-Uniacke,BetMGM UK,251.0,2026-07-28 12:52
Christian Petracca,BetMGM UK,151.0,2026-07-28 12:52
Sam Walsh,BetMGM UK,251.0,2026-07-28 12:52
Brodie Grundy,BetMGM UK,501.0,2026-07-28 12:52
Josh Treacy,BetMGM UK,501.0,2026-07-28 12:52
Matthew Rowell,BetMGM UK,501.0,2026-07-28 12:52
Clayton Oliver,BetMGM UK,151.0,2026-07-28 12:52
Shai Bolton,BetMGM UK,251.0,2026-07-28 12:52
Nick Watson,BetMGM UK,251.0,2026-07-28 12:52
Harley Reid,BetMGM UK,501.0,2026-07-28 12:52
Noah Anderson,BetMGM UK,501.0,2026-07-28 12:52
Finn Callaghan,BetMGM UK,501.0,2026-07-28 12:52
Jack Steele,BetMGM UK,501.0,2026-07-28 12:52
Caleb Serong,BetMGM UK,251.0,2026-07-28 12:52
Jagga Smith,BetMGM UK,501.0,2026-07-28 12:52
Nick Blakey,BetMGM UK,501.0,2026-07-28 12:52
Jordan Clark,BetMGM UK,501.0,2026-07-28 12:52
Nick Daicos,Virgin Bet,1.2,2026-07-28 12:52
Marcus Bontempelli,Virgin Bet,10.0,2026-07-28 12:52
Bailey Smith,Virgin Bet,23.0,2026-07-28 12:52
Jordan Dawson,Virgin Bet,23.0,2026-07-28 12:52
Luke Jackson,Virgin Bet,51.0,2026-07-28 12:52
Isaac Heeney,Virgin Bet,51.0,2026-07-28 12:52
Kysaiah Pickett,Virgin Bet,51.0,2026-07-28 12:52
Patrick Cripps,Virgin Bet,51.0,2026-07-28 12:52
Lachie Neale,Virgin Bet,81.0,2026-07-28 12:52
Jai Newcombe,Virgin Bet,67.0,2026-07-28 12:52
Harry Sheezel,Virgin Bet,101.0,2026-07-28 12:52
Will Ashcroft,Virgin Bet,151.0,2026-07-28 12:52
Nasiah Wanganeen-Milera,Virgin Bet,101.0,2026-07-28 12:52
Andrew Brayshaw,Virgin Bet,201.0,2026-07-28 12:52
Ed Richards,Virgin Bet,251.0,2026-07-28 12:52
Murphy Reid,Virgin Bet,151.0,2026-07-28 12:52
Max Gawn,Virgin Bet,251.0,2026-07-28 12:52
Chad Warner,Virgin Bet,251.0,2026-07-28 12:52
Luke Davies-Uniacke,Virgin Bet,251.0,2026-07-28 12:52
Christian Petracca,Virgin Bet,151.0,2026-07-28 12:52
Sam Walsh,Virgin Bet,251.0,2026-07-28 12:52
Brodie Grundy,Virgin Bet,501.0,2026-07-28 12:52
Clayton Oliver,Virgin Bet,151.0,2026-07-28 12:52
Shai Bolton,Virgin Bet,251.0,2026-07-28 12:52
Nick Watson,Virgin Bet,251.0,2026-07-28 12:52
Harley Reid,Virgin Bet,501.0,2026-07-28 12:52
Noah Anderson,Virgin Bet,501.0,2026-07-28 12:52
Finn Callaghan,Virgin Bet,501.0,2026-07-28 12:52
Jack Steele,Virgin Bet,501.0,2026-07-28 12:52
Matt Rowell,Virgin Bet,501.0,2026-07-28 12:52
Caleb Serong,Virgin Bet,251.0,2026-07-28 12:52
Jagga Smith,Virgin Bet,501.0,2026-07-28 12:52
Nick Blakey,Virgin Bet,501.0,2026-07-28 12:52
Jordan Clark,Virgin Bet,501.0,2026-07-28 12:52
Nick Daicos,Betway,1.2,2026-07-28 12:52
Marcus Bontempelli,Betway,12.0,2026-07-28 12:52
Bailey Smith,Betway,21.0,2026-07-28 12:52
Jordan Dawson,Betway,23.0,2026-07-28 12:52
Luke Jackson,Betway,51.0,2026-07-28 12:52
Isaac Heeney,Betway,26.0,2026-07-28 12:52
Kysaiah Pickett,Betway,41.0,2026-07-28 12:52
Patrick Cripps,Betway,41.0,2026-07-28 12:52
Lachie Neale,Betway,51.0,2026-07-28 12:52
Jai Newcombe,Betway,81.0,2026-07-28 12:52
Harry Sheezel,Betway,101.0,2026-07-28 12:52
Will Ashcroft,Betway,151.0,2026-07-28 12:52
Nasiah Wanganeen-Milera,Betway,151.0,2026-07-28 12:52
Andrew Brayshaw,Betway,251.0,2026-07-28 12:52
Ed Richards,Betway,251.0,2026-07-28 12:52
Murphy Reid,Betway,251.0,2026-07-28 12:52
Max Gawn,Betway,251.0,2026-07-28 12:52
Chad Warner,Betway,251.0,2026-07-28 12:52
Luke Davies-Uniacke,Betway,251.0,2026-07-28 12:52
Christian Petracca,Betway,251.0,2026-07-28 12:52
Sam Walsh,Betway,501.0,2026-07-28 12:52
Max Holmes,Betway,501.0,2026-07-28 12:52
Clayton Oliver,Betway,501.0,2026-07-28 12:52
Shai Bolton,Betway,501.0,2026-07-28 12:52
Jack Rachele,Betway,501.0,2026-07-28 12:52
Harley Reid,Betway,501.0,2026-07-28 12:52
Noah Anderson,Betway,501.0,2026-07-28 12:52
Finn Callaghan,Betway,501.0,2026-07-28 12:52
Tim Taranto,Betway,501.0,2026-07-28 12:52
Nick Daicos,Skybet,1.2,2026-07-28 12:52
Marcus Bontempelli,Skybet,10.0,2026-07-28 12:52
Bailey Smith,Skybet,21.0,2026-07-28 12:52
Jordan Dawson,Skybet,26.0,2026-07-28 12:52
Luke Jackson,Skybet,51.0,2026-07-28 12:52
Isaac Heeney,Skybet,41.0,2026-07-28 12:52
Kysaiah Pickett,Skybet,51.0,2026-07-28 12:52
Patrick Cripps,Skybet,51.0,2026-07-28 12:52
Lachie Neale,Skybet,67.0,2026-07-28 12:52
Jai Newcombe,Skybet,67.0,2026-07-28 12:52
Harry Sheezel,Skybet,101.0,2026-07-28 12:52
Will Ashcroft,Skybet,151.0,2026-07-28 12:52
Nasiah Wanganeen-Milera,Skybet,151.0,2026-07-28 12:52
Andrew Brayshaw,Skybet,251.0,2026-07-28 12:52
Ed Richards,Skybet,251.0,2026-07-28 12:52
Murphy Reid,Skybet,151.0,2026-07-28 12:52
Max Gawn,Skybet,251.0,2026-07-28 12:52
Chad Warner,Skybet,251.0,2026-07-28 12:52
Luke Davies-Uniacke,Skybet,151.0,2026-07-28 12:52
Christian Petracca,Skybet,151.0,2026-07-28 12:52
Sam Walsh,Skybet,251.0,2026-07-28 12:52
Brodie Grundy,Skybet,501.0,2026-07-28 12:52
Josh Treacy,Skybet,501.0,2026-07-28 12:52
Clayton Oliver,Skybet,151.0,2026-07-28 12:52
Shai Bolton,Skybet,251.0,2026-07-28 12:52
Nick Watson,Skybet,251.0,2026-07-28 12:52
Harley Reid,Skybet,251.0,2026-07-28 12:52
Noah Anderson,Skybet,501.0,2026-07-28 12:52
Finn Callaghan,Skybet,501.0,2026-07-28 12:52
Jack Steele,Skybet,501.0,2026-07-28 12:52
Matt Rowell,Skybet,501.0,2026-07-28 12:52
Caleb Serong,Skybet,501.0,2026-07-28 12:52
Zach Merrett,Skybet,501.0,2026-07-28 12:52
Jagga Smith,Skybet,501.0,2026-07-28 12:52
Nick Blakey,Skybet,501.0,2026-07-28 12:52
Charlie Curnow,Skybet,501.0,2026-07-28 12:52
Touk Miller,Skybet,501.0,2026-07-28 12:52
Nick Daicos,Paddy Power,1.2,2026-07-28 12:52
Marcus Bontempelli,Paddy Power,10.0,2026-07-28 12:52
Bailey Smith,Paddy Power,21.0,2026-07-28 12:52
Jordan Dawson,Paddy Power,23.0,2026-07-28 12:52
Luke Jackson,Paddy Power,51.0,2026-07-28 12:52
Isaac Heeney,Paddy Power,46.0,2026-07-28 12:52
Kysaiah Pickett,Paddy Power,51.0,2026-07-28 12:52
Patrick Cripps,Paddy Power,51.0,2026-07-28 12:52
Lachie Neale,Paddy Power,67.0,2026-07-28 12:52
Jai Newcombe,Paddy Power,67.0,2026-07-28 12:52
Harry Sheezel,Paddy Power,101.0,2026-07-28 12:52
Will Ashcroft,Paddy Power,151.0,2026-07-28 12:52
Nasiah Wanganeen-Milera,Paddy Power,151.0,2026-07-28 12:52
Andrew Brayshaw,Paddy Power,251.0,2026-07-28 12:52
Ed Richards,Paddy Power,251.0,2026-07-28 12:52
Murphy Reid,Paddy Power,151.0,2026-07-28 12:52
Max Gawn,Paddy Power,251.0,2026-07-28 12:52
Chad Warner,Paddy Power,251.0,2026-07-28 12:52
Luke Davies-Uniacke,Paddy Power,151.0,2026-07-28 12:52
Christian Petracca,Paddy Power,151.0,2026-07-28 12:52
Sam Walsh,Paddy Power,251.0,2026-07-28 12:52
Brodie Grundy,Paddy Power,501.0,2026-07-28 12:52
Josh Treacy,Paddy Power,501.0,2026-07-28 12:52
Clayton Oliver,Paddy Power,151.0,2026-07-28 12:52
Shai Bolton,Paddy Power,251.0,2026-07-28 12:52
Nick Watson,Paddy Power,251.0,2026-07-28 12:52
Harley Reid,Paddy Power,251.0,2026-07-28 12:52
Noah Anderson,Paddy Power,501.0,2026-07-28 12:52
Finn Callaghan,Paddy Power,501.0,2026-07-28 12:52
Jack Steele,Paddy Power,501.0,2026-07-28 12:52
Matt Rowell,Paddy Power,501.0,2026-07-28 12:52
Caleb Serong,Paddy Power,501.0,2026-07-28 12:52
Zach Merrett,Paddy Power,501.0,2026-07-28 12:52
Jagga Smith,Paddy Power,501.0,2026-07-28 12:52
Nick Blakey,Paddy Power,501.0,2026-07-28 12:52
Charlie Curnow,Paddy Power,501.0,2026-07-28 12:52
Touk Miller,Paddy Power,501.0,2026-07-28 12:52
Nick Daicos,Betfair,1.21,2026-07-28 12:52
Marcus Bontempelli,Betfair,10.8,2026-07-28 12:52
Bailey Smith,Betfair,24.0,2026-07-28 12:52
Jordan Dawson,Betfair,37.0,2026-07-28 12:52
Luke Jackson,Betfair,69.0,2026-07-28 12:52
Isaac Heeney,Betfair,54.0,2026-07-28 12:52
Kysaiah Pickett,Betfair,49.0,2026-07-28 12:52
Patrick Cripps,Betfair,43.0,2026-07-28 12:52
Lachie Neale,Betfair,37.0,2026-07-28 12:52
Jai Newcombe,Betfair,49.0,2026-07-28 12:52
Harry Sheezel,Betfair,108.0,2026-07-28 12:52
Will Ashcroft,Betfair,157.0,2026-07-28 12:52
Andrew Brayshaw,Betfair,196.0,2026-07-28 12:52
Ed Richards,Betfair,176.0,2026-07-28 12:52
Murphy Reid,Betfair,206.0,2026-07-28 12:52
Max Gawn,Betfair,196.0,2026-07-28 12:52
Chad Warner,Betfair,127.0,2026-07-28 12:52
Christian Petracca,Betfair,216.0,2026-07-28 12:52
Sam Walsh,Betfair,255.0,2026-07-28 12:52
Brodie Grundy,Betfair,323.0,2026-07-28 12:52
Max Holmes,Betfair,83.0,2026-07-28 12:52
Clayton Oliver,Betfair,216.0,2026-07-28 12:52
Shai Bolton,Betfair,294.0,2026-07-28 12:52
Izak Rankine,Betfair,412.0,2026-07-28 12:52
Nick Watson,Betfair,245.0,2026-07-28 12:52
Harley Reid,Betfair,1.01,2026-07-28 12:52
Noah Anderson,Betfair,216.0,2026-07-28 12:52
Finn Callaghan,Betfair,588.0,2026-07-28 12:52
Tim Taranto,Betfair,980.0,2026-07-28 12:52
Jack Steele,Betfair,588.0,2026-07-28 12:52
Matt Rowell,Betfair,402.0,2026-07-28 12:52
Caleb Serong,Betfair,647.0,2026-07-28 12:52
Zach Merrett,Betfair,500.0,2026-07-28 12:52
Jordan De Goey,Betfair,539.0,2026-07-28 12:52
Sam Durham,Betfair,980.0,2026-07-28 12:52
Rowan Marshall,Betfair,980.0,2026-07-28 12:52
Oliver Dempsey,Betfair,980.0,2026-07-28 12:52
Tom Atkins,Betfair,980.0,2026-07-28 12:52
Colby McKercher,Betfair,980.0,2026-07-28 12:52
Hayden Young,Betfair,980.0,2026-07-28 12:52
Patrick Dangerfield,Betfair,1.25,2026-07-28 12:52
Toby Greene,Betfair,1.25,2026-07-28 12:52
Jeremy Cameron,Betfair,980.0,2026-07-28 12:52
Jagga Smith,Betfair,382.0,2026-07-28 12:52
Marcus Windhager,Betfair,980.0,2026-07-28 12:52
Jack Ginnivan,Betfair,1.25,2026-07-28 12:52
Nick Blakey,Betfair,686.0,2026-07-28 12:52
Charlie Curnow,Betfair,1.25,2026-07-28 12:52
Callum Mills,Betfair,78.0,2026-07-28 12:52
Hugh McCluggage,Betfair,196.0,2026-07-28 12:52
George Hewett,Betfair,980.0,2026-07-28 12:52
Darcy Parish,Betfair,980.0,2026-07-28 12:52
Gryan Miers,Betfair,980.0,2026-07-28 12:52
Levi Ashcroft,Betfair,588.0,2026-07-28 12:52
Josh Dunkley,Betfair,980.0,2026-07-28 12:52
Rory Laird,Betfair,980.0,2026-07-28 12:52
Josh Daicos,Betfair,1.25,2026-07-28 12:52
Jaspa Fletcher,Betfair,980.0,2026-07-28 12:52
Joel Freijah,Betfair,980.0,2026-07-28 12:52
Cam Rayner,Betfair,980.0,2026-07-28 12:52
Jake Soligo,Betfair,980.0,2026-07-28 12:52
Ollie Wines,Betfair,980.0,2026-07-28 12:52
Adam Cerra,Betfair,980.0,2026-07-28 12:52
Jack Sinclair,Betfair,980.0,2026-07-28 12:52
Jordan Clark,Betfair,980.0,2026-07-28 12:52
James Worpel,Betfair,980.0,2026-07-28 12:52
Josh Ward,Betfair,980.0,2026-07-28 12:52
Tom Liberatore,Betfair,980.0,2026-07-28 12:52
Scott Pendlebury,Betfair,1.25,2026-07-28 12:52
Touk Miller,Betfair,980.0,2026-07-28 12:52
Tim English,Betfair,1.25,2026-07-28 12:52
Liam Baker,Betfair,1.25,2026-07-28 12:52
Will Day,Betfair,1.25,2026-07-28 12:52
Josh Weddle,Betfair,1.25,2026-07-28 12:52
Miles Bergman,Betfair,1.25,2026-07-28 12:52
Zak Butters,Betfair,25.0,2026-07-28 12:52
Sam Flanders,Betfair,39.0,2026-07-28 12:52
Errol Gulden,Betfair,245.0,2026-07-28 12:52
Harvey Langford,Betfair,490.0,2026-07-28 12:52
Connor Rozee,Betfair,980.0,2026-07-28 12:52
Jye Caldwell,Betfair,980.0,2026-07-28 12:52
Samuel Lalor,Betfair,980.0,2026-07-28 12:52
Sam Darcy,Betfair,980.0,2026-07-28 12:52
Tom Green,Betfair,980.0,2026-07-28 12:52
Daniel Curtin,Betfair,980.0,2026-07-28 12:52
Tom De Koning,Betfair,980.0,2026-07-28 12:52
Dan Houston,Betfair,980.0,2026-07-28 12:52
Dayne Zorko,Betfair,980.0,2026-07-28 12:52
Jacob Hopper,Betfair,980.0,2026-07-28 12:52
