sel,odds,player,club,refused,p_raw,p,games,exp_votes,implied,fair,ev
Bailey Dale,1.14,Bailey Dale,Western Bulldogs,,0.933625,0.9161290322580645,18.0,3.319600596110831,0.8771929824561404,1.091549295774648,0.0443870967741935
Bailey Williams,1.46,,,ambiguous,,,,,0.684931506849315,,
Bayley Fritsch,1.15,Bayley Fritsch,Melbourne,,0.8938,0.8803088803088803,21.0,2.4371984862259515,0.8695652173913044,1.1359649122807016,0.012355212355212197
Beau McCreery,1.48,Beau McCreery,Collingwood,,0.739525,0.7135678391959799,22.0,1.8217964873492736,0.6756756756756757,1.4014084507042255,0.05608040201005027
Ben Ainsworth,1.35,Ben Ainsworth,Carlton,,0.737625,0.7135678391959799,23.0,1.8967292075913056,0.7407407407407407,1.4014084507042255,-0.036683417085427106
Brent Daniels,1.38,Brent Daniels,Greater Western Sydney,,0.652025,0.5505617977528091,10.0,1.595601853418429,0.7246376811594204,1.8163265306122445,-0.24022471910112353
Brodie Kemp,1.18,Brodie Kemp,Carlton,,0.8164,0.7689243027888446,23.0,1.7535928158531526,0.8474576271186441,1.3005181347150259,-0.0926693227091634
Caleb Windsor,1.16,Caleb Windsor,Melbourne,,0.6652,0.5555555555555556,20.0,1.313741152106103,0.8620689655172414,1.7999999999999998,-0.3555555555555556
Callum Mills,1.24,Callum Mills,Sydney,,0.679275,0.5555555555555556,22.0,1.376955122388607,0.8064516129032259,1.7999999999999998,-0.3111111111111111
Cam Mackenzie,1.19,Cam Mackenzie,Hawthorn,,0.8634,0.7933333333333333,21.0,2.3623132401899043,0.8403361344537815,1.2605042016806722,-0.05593333333333339
Charlie Cameron,1.48,Charlie Cameron,Brisbane Lions,,0.8452,0.7755102040816326,23.0,2.1851747852310828,0.6756756756756757,1.2894736842105263,0.14775510204081632
Colby McKercher,1.28,Colby McKercher,North Melbourne,,0.76565,0.7135678391959799,23.0,2.0331823394299122,0.78125,1.4014084507042255,-0.08663316582914571
Cooper Sharman,1.48,Cooper Sharman,St Kilda,,0.749575,0.7135678391959799,21.0,1.6743486273226145,0.6756756756756757,1.4014084507042255,0.05608040201005027
Dan Houston,1.16,Dan Houston,Collingwood,,0.797825,0.7689243027888446,23.0,2.0784502594433425,0.8620689655172414,1.3005181347150259,-0.10804780876494036
Daniel Curtin,1.59,Daniel Curtin,Adelaide,,0.44885,0.41700404858299595,16.0,0.7160588613724025,0.6289308176100629,2.3980582524271843,-0.3369635627530364
Daniel Rioli,1.39,Daniel Rioli,Gold Coast,,0.624325,0.5230125523012553,20.0,1.2470227342403166,0.7194244604316548,1.9119999999999997,-0.2730125523012552
Darcy Wilson,1.4,Darcy Wilson,St Kilda,,0.755075,0.7135678391959799,22.0,1.6347423437837265,0.7142857142857143,1.4014084507042255,-0.0010050251256282783
Dylan Moore,1.14,Dylan Moore,Hawthorn,,0.792375,0.7689243027888446,22.0,1.6950720055947377,0.8771929824561404,1.3005181347150259,-0.12342629482071721
Dylan Stephens,1.27,Dylan Stephens,North Melbourne,,0.7799,0.7689243027888446,23.0,1.7969662918785607,0.7874015748031495,1.3005181347150259,-0.023466135458167336
Elliot Yeo,1.89,Elliot Yeo,West Coast,,0.386675,0.3937007874015748,21.0,0.661330893352896,0.5291005291005292,2.54,-0.2559055118110236
Finn O'Sullivan,1.84,Finn OSullivan,North Melbourne,,0.751375,0.7135678391959799,19.0,2.2969224356693294,0.5434782608695652,1.4014084507042255,0.3129648241206031
Francis Evans,1.14,Francis Evans,Carlton,,0.90775,0.8803088803088803,21.0,2.8913750019360114,0.8771929824561404,1.1359649122807016,0.0035521235521234207
Gryan Miers,1.1,Gryan Miers,Geelong,,0.714025,0.631578947368421,15.0,1.418855928957782,0.9090909090909091,1.5833333333333335,-0.3052631578947368
Harris Andrews,1.43,Harris Andrews,Brisbane Lions,,0.7365,0.7135678391959799,20.0,2.3436830562986866,0.6993006993006994,1.4014084507042255,0.020402010050251107
Harrison Petty,1.85,Harry Petty,Melbourne,,0.70125,0.5555555555555556,19.0,1.5100896175354128,0.5405405405405405,1.7999999999999998,0.0277777777777779
Harry Perryman,1.92,Harry Perryman,Collingwood,,0.23205,0.13995485327313772,16.0,0.20205828692951303,0.5208333333333334,7.145161290322579,-0.7312866817155756
Harvey Thomas,1.74,Harvey Thomas,Greater Western Sydney,,0.439,0.41700404858299595,22.0,0.7058748735562395,0.5747126436781609,2.3980582524271843,-0.2744129554655871
Hayden Young,1.23,Hayden Young,Fremantle,,0.521075,0.46798029556650245,14.0,0.9738305802188727,0.8130081300813008,2.136842105263158,-0.424384236453202
Jack Crisp,1.64,Jack Crisp,Collingwood,,0.78435,0.7689243027888446,23.0,1.6508096218594794,0.6097560975609756,1.3005181347150259,0.261035856573705
Jack Darling,1.42,Jack Darling,North Melbourne,,0.641775,0.5505617977528091,22.0,1.3050067865815425,0.7042253521126761,1.8163265306122445,-0.2182022471910111
Jack Higgins,1.31,Jack Higgins,St Kilda,,0.665675,0.5555555555555556,16.0,1.1820981365281107,0.7633587786259541,1.7999999999999998,-0.27222222222222214
Jai Serong,1.94,Jai Serong,Sydney,,0.50845,0.46798029556650245,22.0,0.9253599364046741,0.5154639175257733,2.136842105263158,-0.09211822660098523
Jake Bowey,1.14,Jake Bowey,Melbourne,,0.7193,0.631578947368421,15.0,1.856133582787151,0.8771929824561404,1.5833333333333335,-0.28000000000000014
James Peatling,1.19,James Peatling,Adelaide,,0.79405,0.7689243027888446,21.0,2.0101540053001363,0.8403361344537815,1.3005181347150259,-0.08498007968127497
James Rowbottom,1.81,James Rowbottom,Sydney,,0.63835,0.5505617977528091,21.0,1.083873818462961,0.5524861878453039,1.8163265306122445,-0.00348314606741551
Jarrod Witts,1.11,Jarrod Witts,Gold Coast,,0.442525,0.41700404858299595,13.0,0.9661223859443446,0.9009009009009008,2.3980582524271843,-0.5371255060728745
Jayden Short,1.69,Jayden Short,Richmond,,0.663375,0.5555555555555556,21.0,1.419854141995983,0.591715976331361,1.7999999999999998,-0.061111111111111116
Joe Richards,1.31,Joe Richards,Port Adelaide,,0.781825,0.7689243027888446,20.0,1.819238954692991,0.7633587786259541,1.3005181347150259,0.007290836653386368
Joel Fitzgerald,1.57,Joel Fitzgerald,Melbourne,,0.70275,0.631578947368421,10.0,2.1383822894858895,0.6369426751592356,1.5833333333333335,-0.008421052631578996
Josh Worrell,1.89,Josh Worrell,Adelaide,,0.511525,0.46798029556650245,22.0,0.8682782580281118,0.5291005291005292,2.136842105263158,-0.11551724137931041
Karl Amon,1.75,Karl Amon,Hawthorn,,0.486725,0.41700404858299595,18.0,0.7499481241684399,0.5714285714285714,2.3980582524271843,-0.27024291497975705
Lachlan Bramble,1.86,Lachlan Bramble,Western Bulldogs,,0.307725,0.22807017543859648,23.0,0.22815053289877926,0.5376344086021505,4.384615384615385,-0.5757894736842105
Levi Ashcroft,1.69,Levi Ashcroft,Brisbane Lions,,0.61765,0.5230125523012553,23.0,1.1833949458195991,0.591715976331361,1.9119999999999997,-0.11610878661087853
Luke Ryan,1.43,Luke Ryan,Fremantle,,0.609325,0.5230125523012553,22.0,1.0687239855287762,0.6993006993006994,1.9119999999999997,-0.2520920502092049
Marc Pittonet,1.71,Marc Pittonet,Carlton,,0.458775,0.41700404858299595,20.0,0.7906261667731076,0.5847953216374269,2.3980582524271843,-0.28692307692307695
Mark Blicavs,1.8,Mark Blicavs,Geelong,,0.445975,0.41700404858299595,18.0,0.8235721194100727,0.5555555555555556,2.3980582524271843,-0.24939271255060724
Mark Keane,1.27,Mark Keane,Adelaide,,0.7645,0.7135678391959799,9.0,1.3162790209280497,0.7874015748031495,1.4014084507042255,-0.09376884422110554
Matthew Carroll,1.19,Matt Carroll,Carlton,,0.581175,0.5230125523012553,10.0,0.8903748352831823,0.8403361344537815,1.9119999999999997,-0.37761506276150625
Matthew Johnson,1.26,Matthew Johnson,Fremantle,,0.745725,0.7135678391959799,22.0,1.6604627989654537,0.7936507936507936,1.4014084507042255,-0.10090452261306537
Michael Frederick,1.89,Michael Frederick,Fremantle,,0.7337,0.7135678391959799,18.0,1.6596809404627484,0.5291005291005292,1.4014084507042255,0.34864321608040183
Milan Murdock,1.43,Milan Murdock,West Coast,,0.531575,0.46798029556650245,20.0,0.856514723624058,0.6993006993006994,2.136842105263158,-0.3307881773399015
Mitch Owens,1.16,Mitch Owens,St Kilda,,0.73505,0.7135678391959799,20.0,1.7166855780606045,0.8620689655172414,1.4014084507042255,-0.17226130653266336
Nick Bryan,1.23,Nick Bryan,Essendon,,0.578175,0.5230125523012553,13.0,0.9241241922127295,0.8130081300813008,1.9119999999999997,-0.35669456066945593
Nick Larkey,1.21,Nick Larkey,North Melbourne,,0.8872,0.8148148148148148,23.0,2.284488316502346,0.8264462809917356,1.2272727272727273,-0.014074074074074128
Oisin Mullin,1.77,Oisin Mullin,Geelong,,0.550875,0.46798029556650245,23.0,0.7600531135494735,0.5649717514124294,2.136842105263158,-0.17167487684729066
Ollie Wines,1.75,Ollie Wines,Port Adelaide,,0.7571,0.7135678391959799,19.0,2.005351297024844,0.5714285714285714,1.4014084507042255,0.24874371859296485
Oscar McDonald,1.88,Oscar McDonald,Fremantle,,0.599075,0.5230125523012553,10.0,0.8207935610162163,0.5319148936170213,1.9119999999999997,-0.0167364016736401
Patrick Retschko,1.89,Patrick Retschko,Richmond,,0.3008,0.21100917431192662,18.0,0.4787842392529446,0.5291005291005292,4.739130434782608,-0.6011926605504587
Phoenix Gothard,1.65,Phoenix Gothard,Greater Western Sydney,,0.452575,0.41700404858299595,16.0,0.9077575081314526,0.6060606060606061,2.3980582524271843,-0.3119433198380567
Reuben Ginbey,1.51,Reuben Ginbey,West Coast,,0.510525,0.46798029556650245,13.0,0.9049333237671809,0.6622516556291391,2.136842105263158,-0.2933497536945813
Rory Laird,1.51,Rory Laird,Adelaide,,0.7854,0.7689243027888446,18.0,1.7868539690025493,0.6622516556291391,1.3005181347150259,0.16107569721115533
Ryan Lester,1.75,Ryan Lester,Brisbane Lions,,0.4312,0.3937007874015748,19.0,0.7503224442079945,0.5714285714285714,2.54,-0.3110236220472441
Steele Sidebottom,1.73,Steele Sidebottom,Collingwood,,0.316275,0.22807017543859648,20.0,0.43020170699128263,0.5780346820809249,4.384615384615385,-0.6054385964912281
Stephen Coniglio,1.09,Stephen Coniglio,Greater Western Sydney,,0.79075,0.7689243027888446,21.0,1.743162309432136,0.9174311926605504,1.3005181347150259,-0.16187250996015934
Tim Membrey,1.15,Tim Membrey,Collingwood,,0.86335,0.7933333333333333,19.0,1.9759417945929265,0.8695652173913044,1.2605042016806722,-0.08766666666666678
Tom Atkins,1.53,Tom Atkins,Geelong,,0.798725,0.7689243027888446,23.0,2.1272338008493525,0.6535947712418301,1.3005181347150259,0.17645418326693219
Tom De Koning,1.84,Tom De Koning,St Kilda,,0.512475,0.46798029556650245,20.0,0.7879112456603243,0.5434782608695652,2.136842105263158,-0.13891625615763548
Tom Liberatore,1.1,Tom Liberatore,Western Bulldogs,,0.86935,0.7933333333333333,11.0,2.544317712490283,0.9090909090909091,1.2605042016806722,-0.1273333333333333
Tom McCarthy,1.51,Tom McCarthy,West Coast,,0.519925,0.46798029556650245,22.0,0.9701287521729671,0.6622516556291391,2.136842105263158,-0.2933497536945813
Tom McCartin,1.44,Tom McCartin,Sydney,,0.5717,0.5230125523012553,20.0,0.9974287330969663,0.6944444444444444,1.9119999999999997,-0.2468619246861924
Tom Papley,1.23,Tom Papley,Sydney,,0.878725,0.7933333333333333,18.0,3.144831800017982,0.8130081300813008,1.2605042016806722,-0.0242
Will Setterfield,1.74,Will Setterfield,Essendon,,0.816025,0.7689243027888446,11.0,2.0343962632637154,0.5747126436781609,1.3005181347150259,0.3379282868525897
Zeke Uwland,1.57,Zeke Uwland,Gold Coast,,0.3049,0.22807017543859648,17.0,0.3717749935481143,0.6369426751592356,4.384615384615385,-0.6419298245614036
Alex Neal-Bullen,2.55,Alex Neal-Bullen,Adelaide,,0.39055,0.3937007874015748,21.0,0.6142789112745951,0.3921568627450981,2.54,0.003937007874015741
Alex Pearce,2.7,Alex Pearce,Fremantle,,0.18885,0.13995485327313772,20.0,0.3005338007085345,0.37037037037037035,7.145161290322579,-0.6221218961625281
Braeden Campbell,2.05,Braeden Campbell,Sydney,,0.38345,0.3937007874015748,6.0,0.3235998489981281,0.48780487804878053,2.54,-0.19291338582677164
Charlie Comben,2.2,Charlie Comben,North Melbourne,,0.695575,0.5555555555555556,22.0,1.6430792497189932,0.45454545454545453,1.7999999999999998,0.22222222222222232
Esava Ratugolea,2.15,Esava Ratugolea,Port Adelaide,,0.3894,0.3937007874015748,8.0,0.7959466451220575,0.46511627906976744,2.54,-0.15354330708661412
George Wardlaw,2.35,George Wardlaw,North Melbourne,,0.352925,0.2731707317073171,16.0,0.6198667188109532,0.425531914893617,3.6607142857142856,-0.35804878048780475
Jack Macrae,2.12,Jack Macrae,St Kilda,,0.674625,0.5555555555555556,12.0,1.9567682693086677,0.4716981132075471,1.7999999999999998,0.1777777777777778
Jamie Elliott,2.05,Jamie Elliott,Collingwood,,0.383,0.3937007874015748,11.0,0.3266279272256719,0.48780487804878053,2.54,-0.19291338582677164
Jordon Sweet,2.2,Jordon Sweet,Port Adelaide,,0.578125,0.5230125523012553,22.0,1.207358136898619,0.45454545454545453,1.9119999999999997,0.1506276150627619
Josh Battle,2.95,Josh Battle,Hawthorn,,0.56625,0.5230125523012553,21.0,0.9382300069792101,0.3389830508474576,1.9119999999999997,0.5428870292887034
Kane Farrell,2.1,Kane Farrell,Port Adelaide,,0.45995,0.41700404858299595,13.0,0.7502915914701581,0.47619047619047616,2.3980582524271843,-0.12429149797570849
Kane McAuliffe,2.5,Kane McAuliffe,Richmond,,0.508025,0.46798029556650245,10.0,0.9982892571933913,0.4,2.136842105263158,0.16995073891625623
Lloyd Meek,2.2,Lloyd Meek,Hawthorn,,0.506675,0.46798029556650245,23.0,0.8590155505762587,0.45454545454545453,2.136842105263158,0.029556650246305383
Marcus Herbert,2.85,Marcus Herbert,West Coast,,0.409275,0.3937007874015748,10.0,0.6086277863460049,0.3508771929824561,2.54,0.1220472440944882
Patrick Lipinski,2.35,Patrick Lipinski,Collingwood,,0.355225,0.2731707317073171,19.0,0.3792003758640014,0.425531914893617,3.6607142857142856,-0.35804878048780475
Peter Wright,2.12,Peter Wright,Essendon,,0.66785,0.5555555555555556,18.0,1.2060787851223713,0.4716981132075471,1.7999999999999998,0.1777777777777778
Riley Bice,2.85,Riley Bice,Sydney,,0.57215,0.5230125523012553,20.0,0.8968568222044259,0.3508771929824561,1.9119999999999997,0.49058577405857773
Sam Flanders,2.3,Sam Flanders,St Kilda,,0.344125,0.2731707317073171,12.0,0.5078825607388348,0.4347826086956522,3.6607142857142856,-0.37170731707317073
Sam Lalor,2.4,Sam Lalor,Richmond,,0.22585,0.13995485327313772,12.0,0.3213891096124821,0.4166666666666667,7.145161290322579,-0.6641083521444695
Seth Campbell,2.8,Seth Campbell,Richmond,,0.409125,0.3937007874015748,23.0,0.603572561834652,0.35714285714285715,2.54,0.10236220472440949
Talor Byrne,2.12,Talor Byrne,Carlton,,0.398125,0.3937007874015748,18.0,0.758798926398412,0.4716981132075471,2.54,-0.16535433070866135
Tim English,2.8,Tim English,Western Bulldogs,,0.569025,0.5230125523012553,15.0,1.124246697600028,0.35714285714285715,1.9119999999999997,0.4644351464435148
Willem Duursma,2.65,Willem Duursma,West Coast,,0.3679,0.3103448275862069,22.0,0.6269606036105404,0.37735849056603776,3.2222222222222223,-0.1775862068965517
Aaron Cadman,3.5,Aaron Cadman,Greater Western Sydney,,0.284725,0.21100917431192662,18.0,0.3898321964993548,0.2857142857142857,4.739130434782608,-0.26146788990825687
Ben Keays,3.1,Ben Keays,Adelaide,,0.4549,0.41700404858299595,23.0,0.8368731685950468,0.3225806451612903,2.3980582524271843,0.2927125506072874
Ben Long,3.15,Ben Long,Gold Coast,,0.540175,0.46798029556650245,21.0,0.7185935438908464,0.31746031746031744,2.136842105263158,0.47413793103448265
Cam Rayner,3.25,Cam Rayner,Brisbane Lions,,0.385675,0.3937007874015748,23.0,0.5959396008192913,0.3076923076923077,2.54,0.2795275590551183
Connor Idun,3.25,Connor Idun,Greater Western Sydney,,0.524325,0.46798029556650245,23.0,0.9714135405492915,0.3076923076923077,2.136842105263158,0.520935960591133
Connor O'Sullivan,3.2,Connor OSullivan,Geelong,,0.4956,0.41700404858299595,23.0,0.7601605296713375,0.3125,2.3980582524271843,0.334412955465587
Daniel Turner,3.45,Daniel Turner,Melbourne,,0.4502,0.41700404858299595,19.0,0.6582647702339264,0.2898550724637681,2.3980582524271843,0.4386639676113362
Darcy Byrne-Jones,3.45,Darcy Byrne-Jones,Port Adelaide,,0.6483,0.5505617977528091,22.0,1.2252190183135088,0.2898550724637681,1.8163265306122445,0.8994382022471916
Edward Allan,3.15,Edward Allan,Collingwood,,0.49805,0.41700404858299595,18.0,0.8008633537142479,0.31746031746031744,2.3980582524271843,0.3135627530364371
James Worpel,3.45,James Worpel,Geelong,,0.49585,0.41700404858299595,11.0,0.915860478942704,0.2898550724637681,2.3980582524271843,0.4386639676113362
Lachlan McAndrew,3.5,Lachlan McAndrew,Adelaide,,0.541675,0.46798029556650245,22.0,1.0688262932817443,0.2857142857142857,2.136842105263158,0.6379310344827585
Mabior Chol,3.75,Mabior Chol,Hawthorn,,0.288275,0.21100917431192662,18.0,0.5790703702302827,0.26666666666666666,4.739130434782608,-0.20871559633027514
Massimo D'Ambrosio,3.9,Massimo DAmbrosio,Hawthorn,,0.30445,0.21527442459359408,23.0,0.4704227883976261,0.25641025641025644,4.645233644859813,-0.16042974408498312
Sam Darcy,3.9,Sam Darcy,Western Bulldogs,,0.280975,0.21100917431192662,6.0,0.44449386685073455,0.25641025641025644,4.739130434782608,-0.17706422018348622
Tom Barrass,3.5,Tom Barrass,Hawthorn,,0.252025,0.20833333333333334,19.0,0.359324027622505,0.2857142857142857,4.8,-0.27083333333333326
Blake Acres,4.3,Blake Acres,Carlton,,0.3732,0.3103448275862069,10.0,0.6115027554842523,0.23255813953488372,3.2222222222222223,0.33448275862068955
Callum Brown,4.2,Callum Brown,Greater Western Sydney,,0.466575,0.41700404858299595,18.0,0.6329788419643586,0.23809523809523808,2.3980582524271843,0.751417004048583
Cameron Zurhaar,4.0,Cameron Zurhaar,North Melbourne,,0.292275,0.21100917431192662,23.0,0.4153256140034488,0.25,4.739130434782608,-0.15596330275229353
Jeremy Howe,4.4,Jeremy Howe,Collingwood,,0.362075,0.2731707317073171,17.0,0.4708359291071237,0.22727272727272727,3.6607142857142856,0.2019512195121953
Josh Weddle,4.7,Josh Weddle,Hawthorn,,0.105375,0.0792838874680307,20.0,0.1507564362318581,0.2127659574468085,12.61290322580645,-0.6273657289002557
Kieren Briggs,4.5,Kieren Briggs,Greater Western Sydney,,0.2052,0.13995485327313772,18.0,0.369459389032271,0.2222222222222222,7.145161290322579,-0.3702031602708802
Mac Andrew,4.9,Mac Andrew,Gold Coast,,0.404925,0.3937007874015748,23.0,0.655214532346689,0.2040816326530612,2.54,0.9291338582677169
Marcus Windhager,4.25,Marcus Windhager,St Kilda,,0.44675,0.41700404858299595,23.0,0.838365618707029,0.23529411764705882,2.3980582524271843,0.7722672064777327
Sam Draper,4.5,Sam Draper,Brisbane Lions,,0.41765,0.3937007874015748,22.0,0.6886633436715772,0.2222222222222222,2.54,0.7716535433070868
Trent Rivers,4.4,Trent Rivers,Melbourne,,0.255225,0.20833333333333334,16.0,0.361359502066988,0.22727272727272727,4.8,-0.08333333333333326
Adam Cerra,5.3,Adam Cerra,Carlton,,0.21745,0.13995485327313772,20.0,0.28450151540800916,0.18867924528301888,7.145161290322579,-0.2582392776523701
Conor Nash,5.9,Conor Nash,Hawthorn,,0.464725,0.41700404858299595,10.0,0.8836974657751847,0.1694915254237288,2.3980582524271843,1.4603238866396762
Ethan Read,5.1,Ethan Read,Gold Coast,,0.351475,0.2731707317073171,15.0,0.401928384811071,0.19607843137254904,3.6607142857142856,0.393170731707317
Harry Sharp,5.5,Harry Sharp,Melbourne,,0.332725,0.2731707317073171,23.0,0.4451163763560533,0.18181818181818182,3.6607142857142856,0.5024390243902439
Dyson Sharp,6.0,Dyson Sharp,Essendon,,0.1628,0.12582781456953643,15.0,0.2372542352729845,0.16666666666666666,7.947368421052631,-0.24503311258278138
Jake Melksham,6.0,Jake Melksham,Melbourne,,0.17745,0.13995485327313772,6.0,0.1693281952520917,0.16666666666666666,7.145161290322579,-0.16027088036117365
Josaia Delana,6.5,Josaia Delana,Greater Western Sydney,,0.17185,0.13995485327313772,9.0,0.16044565602555805,0.15384615384615385,7.145161290322579,-0.09029345372460473
Will Hayward,6.0,Will Hayward,Carlton,,0.438125,0.39693735145454956,21.0,0.7675108385446937,0.16666666666666666,2.5192892438455816,1.3816241087272974
Deven Robertson,7.25,Deven Robertson,West Coast,,0.089225,0.0792838874680307,4.0,0.1349105664285161,0.13793103448275862,12.61290322580645,-0.42519181585677746
