board,sel,odds,player,club,refused,mean,lo,hi,exp_votes,rank,p,implied,fair,ev
3,Bailey Smith,1.08,Bailey Smith,Geelong,,32.03691,26.0,38.0,29.397541120793903,2,0.8006725,0.9259259259259258,1.2489501013210769,-0.13527369999999994
3,Marcus Bontempelli,1.15,Marcus Bontempelli,Western Bulldogs,,27.27551,21.0,33.0,26.147277826679783,3,0.41878952380952317,0.8695652173913044,2.3878343252321352,-0.5183920476190484
3,Nick Daicos,1.001,Nick Daicos,Collingwood,,43.24639,38.0,48.0,39.57807983980456,1,0.999795,0.9990009990009991,1.0002050420336168,0.0007947949999997928
3,Patrick Cripps,6.0,Patrick Cripps,Carlton,,23.44016,17.0,30.0,22.210052808166438,5,0.15547783333333348,0.16666666666666666,6.431785024017351,-0.06713299999999911
3,Will Ashcroft,13.0,Will Ashcroft,Brisbane Lions,,24.84261,19.0,30.0,24.543614324595183,4,0.1950767619047623,0.07692307692307693,5.12618720054522,1.53599790476191
3,Isaac Heeney,26.0,Isaac Heeney,Sydney,,20.6188,14.0,27.0,22.888503413036233,9,0.05417200000000005,0.038461538461538464,18.45972088902014,0.4084720000000015
3,Jai Newcombe,26.0,Jai Newcombe,Hawthorn,,20.86438,16.0,26.0,17.58049069007393,8,0.03404885714285715,0.038461538461538464,29.36956138657894,-0.1147297142857141
3,Jordan Dawson,26.0,Jordan Dawson,Adelaide,,21.34046,15.0,27.0,20.60971459315624,7,0.06182769047619048,0.038461538461538464,16.17398276238532,0.6075199523809525
3,Max Gawn,26.0,Max Gawn,Melbourne,,18.42417,11.0,26.0,15.89078652986791,12,0.04347809523809526,0.038461538461538464,23.000087619381397,0.13043047619047687
3,Lachie Neale,34.0,Lachie Neale,Brisbane Lions,,22.22816,16.0,28.0,21.83140862284199,6,0.10188726190476179,0.029411764705882353,9.814769592441705,2.4641669047619006
3,Harry Sheezel,67.0,Harry Sheezel,North Melbourne,,20.15045,13.0,27.0,19.41950878796706,10,0.06622166666666664,0.014925373134328358,15.10079782548512,3.436851666666665
3,Jason Horne-Francis,101.0,Jason Horne-Francis,Port Adelaide,,18.86979,13.0,24.0,17.34741789742293,11,0.011020857142857146,0.009900990099009901,90.73704404635363,0.11310657142857172
3,Kysaiah Pickett,101.0,Kysaiah Pickett,Melbourne,,17.64081,13.0,22.0,17.454721067137143,14,0.00143,0.009900990099009901,699.3006993006993,-0.8555699999999999
3,Nasiah Wanganeen-Milera,101.0,Nasiah Wanganeen-Milera,St Kilda,,15.71393,10.0,21.0,16.106749370082525,17,0.0016618333333333333,0.009900990099009901,601.7450606759603,-0.8321548333333333
3,Zak Butters,101.0,Zak Butters,Port Adelaide,,17.33588,11.0,24.0,17.042038265208248,15,0.01374516666666667,0.009900990099009901,72.75284645511755,0.38826183333333364
5,Bailey Smith,1.01,Bailey Smith,Geelong,,32.03691,26.0,38.0,29.397541120793903,2,0.9290131904761904,0.9900990099009901,1.0764109812987945,-0.061696677619047735
5,Marcus Bontempelli,1.03,Marcus Bontempelli,Western Bulldogs,,27.27551,21.0,33.0,26.147277826679783,3,0.7056166428571424,0.970873786407767,1.4172001328523904,-0.2732148578571433
5,Nick Daicos,1.001,Nick Daicos,Collingwood,,43.24639,38.0,48.0,39.57807983980456,1,1.0,0.9990009990009991,1.0,0.0009999999999998899
5,Patrick Cripps,1.72,Patrick Cripps,Carlton,,23.44016,17.0,30.0,22.210052808166438,5,0.38045292857142815,0.5813953488372093,2.6284460570586856,-0.3456209628571436
5,Will Ashcroft,2.0,Will Ashcroft,Brisbane Lions,,24.84261,19.0,30.0,24.543614324595183,4,0.4961819642857142,0.5,2.015389659395549,-0.007636071428571589
5,Isaac Heeney,3.75,Isaac Heeney,Sydney,,20.6188,14.0,27.0,22.888503413036233,9,0.18237038095238095,0.26666666666666666,5.483346554291137,-0.3161110714285714
5,Jordan Dawson,4.5,Jordan Dawson,Adelaide,,21.34046,15.0,27.0,20.60971459315624,7,0.2127622023809525,0.2222222222222222,4.700082950868743,-0.04257008928571371
5,Lachie Neale,5.5,Lachie Neale,Brisbane Lions,,22.22816,16.0,28.0,21.83140862284199,6,0.2792140952380952,0.18181818181818182,3.5814810822758303,0.5356775238095237
5,Jai Newcombe,6.0,Jai Newcombe,Hawthorn,,20.86438,16.0,26.0,17.58049069007393,8,0.13139582142857142,0.16666666666666666,7.610592095910857,-0.21162507142857145
5,Max Gawn,6.0,Max Gawn,Melbourne,,18.42417,11.0,26.0,15.89078652986791,12,0.1230579047619048,0.16666666666666666,8.126255699987924,-0.26165257142857123
5,Harry Sheezel,10.0,Harry Sheezel,North Melbourne,,20.15045,13.0,27.0,19.41950878796706,10,0.1859015238095239,0.1,5.379192055599327,0.8590152380952389
5,Nasiah Wanganeen-Milera,12.0,Nasiah Wanganeen-Milera,St Kilda,,15.71393,10.0,21.0,16.106749370082525,17,0.014200511904761907,0.08333333333333333,70.41999659636681,-0.8295938571428572
5,Izak Rankine,19.0,Izak Rankine,Adelaide,,17.79129,12.0,24.0,18.996506192106608,13,0.050644523809523834,0.05263157894736842,19.745471470144366,-0.037754047619047215
5,Jason Horne-Francis,26.0,Jason Horne-Francis,Port Adelaide,,18.86979,13.0,24.0,17.34741789742293,11,0.06952707142857138,0.038461538461538464,14.382886830309683,0.8077038571428559
5,Zak Butters,34.0,Zak Butters,Port Adelaide,,17.33588,11.0,24.0,17.042038265208248,15,0.060349714285714305,0.029411764705882353,16.570086732568264,1.0518902857142862
5,Kysaiah Pickett,51.0,Kysaiah Pickett,Melbourne,,17.64081,13.0,22.0,17.454721067137143,14,0.014718785714285714,0.0196078431372549,67.94038716314914,-0.24934192857142856
5,Chad Warner,67.0,Chad Warner,Sydney,,14.19702,8.0,20.0,13.594254740871293,21,0.013133452380952383,0.014925373134328358,76.14144179258707,-0.12005869047619033
5,Ed Richards,101.0,Ed Richards,Western Bulldogs,,16.57406,11.0,22.0,16.117302538841614,16,0.027299297619047605,0.009900990099009901,36.630979080658385,1.7572290595238083
5,Harley Reid,101.0,Harley Reid,West Coast,,13.20517,8.0,18.0,12.4801331546023,26,0.0009844285714285714,0.009900990099009901,1015.8177332752866,-0.9005727142857143
5,Luke Davies-Uniacke,101.0,Luke Davies-Uniacke,North Melbourne,,13.18163,8.0,18.0,12.510923635247307,27,0.002884595238095238,0.009900990099009901,346.66908784759767,-0.708655880952381
5,Luke Jackson,101.0,Luke Jackson,Fremantle,,13.80504,8.0,20.0,13.410623064119136,24,0.00991309523809524,0.009900990099009901,100.87666626636242,0.0012226190476192222
5,Max Holmes,101.0,Max Holmes,Geelong,,15.68168,11.0,20.0,13.811214537141495,18,0.00846361904761905,0.009900990099009901,118.15276589998646,-0.14517447619047597
10,Isaac Heeney,1.45,Isaac Heeney,Sydney,,20.6188,14.0,27.0,22.888503413036233,9,0.5184484404761905,0.6896551724137931,1.928832111215357,-0.2482497613095237
10,Jai Newcombe,1.65,Jai Newcombe,Hawthorn,,20.86438,16.0,26.0,17.58049069007393,8,0.5288499761904762,0.6060606060606061,1.8908954240735927,-0.1273975392857143
10,Jordan Dawson,1.31,Jordan Dawson,Adelaide,,21.34046,15.0,27.0,20.60971459315624,7,0.5789935515873015,0.7633587786259541,1.7271349521225514,-0.241518447420635
10,Lachie Neale,1.45,Lachie Neale,Brisbane Lions,,22.22816,16.0,28.0,21.83140862284199,6,0.6397722063492058,0.6896551724137931,1.5630563348576785,-0.07233030079365155
10,Max Gawn,1.83,Max Gawn,Melbourne,,18.42417,11.0,26.0,15.89078652986791,12,0.3570492817460318,0.5464480874316939,2.80073382338099,-0.34659981440476184
10,Patrick Cripps,1.05,Patrick Cripps,Carlton,,23.44016,17.0,30.0,22.210052808166438,5,0.7253814801587302,0.9523809523809523,1.3785849616413932,-0.23834944583333328
10,Will Ashcroft,1.07,Will Ashcroft,Brisbane Lions,,24.84261,19.0,30.0,24.543614324595183,4,0.8523297261904759,0.9345794392523364,1.1732548675376404,-0.08800719297619075
10,Harry Sheezel,2.5,Harry Sheezel,North Melbourne,,20.15045,13.0,27.0,19.41950878796706,10,0.47594478571428567,0.4,2.1010840543178255,0.18986196428571422
10,Izak Rankine,2.25,Izak Rankine,Adelaide,,17.79129,12.0,24.0,18.996506192106608,13,0.2963978690476191,0.4444444444444444,3.3738434193645994,-0.333104794642857
10,Nasiah Wanganeen-Milera,2.0,Nasiah Wanganeen-Milera,St Kilda,,15.71393,10.0,21.0,16.106749370082525,17,0.13939845634920625,0.5,7.173680585779988,-0.7212030873015876
10,Jason Horne-Francis,4.0,Jason Horne-Francis,Port Adelaide,,18.86979,13.0,24.0,17.34741789742293,11,0.3697199206349205,0.25,2.70475012080144,0.47887968253968194
10,Kysaiah Pickett,5.0,Kysaiah Pickett,Melbourne,,17.64081,13.0,22.0,17.454721067137143,14,0.19426481746031743,0.2,5.147612486261289,-0.028675912698412853
10,Zak Butters,5.0,Zak Butters,Port Adelaide,,17.33588,11.0,24.0,17.042038265208248,15,0.2673661746031746,0.2,3.7401889056616904,0.3368308730158729
10,Chad Warner,8.0,Chad Warner,Sydney,,14.19702,8.0,20.0,13.594254740871293,21,0.08903441666666667,0.125,11.231611745645177,-0.28772466666666663
10,Ed Richards,10.0,Ed Richards,Western Bulldogs,,16.57406,11.0,22.0,16.117302538841614,16,0.1715267857142857,0.1,5.829993233043569,0.715267857142857
10,Luke Jackson,10.0,Luke Jackson,Fremantle,,13.80504,8.0,20.0,13.410623064119136,24,0.08041473809523812,0.1,12.435531392462702,-0.19585261904761875
10,Luke Davies-Uniacke,13.0,Luke Davies-Uniacke,North Melbourne,,13.18163,8.0,18.0,12.510923635247307,27,0.04119580952380954,0.07692307692307693,24.274313614884537,-0.464454476190476
10,Andrew Brayshaw,41.0,Andrew Brayshaw,Fremantle,,12.9259,8.0,18.0,12.877387290951447,28,0.04075725396825397,0.024390243902439025,24.535509697952296,0.6710474126984127
10,Caleb Serong,41.0,Caleb Serong,Fremantle,,13.85589,8.0,20.0,13.318706583639141,23,0.07202709920634921,0.024390243902439025,13.883663385292207,1.9531110674603176
10,Harley Reid,51.0,Harley Reid,West Coast,,13.20517,8.0,18.0,12.4801331546023,26,0.028469301587301578,0.0196078431372549,35.12555434257787,0.45193438095238037
10,Sam Walsh,51.0,Sam Walsh,Carlton,,14.62065,8.0,21.0,14.094156623148592,20,0.13051478571428565,0.0196078431372549,7.661967144390322,5.6562540714285685
10,Clayton Oliver,67.0,Clayton Oliver,Greater Western Sydney,,15.37233,8.0,23.0,14.008367061018362,19,0.17715214682539684,0.014925373134328358,5.644865263674232,10.869193837301589
10,Max Holmes,101.0,Max Holmes,Geelong,,15.68168,11.0,20.0,13.811214537141495,18,0.1008470357142857,0.009900990099009901,9.91600787189368,9.185550607142856
10,Zac Bailey,101.0,Zac Bailey,Brisbane Lions,,11.45903,6.0,17.0,11.398732767975162,31,0.03077395238095238,0.009900990099009901,32.495013562799706,2.1081691904761906
20,Chad Warner,1.6,Chad Warner,Sydney,,14.19702,8.0,20.0,13.594254740871293,21,0.39103846320346325,0.625,2.557293192612832,-0.3743384588744587
20,Ed Richards,1.4,Ed Richards,Western Bulldogs,,16.57406,11.0,22.0,16.117302538841614,16,0.6198796980519478,0.7142857142857143,1.6132162468663347,-0.13216842272727314
20,Harry Sheezel,1.15,Harry Sheezel,North Melbourne,,20.15045,13.0,27.0,19.41950878796706,10,0.800639325396825,0.8695652173913044,1.2490018517443728,-0.07926477579365132
20,Izak Rankine,1.03,Izak Rankine,Adelaide,,17.79129,12.0,24.0,18.996506192106608,13,0.7136969462481961,0.970873786407767,1.401154937339803,-0.264892145364358
20,Jason Horne-Francis,1.05,Jason Horne-Francis,Port Adelaide,,18.86979,13.0,24.0,17.34741789742293,11,0.794570941558441,0.9523809523809523,1.2585408648831762,-0.16570051136363695
20,Kysaiah Pickett,1.05,Kysaiah Pickett,Melbourne,,17.64081,13.0,22.0,17.454721067137143,14,0.7704835248917743,0.9523809523809523,1.2978862852913884,-0.190992298863637
20,Luke Davies-Uniacke,1.5,Luke Davies-Uniacke,North Melbourne,,13.18163,8.0,18.0,12.510923635247307,27,0.2938177103174602,0.6666666666666666,3.4034708082080334,-0.5592734345238097
20,Max Gawn,1.05,Max Gawn,Melbourne,,18.42417,11.0,26.0,15.89078652986791,12,0.6961775487012983,0.9523809523809523,1.436415181537346,-0.26901357386363667
20,Zak Butters,1.2,Zak Butters,Port Adelaide,,17.33588,11.0,24.0,17.042038265208248,15,0.6549637575757573,0.8333333333333334,1.526802038178935,-0.21404349090909125
20,Luke Jackson,2.0,Luke Jackson,Fremantle,,13.80504,8.0,20.0,13.410623064119136,24,0.3773177463924962,0.5,2.6502861568556404,-0.24536450721500758
20,Max Holmes,2.0,Max Holmes,Geelong,,15.68168,11.0,20.0,13.811214537141495,18,0.5458346277056274,0.5,1.8320567242196062,0.09166925541125481
20,Caleb Serong,3.75,Caleb Serong,Fremantle,,13.85589,8.0,20.0,13.318706583639141,23,0.3659968841991345,0.26666666666666666,2.732263697239324,0.37248831574675445
20,Errol Gulden,3.0,Errol Gulden,Sydney,,13.66849,10.0,17.0,13.254950729016855,25,0.2929336536796538,0.3333333333333333,3.4137422840926956,-0.12119903896103867
20,Harley Reid,3.0,Harley Reid,West Coast,,13.20517,8.0,18.0,12.4801331546023,26,0.29951701623376614,0.3333333333333333,3.3387084733093193,-0.10144895129870157
20,Sam Walsh,3.75,Sam Walsh,Carlton,,14.62065,8.0,21.0,14.094156623148592,20,0.43277768181818216,0.26666666666666666,2.3106551978346204,0.6229163068181831
20,Andrew Brayshaw,4.5,Andrew Brayshaw,Fremantle,,12.9259,8.0,18.0,12.877387290951447,28,0.27249291558441574,0.2222222222222222,3.669820178096371,0.22621812012987075
20,Clayton Oliver,4.0,Clayton Oliver,Greater Western Sydney,,15.37233,8.0,23.0,14.008367061018362,19,0.48653107683982655,0.25,2.0553671648177474,0.9461243073593062
20,Matt Rowell,8.5,Matt Rowell,Gold Coast,,10.08641,5.0,15.0,10.553939937635732,38,0.08503985569985568,0.11764705882352941,11.759192107868277,-0.27716122655122666
20,Zac Bailey,10.0,Zac Bailey,Brisbane Lions,,11.45903,6.0,17.0,11.398732767975162,31,0.1954634512987013,0.1,5.116045958238149,0.9546345129870129
20,Shai Bolton,12.0,Shai Bolton,Fremantle,,14.09303,9.0,19.0,14.518683128058909,22,0.3900787943722946,0.08333333333333333,2.5635846255348893,3.6809455324675353
20,Brodie Grundy,13.0,Brodie Grundy,Sydney,,11.533,5.0,18.0,12.307905962195946,30,0.21411601190476198,0.07692307692307693,4.67036533654847,1.7835081547619058
20,Christian Petracca,15.0,Christian Petracca,Gold Coast,,10.57305,7.0,14.0,11.271365869986766,35,0.050797057359307375,0.06666666666666667,19.68617971168311,-0.2380441396103894
20,Murphy Reid,15.0,Murphy Reid,Fremantle,,10.64081,7.0,15.0,8.965078925102716,34,0.07630120021645019,0.06666666666666667,13.105953735501064,0.1445180032467528
20,Noah Anderson,21.0,Noah Anderson,Gold Coast,,9.8023,5.0,15.0,9.759528355272776,41,0.09286880194805196,0.047619047619047616,10.7678787603976,0.9502448409090911
20,Tom Sparrow,21.0,Tom Sparrow,Melbourne,,12.59823,7.0,18.0,11.85446945791682,29,0.25235609956709937,0.047619047619047616,3.962654367044964,4.299478090909087
20,Finn Callaghan,41.0,Finn Callaghan,Greater Western Sydney,,10.75941,7.0,15.0,9.907277302896546,33,0.07805065043290044,0.024390243902439025,12.812193036875362,2.200076667748918
