Player_Name,Team,Games,Actual_Votes,Exp_Total_Votes,Avg_Poll_Prob,Exp_3vote_games,Exp_2vote_games,Exp_1vote_games
Josh Kennedy,Sydney,43,31.0,36.402367,0.38917044,6.480779,6.706478,3.5470715
Patrick Dangerfield,Geelong,22,35.0,34.89381,0.6852526,8.183919,3.4504163,3.4412215
Luke Parker,Sydney,22,26.0,22.522482,0.44980553,4.846308,2.9341438,2.1152694
Dustin Martin,Richmond,22,25.0,22.000612,0.426449,5.3720226,1.8746891,2.1351666
Joel Selwood,Geelong,22,18.0,20.545893,0.4214358,3.982897,3.3085127,1.9801775
Dan Hannebery,Sydney,22,21.0,20.493183,0.4579812,3.424829,3.5679383,3.0828187
Marcus Bontempelli,Western Bulldogs,22,20.0,19.242456,0.3508804,4.802453,1.9181818,0.99873435
Robbie Gray,Port Adelaide,19,19.0,19.119654,0.48058853,3.7123485,2.563775,2.8550582
Rory Sloane,Adelaide,21,24.0,18.738796,0.40590405,3.5966282,3.0215545,1.9058022
Jack Steven,St Kilda,22,16.0,16.903387,0.3247143,3.980244,1.7991843,1.3642864
Adam Treloar,Collingwood,22,21.0,16.887691,0.3517635,3.20408,2.7407346,1.7939821
Lance Franklin,Sydney,22,17.0,16.675404,0.3776932,3.0811818,2.2037885,3.0242803
Sam Mitchell,Hawthorn,20,16.0,16.347359,0.37751782,2.9352884,2.9264257,1.6886418
Lachie Neale,Fremantle,22,20.0,16.10831,0.3685812,2.9131527,2.1732173,3.0224168
Matt Priddis,West Coast,21,17.0,15.133767,0.35725233,2.2990825,3.0333033,2.1699128
Stephen Coniglio,Greater Western Sydney,21,17.0,15.102753,0.3478857,2.6072314,2.582691,2.1156774
Scott Pendlebury,Collingwood,22,17.0,15.027416,0.32930222,2.3418796,3.099008,1.8037612
Max Gawn,Melbourne,22,16.0,14.786592,0.2881198,3.142029,2.1638975,1.0327089
Luke Shuey,West Coast,22,10.0,14.660303,0.30692682,2.9741354,1.9596426,1.818612
Andrew Gaff,West Coast,21,21.0,14.517163,0.30879673,3.1726103,1.687211,1.6249099
Bryce Gibbs,Carlton,22,13.0,14.048671,0.28001562,2.9896533,1.9090202,1.26167
Jack Viney,Melbourne,21,14.0,13.448947,0.3127257,2.507021,1.8676649,2.192554
Tom Lynch,Gold Coast,43,16.0,13.255255,0.17485367,1.5214617,2.6936238,3.3036222
Eddie Betts,Adelaide,22,10.0,13.197073,0.3091694,1.8337706,2.7278047,2.240152
Zach Merrett,Essendon,22,19.0,13.17696,0.3008419,1.6447164,3.2690053,1.7047998
Nick Riewoldt,St Kilda,21,19.0,12.939647,0.27278146,2.868104,1.4750274,1.3852794
Patrick Cripps,Carlton,21,18.0,12.340512,0.28228357,1.9968792,2.4187994,1.5122765
Tom Mitchell,Sydney,22,12.0,12.196761,0.26819107,2.1720173,1.9525226,1.7756639
Dylan Shiel,Greater Western Sydney,21,7.0,11.836736,0.2790625,1.9761436,2.0241363,1.8600326
Lachie Hunter,Western Bulldogs,22,13.0,11.406729,0.25207183,1.9101548,2.0408385,1.5945876
Jordan Lewis,Hawthorn,22,11.0,11.10524,0.24613954,2.0981946,1.4937807,1.8230947
Todd Goldstein,North Melbourne,21,11.0,10.120438,0.19759968,2.4168983,1.137047,0.5956482
Nathan Jones,Melbourne,22,11.0,10.014789,0.23761608,1.3335168,2.1202009,1.7738359
Tom Rockliff,Brisbane Lions,17,9.0,9.197291,0.21466848,2.4981291,0.5516691,0.599566
Sebastian Ross,St Kilda,22,10.0,9.170616,0.18016626,2.1352043,0.93654937,0.8919041
Dom Tyson,Melbourne,21,6.0,9.0338745,0.21257085,1.2570838,2.0557191,1.1511849
Aaron Hall,Gold Coast,17,11.0,9.019964,0.22649412,2.184592,0.80037993,0.8654279
Trent Cotchin,Richmond,20,9.0,8.954475,0.22494154,1.5286847,1.3982755,1.5718707
Ollie Wines,Port Adelaide,22,11.0,8.928345,0.20877649,1.1692643,1.9967338,1.4270849
Toby Greene,Greater Western Sydney,21,6.0,8.843526,0.205224,1.626164,1.281494,1.4020464
Callan Ward,Greater Western Sydney,22,12.0,8.612137,0.20690498,1.1877278,1.6847713,1.6794103
Steven Motlop,Geelong,22,6.0,8.254803,0.18263134,1.3411889,1.5545355,1.1221652
Steele Sidebottom,Collingwood,20,7.0,8.211063,0.1918326,1.6451979,1.0840151,1.1074392
Jack Ziebell,North Melbourne,22,7.0,7.85504,0.18732056,1.2612972,1.2113934,1.6483617
Tom Scully,Greater Western Sydney,22,7.0,7.8005424,0.18394256,1.0122466,1.729313,1.3051766
Josh Jenkins,Adelaide,22,8.0,7.6532373,0.14984767,1.6195679,1.1174526,0.5596281
Corey Enright,Geelong,21,8.0,7.4502177,0.17193119,1.3838238,1.0720153,1.1547163
Rory Laird,Adelaide,17,11.0,7.402614,0.21011306,1.1599202,1.5108517,0.9011502
Luke Dahlhaus,Western Bulldogs,17,7.0,7.246389,0.20041502,1.4808447,0.8776435,1.0485672
Gary Ablett,Gold Coast,14,6.0,7.027172,0.24314763,1.2427691,1.1375669,1.0237306
Steve Johnson,Greater Western Sydney,21,5.0,6.8848433,0.17296626,0.83963853,1.5732751,1.2193778
Daniel Wells,North Melbourne,18,12.0,6.8731165,0.19661641,0.988738,1.356545,1.1938125
Matt Crouch,Adelaide,20,7.0,6.766823,0.14966387,1.4956148,0.782316,0.7153464
Taylor Adams,Collingwood,14,5.0,6.695447,0.22471854,1.2296436,1.0901,0.8263159
Jarrad Waite,North Melbourne,14,8.0,6.658928,0.22444646,1.3840879,0.7485013,1.0096613
Tim Membrey,St Kilda,17,9.0,6.610589,0.21052799,0.88844097,1.2547313,1.4358035
Cyril Rioli,Hawthorn,19,8.0,6.3807325,0.20798202,0.50000393,1.4290661,2.0225885
Scott Thompson,Adelaide,39,6.0,6.1988983,0.08684802,0.7887963,1.2342331,1.3640436
David Zaharakis,Essendon,21,6.0,6.1970983,0.14499299,0.90651035,1.3392247,0.799118
Bernie Vince,Melbourne,21,6.0,6.1646776,0.1437157,1.2435094,0.6596291,1.1148909
Jesse Hogan,Melbourne,21,6.0,6.1108055,0.1471719,0.79110634,1.437983,0.8615204
Dayne Zorko,Brisbane Lions,20,5.0,5.8399935,0.14993408,0.65284103,1.5356293,0.8102115
Jack Watts,Melbourne,22,5.0,5.7546606,0.13113318,0.87452674,1.1206769,0.8897265
David Armitage,St Kilda,22,6.0,5.668097,0.11824154,1.0464615,0.9738603,0.5809919
Sam Gibson,North Melbourne,22,6.0,5.646234,0.119591855,1.1885457,0.63812184,0.8043532
Josh Gibson,Hawthorn,21,10.0,5.5601883,0.12211744,1.0904952,0.8147314,0.6592394
Heath Shaw,Greater Western Sydney,22,2.0,5.496216,0.14122204,0.7896075,0.81011575,1.5071617
Jason Johannisen,Western Bulldogs,13,10.0,5.457952,0.19915254,0.8634932,1.1419823,0.58350754
Koby Stevens,Western Bulldogs,12,6.0,5.448691,0.19738495,1.1975377,0.6849962,0.4860856
Cameron Guthrie,Geelong,21,3.0,5.353937,0.12191894,1.0108331,0.77197313,0.7774915
Leigh Montagna,St Kilda,22,7.0,5.3277974,0.117753774,0.77694845,1.1833175,0.63031703
Isaac Smith,Hawthorn,22,4.0,5.3213406,0.11583629,0.8605319,1.0518785,0.635988
Travis Boak,Port Adelaide,22,7.0,5.3106737,0.11801206,0.9409078,0.83259296,0.8227647
Ryan Griffen,Greater Western Sydney,13,6.0,5.20923,0.1635103,1.2789483,0.5256993,0.32098603
Brent Harvey,North Melbourne,22,4.0,5.2087812,0.14031103,0.40371996,1.3144984,1.3686243
Brodie Grundy,Collingwood,21,7.0,4.9137735,0.12606373,0.72441566,0.8176038,1.1053189
Jeremy Cameron,Greater Western Sydney,18,4.0,4.843399,0.12889503,0.997827,0.52763426,0.7946491
Nat Fyfe,Fremantle,5,4.0,4.7423215,0.41015583,1.1223996,0.44674313,0.48163638
Ed Curnow,Carlton,21,3.0,4.585222,0.11630706,0.7600935,0.62258613,1.0597686
Jack Gunston,Hawthorn,22,4.0,4.584453,0.124922365,0.32994023,1.1762806,1.242071
Liam Picken,Western Bulldogs,22,4.0,4.5228257,0.091299705,1.0256855,0.46286148,0.5200464
Taylor Walker,Adelaide,21,6.0,4.458698,0.113580555,0.6862166,0.7010734,0.9979017
Mark LeCras,West Coast,22,5.0,4.4527006,0.09804115,0.8450299,0.6057358,0.70613956
Shaun Burgoyne,Hawthorn,22,8.0,4.424097,0.09188232,0.8928491,0.61698806,0.51157373
Jonathon Patton,Greater Western Sydney,21,5.0,4.349616,0.09007112,0.8633852,0.7313522,0.29675627
Josh Kelly,Greater Western Sydney,22,6.0,4.3486896,0.113369726,0.4197357,1.0150843,1.0593139
Michael Barlow,Fremantle,13,3.0,4.304732,0.14173514,1.0237253,0.41472453,0.4041069
Isaac Heeney,Sydney,20,5.0,4.3020887,0.10006736,0.754187,0.7923673,0.45479307
Joe Daniher,Essendon,22,4.0,4.2464747,0.08702956,0.9562326,0.41935933,0.5390583
Shaun Grigg,Richmond,20,1.0,4.1986923,0.123858616,0.45575666,0.81000656,1.2114092
Touk Miller,Gold Coast,18,2.0,4.086447,0.12526466,0.59751254,0.6366579,1.0205933
Tom Hawkins,Geelong,21,2.0,3.937512,0.107917376,0.28553775,1.1001716,0.8805554
Kieren Jack,Sydney,21,3.0,3.9184632,0.09342671,0.65870655,0.6390889,0.6641655
Jackson Trengove,Port Adelaide,21,3.0,3.8514092,0.07838398,0.8689085,0.46752852,0.30962652
Michael Walters,Fremantle,22,3.0,3.6526787,0.09997337,0.2310772,0.9911103,0.9772267
Rory Lobb,Greater Western Sydney,22,5.0,3.516482,0.07934653,0.47965923,0.81154,0.45442438
Jake Stringer,Western Bulldogs,19,4.0,3.470768,0.10740244,0.31001803,0.8100856,0.9205428
Matthew Boyd,Western Bulldogs,20,2.0,3.45962,0.11731814,0.23322453,0.6468082,1.4663302
Pearce Hanley,Brisbane Lions,22,3.0,3.4557533,0.06272406,0.93643785,0.20294839,0.24054304
Kade Simpson,Carlton,22,3.0,3.3929408,0.0960311,0.24882266,0.78261125,1.0812503
Stephen Hill,Fremantle,21,2.0,3.3754878,0.08597416,0.35980263,0.850425,0.59522974
Alex Rance,Richmond,20,7.0,3.3359025,0.08624603,0.3668827,0.87721634,0.4808215
Steven May,Gold Coast,17,5.0,3.3133793,0.09273523,0.69832236,0.34023586,0.5379406
Paul Puopolo,Hawthorn,20,3.0,3.2444186,0.063523345,0.9086147,0.15672246,0.2051298
Sam Docherty,Carlton,22,1.0,3.239742,0.08878697,0.41590673,0.45461547,1.0827911
Tom Liberatore,Western Bulldogs,17,1.0,3.2271907,0.10602591,0.40399003,0.61677,0.78168046
Brad Crouch,Adelaide,14,4.0,3.2237995,0.12309016,0.29515138,0.9102343,0.5178766
Alex Fasolo,Collingwood,12,3.0,3.2218006,0.11023164,0.83157563,0.23586996,0.255334
Mitch Wallis,Western Bulldogs,17,5.0,3.1852999,0.097187616,0.44924554,0.6346192,0.56832474
Ben Cunnington,North Melbourne,21,2.0,3.1145065,0.07313572,0.5052501,0.56815636,0.46244362
Shane Biggs,Western Bulldogs,22,3.0,3.107923,0.067817874,0.49841183,0.61910605,0.37447536
Ben Griffiths,Richmond,13,4.0,3.0918598,0.120139994,0.51157,0.5068997,0.54335034
Jack Macrae,Western Bulldogs,18,1.0,3.0374403,0.100169286,0.34644073,0.5415117,0.91509473
Jack Riewoldt,Richmond,22,2.0,2.875686,0.072275184,0.30510005,0.6754319,0.60952204
Dion Prestia,Gold Coast,14,0.0,2.852361,0.1034754,0.45204663,0.49961212,0.49699682
Elliot Yeo,West Coast,19,3.0,2.84973,0.07119014,0.5863087,0.3244997,0.4418042
Sam Menegola,Geelong,6,2.0,2.847837,0.2520044,0.5092143,0.3173818,0.6854304
Nick Dal Santo,North Melbourne,21,3.0,2.6220038,0.07184054,0.29298642,0.5273796,0.68828535
Matthew Broadbent,Port Adelaide,21,3.0,2.601112,0.057856992,0.5683539,0.24940719,0.39723578
Dale Thomas,Carlton,18,2.0,2.5105655,0.056879148,0.5686094,0.3495217,0.10569354
Kurt Tippett,Sydney,14,0.0,2.4496481,0.09838022,0.25354004,0.5652448,0.5585384
Andrew Swallow,North Melbourne,21,3.0,2.4264786,0.06781378,0.1955834,0.6112225,0.61728346
Brodie Smith,Adelaide,21,2.0,2.3968992,0.061631896,0.26120564,0.58021814,0.45284602
Jack Newnes,St Kilda,22,0.0,2.35972,0.059892014,0.24561712,0.5508614,0.5211457
Jeremy McGovern,West Coast,21,2.0,2.3534772,0.08596445,0.11695374,0.3143163,1.3739834
Nic Naitanui,West Coast,15,1.0,2.3495142,0.09380031,0.30267444,0.33716056,0.76716965
Lachie Whitfield,Greater Western Sydney,19,3.0,2.3074746,0.062055387,0.42009187,0.28823867,0.47072187
David Mundy,Fremantle,18,2.0,2.2713277,0.07217256,0.2108173,0.550587,0.53770185
Peter Wright,Gold Coast,17,3.0,2.2560995,0.066127285,0.4385544,0.25482666,0.43078274
James Sicily,Hawthorn,21,3.0,2.229158,0.060445506,0.2477437,0.46431473,0.5572973
Chad Wingard,Port Adelaide,18,3.0,2.2161224,0.0726907,0.22281525,0.46205938,0.62355804
Michael Rischitelli,Gold Coast,12,3.0,2.2091236,0.07970627,0.48893917,0.27477017,0.19276592
Ted Richards,Sydney,8,3.0,2.200455,0.106642544,0.58720934,0.17289583,0.09303514
Luke Breust,Hawthorn,22,1.0,2.1871898,0.06454381,0.19101949,0.3851869,0.84375745
Tom Hickey,St Kilda,20,1.0,2.1854675,0.063051954,0.2754246,0.37357903,0.6120355
Dane Rampe,Sydney,22,2.0,2.1805482,0.052898087,0.2808692,0.45505205,0.42783663
Justin Westhoff,Port Adelaide,22,1.0,2.159435,0.054624807,0.22646949,0.50475025,0.470526
Kane Lambert,Richmond,15,0.0,2.10544,0.05566721,0.551289,0.16785365,0.11586541
Anthony Miles,Richmond,19,1.0,2.0671372,0.06186277,0.25535104,0.3810426,0.5389989
Jack Martin,Gold Coast,21,0.0,2.0511637,0.05554974,0.21622023,0.45217845,0.4981459
Alex Sexton,Gold Coast,18,0.0,2.0431542,0.053352166,0.3923489,0.29811755,0.26987264
Aaron Young,Port Adelaide,21,5.0,2.0382965,0.057336092,0.16837037,0.49749798,0.5381896
Luke Hodge,Hawthorn,13,3.0,2.038069,0.07843229,0.29817003,0.42210916,0.2993406
Sam Gray,Port Adelaide,17,0.0,1.9771545,0.06098164,0.33471912,0.27102837,0.43094027
Mitch Duncan,Geelong,22,2.0,1.9581132,0.057572857,0.16939095,0.35272852,0.74448335
Mitch Robinson,Brisbane Lions,21,3.0,1.9494334,0.053456273,0.094024025,0.63880354,0.3897541
Rhys Stanley,Geelong,19,2.0,1.9195898,0.053226903,0.1424373,0.6234041,0.2454698
Charlie Dixon,Port Adelaide,18,2.0,1.8811998,0.0618573,0.061976295,0.643816,0.4076391
Zac Williams,Greater Western Sydney,20,2.0,1.8757523,0.053875946,0.1453153,0.50760275,0.42460084
Drew Petrie,North Melbourne,22,3.0,1.8710401,0.037125353,0.4369373,0.18040764,0.19941278
Easton Wood,Western Bulldogs,16,3.0,1.8637543,0.057922635,0.2516794,0.4336333,0.24144952
Josh Caddy,Geelong,16,0.0,1.8621485,0.06737296,0.1596924,0.4647963,0.4534786
Daniel Menzel,Geelong,17,0.0,1.8153073,0.06719242,0.12357185,0.42589238,0.59280694
Jasper Pittard,Port Adelaide,22,3.0,1.7658315,0.056531765,0.07992031,0.36229214,0.8014864
Chris Masten,West Coast,20,0.0,1.7162958,0.049247615,0.18922628,0.35289094,0.4428351
Jimmy Bartel,Geelong,20,2.0,1.690629,0.04905636,0.19383667,0.3218286,0.46546185
Sam Jacobs,Adelaide,20,2.0,1.6835452,0.050016724,0.092769094,0.49767256,0.40989283
Daniel Talia,Adelaide,22,2.0,1.656511,0.05793098,0.076309465,0.22941044,0.9687616
Sam Kerridge,Carlton,21,2.0,1.6564288,0.042027805,0.1434239,0.48699698,0.25216302
Brendon Goddard,Essendon,20,0.0,1.6465346,0.058849387,0.07190633,0.3257342,0.77934724
Harry Taylor,Geelong,22,2.0,1.6296114,0.04458949,0.056300804,0.53604096,0.38862708
James Harmes,Melbourne,19,2.0,1.6294127,0.04829908,0.13113257,0.449465,0.33708492
Jarman Impey,Port Adelaide,20,3.0,1.6279337,0.03475683,0.38594738,0.16090253,0.14828666
Jake Lloyd,Sydney,22,0.0,1.5973675,0.042689003,0.18647265,0.2852642,0.46742126
Shane Mumford,Greater Western Sydney,21,4.0,1.5401012,0.039304882,0.17124219,0.37221435,0.28194594
Brad Ebert,Port Adelaide,21,2.0,1.5194229,0.047792405,0.07823155,0.35931933,0.56608963
Dean Towers,Sydney,13,0.0,1.5154724,0.061282497,0.20590973,0.3069804,0.2837824
Travis Cloke,Collingwood,13,1.0,1.5113013,0.06372617,0.21720676,0.24844754,0.36278594
Marcus Adams,Western Bulldogs,11,2.0,1.4849453,0.07406905,0.040429454,0.5893268,0.18500334
Jarrad McVeigh,Sydney,18,1.0,1.4750423,0.04659094,0.14771777,0.34097,0.34994906
Levi Casboult,Carlton,20,0.0,1.441414,0.03639993,0.23004307,0.25332922,0.2446263
Billy Stretch,Melbourne,16,0.0,1.4396399,0.044001378,0.16826677,0.3990843,0.13667099
Jeremy Howe,Collingwood,20,1.0,1.4062268,0.05647459,0.055147044,0.16644087,0.9079039
Marc Murphy,Carlton,10,1.0,1.406177,0.08456956,0.11724976,0.32598194,0.4024639
Josh Bruce,St Kilda,22,1.0,1.3914378,0.042169455,0.09265156,0.2784067,0.5566697
Bradley Hill,Hawthorn,18,0.0,1.3698227,0.04296944,0.11571743,0.36493796,0.2927945
Stefan Martin,Brisbane Lions,20,0.0,1.3500223,0.035565045,0.18995954,0.25880235,0.262539
Andrejs Everitt,Carlton,13,2.0,1.3472778,0.05983407,0.11094955,0.3475358,0.31935754
Blake Acres,St Kilda,16,1.0,1.3424472,0.050418336,0.14396992,0.24781397,0.41490945
Bachar Houli,Richmond,12,0.0,1.3377569,0.07178294,0.0840857,0.3081902,0.46911937
Brandon Ellis,Richmond,22,3.0,1.3110417,0.036842223,0.05962456,0.38126373,0.3696406
Jack Darling,West Coast,22,1.0,1.2892491,0.035236564,0.07468949,0.3646657,0.33584923
Tomas Bugg,Melbourne,18,0.0,1.2816145,0.039597645,0.15109754,0.26666185,0.29499823
Matthew Pavlich,Fremantle,18,2.0,1.2534502,0.04322962,0.07082854,0.33365998,0.3736446
Danyle Pearce,Fremantle,22,0.0,1.2413054,0.036069892,0.102916904,0.24193393,0.44868678
Brayden Fiorini,Gold Coast,2,1.0,1.2374831,0.40663528,0.0766549,0.27090278,0.46571293
Robbie Tarrant,North Melbourne,22,1.0,1.1963053,0.034403,0.08459312,0.2702529,0.40202004
Dean Kent,Melbourne,20,1.0,1.1912766,0.04124932,0.091106966,0.1840762,0.54980326
Josh Smith,Collingwood,18,0.0,1.179527,0.037030734,0.10856752,0.29583886,0.26214677
Caleb Daniel,Western Bulldogs,20,0.0,1.1490595,0.03576242,0.08214068,0.2695297,0.36357805
Jarryd Lyons,Adelaide,18,0.0,1.1180494,0.03742273,0.113542296,0.2173557,0.34271115
Shane Edwards,Richmond,19,0.0,1.0743278,0.03575505,0.102726996,0.18952803,0.38709083
Brett Deledio,Richmond,11,0.0,1.0643752,0.057984527,0.13253272,0.16147996,0.3438171
Jamie Macmillan,North Melbourne,22,0.0,1.0529478,0.026659274,0.12553896,0.2153658,0.24559925
Grant Birchall,Hawthorn,22,2.0,1.0382853,0.028588511,0.057985693,0.29336658,0.27759504
Lindsay Thomas,North Melbourne,21,1.0,1.0378271,0.038098734,0.040012665,0.15772834,0.6023325
Jack Billings,St Kilda,17,1.0,1.0340612,0.03797436,0.09459534,0.1993063,0.35166252
Jared Polec,Port Adelaide,17,2.0,1.0219216,0.03713462,0.07089968,0.24883364,0.3115553
Ben McGlynn,Sydney,14,1.0,0.98823917,0.05378867,0.038348805,0.15850015,0.5561924
Connor Blakely,Fremantle,15,3.0,0.9487475,0.028295211,0.2159215,0.092476405,0.11603024
Gary Rohan,Sydney,14,0.0,0.94398296,0.04746709,0.03002555,0.21939254,0.41512123
Sean Dempster,St Kilda,19,2.0,0.9339622,0.027913928,0.043583665,0.31643027,0.1703507
Jade Gresham,St Kilda,18,1.0,0.9135791,0.03561931,0.083902664,0.10462622,0.45261872
Lachie Weller,Fremantle,22,2.0,0.90249676,0.024238318,0.055382606,0.2584885,0.21937197
Nick Malceski,Gold Coast,18,0.0,0.8644936,0.028172066,0.09369032,0.1700158,0.24339108
Maverick Weller,St Kilda,22,2.0,0.8346605,0.023946576,0.058916673,0.19000238,0.27790564
Jarrod Harbrow,Gold Coast,21,2.0,0.79352033,0.02382296,0.04989086,0.19345646,0.25693482
Zac Smith,Geelong,21,0.0,0.76454866,0.019173775,0.11432444,0.13325055,0.15507428
Zach Tuohy,Carlton,22,0.0,0.76353645,0.020148944,0.09253636,0.13518694,0.21555348
Daniel Rich,Brisbane Lions,21,0.0,0.73553795,0.0255901,0.03902865,0.12008856,0.3782749
Tom McDonald,Melbourne,22,0.0,0.7225193,0.02302283,0.043192584,0.12963188,0.3336778
Jack Crisp,Collingwood,22,0.0,0.7147308,0.01989569,0.071958736,0.13310817,0.23263825
Adam Cooney,Essendon,20,4.0,0.71192074,0.026011277,0.03159405,0.12850711,0.36012435
Heath Grundy,Sydney,22,0.0,0.68525976,0.018113982,0.06372078,0.1593106,0.17547624
Billy Hartung,Hawthorn,17,0.0,0.67609984,0.023963712,0.06983048,0.12905581,0.2084968
Mark Blicavs,Geelong,22,1.0,0.6699683,0.02255152,0.03554356,0.10274773,0.35784215
Orazio Fantasia,Essendon,19,1.0,0.6565538,0.02548118,0.014770259,0.1428709,0.32650125
Patrick McGinnity,West Coast,3,1.0,0.6459915,0.16224329,0.025346145,0.10856927,0.3528145
Garrick Ibbotson,Fremantle,16,2.0,0.643175,0.021943137,0.019659873,0.2527651,0.07866521
Dylan Roberton,St Kilda,18,0.0,0.6389611,0.021253735,0.05808956,0.14021473,0.18426292
Nick Haynes,Greater Western Sydney,16,0.0,0.6113767,0.025821876,0.036327757,0.12557118,0.25125104
Tom Barrass,West Coast,9,1.0,0.59310526,0.05442875,0.018804932,0.0656367,0.4054171
Rory Atkins,Adelaide,22,1.0,0.57808197,0.017962197,0.0485308,0.08585205,0.2607855
Chris Mayne,Fremantle,22,1.0,0.56043005,0.020871673,0.013165773,0.074921705,0.3710893
Ben Brown,North Melbourne,21,0.0,0.5599904,0.01783906,0.038647983,0.1080742,0.22789808
Hayden Ballantyne,Fremantle,20,0.0,0.550134,0.017312925,0.029338427,0.14519866,0.17172144
Anthony McDonald-Tipungwuti,Essendon,21,2.0,0.54757583,0.024779698,0.003851349,0.019499432,0.49702287
Jacob Weitering,Carlton,20,0.0,0.5218478,0.01568922,0.0277131,0.15263712,0.13343424
Ryan Bastinac,Brisbane Lions,22,0.0,0.514387,0.014942531,0.04061981,0.10441175,0.18370411
Richard Douglas,Adelaide,22,0.0,0.51421696,0.014563867,0.043158855,0.10749419,0.16975202
Clayton Oliver,Melbourne,13,3.0,0.5077614,0.026606752,0.030404998,0.10106367,0.21441911
Luke Brown,Adelaide,20,0.0,0.49659708,0.01569352,0.038814843,0.10509697,0.16995858
Matthew Wright,Carlton,22,0.0,0.49182758,0.014894912,0.038520597,0.087098286,0.20206921
Matthew Kreuzer,Carlton,21,0.0,0.48448494,0.013847674,0.05318614,0.08731149,0.15030354
Jamie Cripps,West Coast,22,1.0,0.4739928,0.015228811,0.03324905,0.072460875,0.2293239
Liam Shiels,Hawthorn,16,0.0,0.4694991,0.01992967,0.03881454,0.07299533,0.20706484
Lachie Henderson,Geelong,18,1.0,0.4627555,0.018509096,0.02755839,0.07447501,0.2311303
Matt Rosa,Gold Coast,15,0.0,0.45715317,0.02325974,0.02087278,0.06651151,0.2615118
Devon Smith,Greater Western Sydney,12,0.0,0.44528753,0.023685982,0.035267252,0.09052123,0.1584433
Jacob Hopper,Greater Western Sydney,8,0.0,0.43926367,0.033474006,0.04148497,0.088501684,0.1378054
Jesse White,Collingwood,16,0.0,0.4243163,0.017392915,0.033157658,0.079714336,0.16541465
Scott Lycett,West Coast,20,0.0,0.417467,0.013250033,0.038478836,0.07550866,0.1510132
Clay Smith,Western Bulldogs,9,0.0,0.40872547,0.026993103,0.029025925,0.107735656,0.10617635
Sam Day,Gold Coast,20,1.0,0.39055464,0.013576826,0.019828163,0.07936178,0.17234658
Phil Davis,Greater Western Sydney,19,1.0,0.37832022,0.015442953,0.014166814,0.056570444,0.22267887
Shannon Hurn,West Coast,22,0.0,0.37321436,0.010768999,0.023969581,0.08835724,0.12459116
Matt Suckling,Western Bulldogs,15,0.0,0.36598796,0.014660174,0.018981053,0.10812325,0.092798285
Matthew Taberner,Fremantle,17,0.0,0.35266694,0.013036612,0.039892953,0.05125861,0.13047086
Jeff Garlett,Melbourne,17,0.0,0.35176492,0.015215641,0.011649077,0.069800906,0.17721589
Levi Greenwood,Collingwood,21,0.0,0.3435776,0.01046183,0.030218761,0.06344165,0.12603801
Ben Reid,Collingwood,17,2.0,0.34054938,0.012996372,0.016538836,0.08653338,0.1178661
James Kelly,Essendon,20,0.0,0.3397743,0.013082007,0.016043078,0.046047993,0.19954908
Josh Dunkley,Western Bulldogs,13,0.0,0.3347623,0.016537664,0.031392924,0.056986813,0.12660989
Ben Sinclair,Collingwood,13,0.0,0.3296978,0.016118504,0.01793537,0.08428649,0.10731869
James Aish,Collingwood,15,1.0,0.32277313,0.014527725,0.018408997,0.068039276,0.1314676
Shane Kersten,Geelong,17,0.0,0.3179589,0.013630448,0.017586235,0.05106882,0.16306256
Ben Stratton,Hawthorn,19,0.0,0.31320658,0.0107988585,0.015786856,0.07645458,0.11293686
Ben McEvoy,Hawthorn,21,0.0,0.3104618,0.009621966,0.019143604,0.0701133,0.112804376
Hamish Hartlett,Port Adelaide,15,0.0,0.3013786,0.014360966,0.01637245,0.0532192,0.14582284
Mason Cox,Collingwood,11,1.0,0.29309687,0.0218252,0.0054605473,0.04209854,0.19251812
Jake Lever,Adelaide,22,0.0,0.29262272,0.009198893,0.016104428,0.058038205,0.12823302
Ben Kennedy,Melbourne,15,0.0,0.28470448,0.013836381,0.014227193,0.048704393,0.14461412
Shane Savage,St Kilda,21,0.0,0.27836922,0.009220467,0.013449329,0.05784076,0.12233972
Matt Dea,Essendon,21,0.0,0.27594268,0.008935793,0.014199227,0.059892546,0.1135599
John Butcher,Port Adelaide,3,0.0,0.27109006,0.061148975,0.012257451,0.063128255,0.10806122
Jack Redden,West Coast,15,0.0,0.2643039,0.012057584,0.017914474,0.047611203,0.115338065
Christian Petracca,Melbourne,17,0.0,0.25878948,0.010743621,0.013759411,0.048629094,0.12025305
Sam Gilbert,St Kilda,22,0.0,0.2556325,0.00848367,0.0149273705,0.03913703,0.13257633
Robert Murphy,Western Bulldogs,3,0.0,0.25523934,0.056982677,0.014956423,0.054378454,0.10161316
Charlie Cameron,Adelaide,18,0.0,0.2551547,0.0094024455,0.01879209,0.0483265,0.102125436
Jimmy Toumpas,Port Adelaide,8,0.0,0.25246212,0.019853074,0.020320434,0.052996673,0.08550749
Tom Papley,Sydney,16,0.0,0.24964209,0.009951623,0.014741266,0.060933594,0.08355112
Mathew Stokes,Essendon,11,0.0,0.2457434,0.015431377,0.018674843,0.03864856,0.112421736
Aaron Vandenberg,Melbourne,14,0.0,0.23927014,0.009557619,0.03111545,0.04323255,0.05945867
Callum Mills,Sydney,20,0.0,0.23295575,0.007920975,0.021459617,0.031617012,0.105342865
Andrew Mackie,Geelong,20,0.0,0.22875382,0.0076551577,0.013430005,0.04879064,0.09088252
Tom Bell,Brisbane Lions,14,0.0,0.22850557,0.01058128,0.018595893,0.043175843,0.0863662
Jonathon Griffin,Fremantle,13,0.0,0.22756627,0.012027285,0.017227316,0.036756936,0.10237044
Tom Campbell,Western Bulldogs,9,0.0,0.22138615,0.0154373385,0.010105404,0.06223931,0.06659134
Dale Morris,Western Bulldogs,19,0.0,0.21880971,0.008167182,0.011829365,0.039974518,0.10337257
Dennis Armfield,Carlton,15,0.0,0.21546206,0.0108334,0.008118035,0.036724992,0.11765797
Tom Sheridan,Fremantle,21,1.0,0.21223629,0.007214832,0.012210996,0.036302805,0.10299766
Nick Vlastuin,Richmond,19,0.0,0.2107774,0.0077163614,0.014690653,0.03478523,0.097135
Kane Mitchell,Port Adelaide,4,0.0,0.20959048,0.030901495,0.025480017,0.035024464,0.0631015
Jack Grimes,Melbourne,2,0.0,0.20287278,0.063798636,0.021091197,0.033093117,0.07341295
Jack Redpath,Western Bulldogs,10,0.0,0.2023858,0.014298717,0.017241325,0.024915993,0.10082984
Jayden Hunt,Melbourne,19,1.0,0.19251743,0.008010782,0.009338293,0.021635994,0.12123057
Jonathon Ceglar,Hawthorn,19,0.0,0.19223244,0.006201685,0.020519884,0.033360668,0.06395146
Jackson Merrett,Essendon,11,0.0,0.1875372,0.010413064,0.018185843,0.036621805,0.059736054
Ricky Henderson,Adelaide,9,0.0,0.18728676,0.013263443,0.011322842,0.045270104,0.06277804
Daniel Rioli,Richmond,18,0.0,0.18110412,0.0061856923,0.0063746604,0.057012353,0.047955446
Luke Dunstan,St Kilda,18,0.0,0.17725018,0.0063442923,0.01754955,0.027953805,0.06869391
Mark Hutchings,West Coast,17,2.0,0.17516264,0.006696894,0.010232596,0.040850252,0.06276435
Hayden Crozier,Fremantle,16,0.0,0.17366873,0.007937585,0.012026334,0.022614693,0.09236033
Will Langford,Hawthorn,13,0.0,0.1733494,0.008871332,0.016614912,0.024792252,0.07392015
Lee Spurr,Fremantle,22,0.0,0.17328659,0.0053613693,0.008429558,0.03847735,0.071043216
Mitch McGovern,Adelaide,21,0.0,0.17327167,0.0064605433,0.0077029904,0.022194277,0.10577414
Craig Bird,Essendon,18,0.0,0.17267881,0.006810431,0.014512997,0.021065062,0.087009706
Allen Christensen,Brisbane Lions,11,0.0,0.17248522,0.0114387,0.010497147,0.025665205,0.08966336
Toby McLean,Western Bulldogs,12,0.0,0.16896203,0.009203221,0.01453792,0.029447554,0.066453174
Shaun Hampson,Richmond,20,0.0,0.16716729,0.005233321,0.010947021,0.040606827,0.05311257
Brad Sheppard,West Coast,22,1.0,0.1637289,0.005805004,0.009069058,0.017880699,0.10076032
Callum Sinclair,Sydney,16,0.0,0.15867537,0.0067400564,0.008053375,0.03472772,0.06505981
Jarryd Blair,Collingwood,21,0.0,0.153893,0.005064399,0.010614168,0.02631228,0.06942593
Shaun Higgins,North Melbourne,8,1.0,0.14299262,0.011661543,0.014862247,0.019975785,0.05845431
Jordan Roughead,Western Bulldogs,21,0.0,0.14272797,0.00443183,0.013295029,0.023069493,0.056703903
Jonathan Giles,West Coast,3,0.0,0.14251266,0.030298235,0.011448735,0.028720487,0.050725486
Jake Neade,Port Adelaide,17,0.0,0.14243455,0.0065985415,0.0044913613,0.021276634,0.08640721
Zak Jones,Sydney,14,0.0,0.14222094,0.0067179194,0.010526481,0.027117115,0.05640728
Tom Lonergan,Geelong,20,0.0,0.13987073,0.0039884592,0.004924071,0.05025341,0.02459171
Brandon Matera,Gold Coast,17,0.0,0.13824454,0.005496047,0.011527501,0.021756738,0.060148552
David Mackay,Adelaide,17,0.0,0.13816397,0.00567938,0.010471898,0.020670706,0.06540686
Mitch Brown,Essendon,24,0.0,0.13594824,0.0036927878,0.0125312,0.02225894,0.053836763
Sam Fisher,St Kilda,12,0.0,0.13352567,0.007884963,0.007920056,0.023066001,0.0636335
Jordan de Goey,Collingwood,20,0.0,0.13352264,0.004130385,0.010305963,0.030303024,0.041998707
Trent Dumont,North Melbourne,11,0.0,0.13323747,0.008369049,0.0058125304,0.02955286,0.056694146
Matt Jones,Melbourne,10,0.0,0.13321623,0.008350423,0.00891425,0.0318835,0.042706475
Nick Graham,Carlton,12,0.0,0.13175377,0.0068369843,0.010301168,0.02910763,0.042635012
Mason Wood,North Melbourne,8,0.0,0.12784205,0.01182782,0.0055919336,0.022035627,0.066994995
Courtenay Dempsey,Essendon,14,0.0,0.12588707,0.006646078,0.0031692432,0.026503483,0.063372366
Lewis Taylor,Brisbane Lions,19,0.0,0.12289372,0.005388464,0.0017821431,0.016948624,0.083650045
James Frawley,Hawthorn,20,0.0,0.12162501,0.004344442,0.008062424,0.018611323,0.06021509
Sharrod Wellingham,West Coast,18,0.0,0.11802567,0.004499212,0.009021877,0.018996097,0.05296784
Brayden Maynard,Collingwood,20,0.0,0.11144398,0.003731429,0.007112799,0.02258981,0.044925973
Ryan Clarke,North Melbourne,6,0.0,0.111353025,0.01213928,0.010440653,0.01763603,0.044758998
Tom Nicholls,Gold Coast,15,0.0,0.10967672,0.0047415695,0.008410089,0.021732999,0.040980455
Tory Dickson,Western Bulldogs,18,0.0,0.10913386,0.003964412,0.008189437,0.021395572,0.041774414
Darcy Byrne-Jones,Port Adelaide,20,0.0,0.106487066,0.0036067367,0.007235855,0.019880617,0.045018263
Jarryn Geary,St Kilda,21,0.0,0.1040513,0.0034020166,0.0071370914,0.018334767,0.04597049
Nathan Wilson,Greater Western Sydney,19,0.0,0.09733915,0.003776305,0.0070664096,0.011456544,0.053226836
Kyle Langford,Essendon,17,0.0,0.0967162,0.0037463277,0.005248227,0.022532182,0.035907157
Sam Collins,Fremantle,12,0.0,0.09126411,0.0054692216,0.00607305,0.013487351,0.046070263
Dom Sheed,West Coast,5,0.0,0.08998864,0.011461748,0.0069046956,0.018870508,0.03153354
Scott Selwood,Geelong,3,0.0,0.08906138,0.018872367,0.01003656,0.0123711545,0.03420939
Kade Kolodjashnij,Gold Coast,19,0.0,0.08872747,0.0030828435,0.0066002803,0.01695288,0.035020865
Darcy Parish,Essendon,20,0.0,0.08654596,0.002870448,0.008192093,0.012752809,0.036464058
Paul Seedsman,Adelaide,15,0.0,0.08527327,0.0038192188,0.006562451,0.014860093,0.035865735
Lin Jong,Western Bulldogs,15,0.0,0.08489207,0.0038807148,0.0071735824,0.012334181,0.038702957
Sam Lloyd,Richmond,22,0.0,0.083788805,0.002579554,0.007188877,0.012660864,0.036900446
Shaun Atley,North Melbourne,22,0.0,0.08218466,0.0024206643,0.004675141,0.019579759,0.028999714
Darcy Moore,Collingwood,17,0.0,0.08182914,0.0033031243,0.0047807083,0.016114607,0.035257798
Angus Brayshaw,Melbourne,10,0.0,0.0813932,0.005401261,0.0068172896,0.013746009,0.03344931
Michael Close,Brisbane Lions,2,0.0,0.08062791,0.027397785,0.003065497,0.019701347,0.032028727
James Gwilt,Essendon,15,0.0,0.07957809,0.003747858,0.0043979078,0.0145644,0.037255563
Oscar McDonald,Melbourne,15,0.0,0.07830433,0.0037104108,0.0051944405,0.012259288,0.03820243
Tom Cutler,Brisbane Lions,15,0.0,0.07777138,0.0034425608,0.008100788,0.009931393,0.03360623
Kyle Cheney,Adelaide,22,0.0,0.07614409,0.0022332477,0.005127606,0.016757436,0.027246404
Taylor Duryea,Hawthorn,21,0.0,0.075884625,0.00252207,0.006019175,0.010882807,0.036061484
Josh Wagner,Melbourne,14,0.0,0.07327483,0.0037208516,0.0043299026,0.0125231,0.03523892
Adam Oxley,Collingwood,12,0.0,0.07294194,0.004510597,0.0040438212,0.010727137,0.039356202
Dylan Buckley,Carlton,11,0.0,0.07186424,0.004995943,0.002540794,0.011827275,0.04058731
Darcy Lang,Geelong,13,0.0,0.06849313,0.003828384,0.0038285975,0.0110669425,0.034873452
Rhys Palmer,Greater Western Sydney,11,0.0,0.06803625,0.004138022,0.0048672077,0.012783598,0.027867433
Josh Hill,West Coast,21,0.0,0.06601126,0.0021737718,0.004358307,0.011645441,0.029645458
Jack Steele,Greater Western Sydney,10,0.0,0.065940335,0.0047026705,0.0044093817,0.010094862,0.032522462
Connor Menadue,Richmond,14,0.0,0.062213443,0.0032219705,0.0034293015,0.010247252,0.031431034
Kyle Hartigan,Adelaide,21,0.0,0.059289504,0.001974115,0.004226027,0.009381037,0.027849348
Brad McKenzie,North Melbourne,14,0.0,0.05836992,0.0028078735,0.0031687089,0.012722274,0.023419246
Tom Ruggles,Geelong,17,0.0,0.05658656,0.0022760818,0.004905004,0.008083159,0.025705228
Oleg Markov,Richmond,8,0.0,0.055446368,0.0051352982,0.002755486,0.008853006,0.029473895
Neville Jetta,Melbourne,21,0.0,0.054336768,0.0017461764,0.004008339,0.009650383,0.023010982
Jack Hombsch,Port Adelaide,10,0.0,0.05312708,0.004102236,0.0020918981,0.007920929,0.031009529
Josh Walker,Brisbane Lions,16,0.0,0.05183233,0.0023818668,0.002427162,0.008868138,0.02681457
Nathan Hrovat,Western Bulldogs,4,0.0,0.050568104,0.00868912,0.0033561666,0.009099288,0.022301026
Matthew Leuenberger,Essendon,20,0.0,0.04840873,0.0016478051,0.0027045377,0.010043555,0.020208009
Tom Phillips,Collingwood,6,0.0,0.048369516,0.005488821,0.0027695799,0.009897431,0.020265914
Nick Suban,Fremantle,15,0.0,0.047005016,0.0020331808,0.0035941026,0.0093191,0.017584508
Tom Boyd,Western Bulldogs,11,0.0,0.046559267,0.0030073067,0.0023467029,0.008785485,0.021948183
Jed Lamb,Carlton,15,0.0,0.046341375,0.0022426897,0.0032006341,0.006299755,0.024139958
Sam Butler,West Coast,19,0.0,0.045668148,0.0016565294,0.0031527695,0.007888552,0.020432737
Daniel Howe,Hawthorn,10,0.0,0.045493558,0.0030083125,0.00436325,0.006683933,0.019035943
Jordan Murdoch,Geelong,10,0.0,0.044327166,0.0032039993,0.0028526036,0.0065819668,0.02260542
Ty Vickery,Richmond,17,0.0,0.043911196,0.0019274476,0.0026828235,0.005778941,0.024304846
Lincoln McCarthy,Geelong,17,0.0,0.043556377,0.0017896052,0.0033281082,0.006476872,0.020618308
Sam Frost,Melbourne,16,0.0,0.043536257,0.0017215429,0.004588521,0.0068145283,0.016141638
Cam Sutcliffe,Fremantle,19,0.0,0.042235598,0.001504488,0.0025655534,0.008519219,0.0175005
Nakia Cockatoo,Geelong,10,0.0,0.041573506,0.0026894745,0.0042736097,0.0061315424,0.016489591
George Hewett,Sydney,20,0.0,0.04100175,0.0014023883,0.0033765733,0.0062008346,0.018470358
Michael Firrito,North Melbourne,21,0.0,0.040957965,0.0012943817,0.0035715143,0.0066329213,0.016977582
Travis Varcoe,Collingwood,17,0.0,0.040766403,0.0016598437,0.003148775,0.006251511,0.018817058
Sam Wright,North Melbourne,8,0.0,0.040631212,0.0033840109,0.0032181842,0.0071227574,0.016731147
Jesse Lonergan,Gold Coast,15,0.0,0.04039496,0.001869243,0.003351148,0.005654021,0.019033477
Simon White,Carlton,17,0.0,0.03998727,0.0016942585,0.0025483149,0.0060882466,0.020165833
Tom Jonas,Port Adelaide,9,0.0,0.03917842,0.0033401926,0.0018463113,0.005424066,0.022791356
Eric Mackenzie,West Coast,13,0.0,0.038846992,0.002033596,0.0024250671,0.007560111,0.01645157
Mark Baguley,Essendon,10,0.0,0.03780018,0.002574643,0.002057792,0.007938171,0.015750464
Sam Naismith,Sydney,8,0.0,0.037190307,0.0033530944,0.0020045023,0.0063565467,0.018463705
Rhys Mathieson,Brisbane Lions,11,0.0,0.03656623,0.002586686,0.0014872744,0.0051381323,0.021828141
Luke McDonald,North Melbourne,14,0.0,0.03654734,0.001721853,0.0031636108,0.0061141774,0.014828153
Brendon Ah Chee,Port Adelaide,11,0.0,0.03653759,0.0023753878,0.0024982905,0.0054117423,0.018219233
Zac Clarke,Fremantle,13,0.0,0.036501653,0.0016080835,0.0053042322,0.004988103,0.010612749
Cameron Pedersen,Melbourne,9,0.0,0.03554151,0.0027377708,0.0022667004,0.0063681668,0.016005073
Sam Mayes,Brisbane Lions,21,0.0,0.03541537,0.001078989,0.0032031962,0.0063502123,0.01310536
Rupert Wills,Collingwood,5,0.0,0.034775026,0.0049922103,0.0022260365,0.0053619044,0.017373111
Clay Cameron,Gold Coast,8,0.0,0.03405928,0.0030402946,0.0020851109,0.0055667018,0.016670542
Taylor Hunt,Richmond,17,0.0,0.03318965,0.0013047812,0.0028966556,0.005215057,0.014069568
Nathan Krakouer,Port Adelaide,15,0.0,0.032638393,0.0015308415,0.0024990947,0.0046775797,0.01578595
Majak Daw,North Melbourne,8,0.0,0.032008775,0.0027527167,0.0020427543,0.00590153,0.014077449
David Astbury,Richmond,19,0.0,0.031775888,0.0011319123,0.0024381804,0.005393193,0.0136749605
Jake Kolodjashnij,Geelong,18,0.0,0.031537935,0.0011962533,0.0022944543,0.0054164687,0.013821637
Aaron Mullett,North Melbourne,14,0.0,0.031399596,0.0017086044,0.0015608809,0.0043573733,0.018002208
Tyson Goldsack,Collingwood,4,0.0,0.03138177,0.0053917826,0.0016009416,0.0066127563,0.013353432
Daniel Gorringe,Carlton,4,0.0,0.030834118,0.0046349587,0.0039887526,0.004316777,0.010234306
Jarrod Garlett,Gold Coast,8,0.0,0.030456722,0.0027375803,0.0016036928,0.005348693,0.014948256
Nick Smith,Sydney,21,0.0,0.02999256,0.0009573827,0.0023545662,0.00517839,0.012572081
Daniel Merrett,Brisbane Lions,19,0.0,0.029609472,0.0011270881,0.0011360476,0.005922704,0.014355922
Aaron Sandilands,Fremantle,5,0.0,0.029496389,0.0036735195,0.0025529354,0.00602292,0.009791741
Karl Amon,Port Adelaide,15,0.0,0.029239794,0.0013451795,0.002173926,0.00471425,0.013289517
Harry Cunningham,Sydney,18,0.0,0.029000998,0.0011138263,0.0022431153,0.004465893,0.013339866
Darcy Tucker,Fremantle,12,0.0,0.028305812,0.0016360418,0.0022716606,0.004129988,0.013230853
Dylan Grimes,Richmond,16,0.0,0.026904825,0.0011549314,0.0016857205,0.0050544795,0.011738703
Callum Ah Chee,Gold Coast,16,0.0,0.026767151,0.0010897282,0.0022207987,0.004889902,0.01032495
Jay Schulz,Port Adelaide,7,0.0,0.026745629,0.002566303,0.0017657017,0.0052501066,0.010948312
Darren Minchington,St Kilda,13,0.0,0.026594535,0.001474031,0.0013975818,0.004636967,0.013127854
Jayden Short,Richmond,16,0.0,0.026560348,0.0011005771,0.0024445653,0.0040619853,0.011102681
Jonathon Marsh,Collingwood,10,0.0,0.026482284,0.0017520832,0.002642946,0.0036755602,0.011202325
Aliir Aliir,Sydney,10,0.0,0.026140338,0.0018003366,0.002169818,0.0037973349,0.012036214
Lewis Jetta,West Coast,12,0.0,0.02591876,0.0014036233,0.002415116,0.0042450475,0.010183316
Adam Kennedy,Greater Western Sydney,15,0.0,0.025325535,0.0011182162,0.0024541854,0.0036439206,0.010675137
Nathan Brown,Collingwood,16,0.0,0.024643837,0.0011652642,0.0013321148,0.0033353795,0.013976732
Xavier Richards,Sydney,6,0.0,0.02451972,0.0029252737,0.0011826938,0.0046026893,0.011766259
Sam Rowe,Carlton,22,0.0,0.024446143,0.00079696067,0.001930319,0.0030523697,0.012550446
Matt Shaw,Gold Coast,13,0.0,0.0240892,0.0012961178,0.0017749899,0.0036896886,0.011384853
Kamdyn McIntosh,Richmond,6,0.0,0.023918085,0.0028823426,0.0010013012,0.004621429,0.011671325
Ryan Davis,Gold Coast,19,0.0,0.023729645,0.00085999933,0.0017894658,0.0038107245,0.010739798
Rohan Bewick,Brisbane Lions,14,0.0,0.023127027,0.0011108812,0.0014037448,0.0047672014,0.00938139
Jackson Ramsay,Collingwood,2,0.0,0.022911714,0.008512809,0.0011424795,0.0036011378,0.012282001
Conor McKenna,Essendon,12,0.0,0.022743534,0.0012589528,0.0023368294,0.0029624416,0.009808162
Liam Duggan,West Coast,14,0.0,0.022659699,0.0010841596,0.0019736574,0.0035341494,0.009670427
Cameron OShea,Port Adelaide,13,0.0,0.02181718,0.0010265152,0.0026458616,0.00318076,0.0075180754
Reilly OBrien,Adelaide,2,0.0,0.021385435,0.0060438267,0.0029177603,0.0034622618,0.005707632
Ciaran Byrne,Carlton,11,0.0,0.021381358,0.0012988007,0.0023261462,0.0024422582,0.009518403
Andrew Moore,Richmond,5,0.0,0.02138038,0.002792353,0.0021810762,0.0030564622,0.008724228
Cam Ellis-Yolmen,Adelaide,2,0.0,0.020565195,0.006014629,0.002591614,0.0033527084,0.006084935
Will Schofield,West Coast,21,0.0,0.020297676,0.0006657437,0.0014728787,0.0033713023,0.0091364365
Brendan Whitecross,Hawthorn,7,0.0,0.020204643,0.001984486,0.0014996018,0.003314037,0.009077763
Kaiden Brand,Hawthorn,11,0.0,0.020173326,0.0012148015,0.0019978203,0.0028148694,0.008550127
Wayne Milera,Adelaide,8,0.0,0.020113934,0.0017437058,0.0014310534,0.0033021802,0.009216414
Jack Frost,Collingwood,10,0.0,0.019914802,0.0014855919,0.00067278935,0.0037133035,0.010469827
Ben Jacobs,North Melbourne,7,0.0,0.019644165,0.0018743547,0.0011270879,0.0042695077,0.007723888
Josh Cowan,Geelong,7,0.0,0.01948485,0.0018948757,0.001592604,0.0030355111,0.008636015
Adam Tomlinson,Greater Western Sydney,12,0.0,0.019194422,0.0011908218,0.0010285092,0.0028475428,0.010413811
Sam Reid,Greater Western Sydney,6,0.0,0.01877226,0.0020164205,0.0012346334,0.004204469,0.006659421
Jason Castagna,Richmond,5,0.0,0.01862459,0.0025701937,0.0011710443,0.0034315328,0.008248392
Rory Thompson,Gold Coast,14,0.0,0.018620655,0.00088095997,0.001256927,0.0037733626,0.0073031494
Fletcher Roberts,Western Bulldogs,16,0.0,0.018359285,0.00089401077,0.00086469046,0.0023257316,0.01111375
Joel Patfull,Greater Western Sydney,20,0.0,0.01822791,0.00061456335,0.0015643742,0.0028078936,0.007919
Andrew Walker,Carlton,11,0.0,0.017926166,0.0011570151,0.0013131885,0.0025726238,0.0088413535
Matthew Lobbe,Port Adelaide,8,0.0,0.017530024,0.001475584,0.0011668992,0.003391555,0.007246217
Jeremy Laidler,Sydney,13,0.0,0.017499814,0.00095230184,0.0011962334,0.0027274236,0.008456267
Marley Williams,Collingwood,11,0.0,0.017483149,0.0010974926,0.0013566038,0.0026975211,0.008018294
Liam Jones,Carlton,8,0.0,0.017181197,0.0014714244,0.0013675409,0.0026747198,0.007729134
Michael Hartley,Essendon,19,0.0,0.017120676,0.0006754685,0.00083725015,0.0026122746,0.009384376
Jack Sinclair,St Kilda,9,0.0,0.016993238,0.0013137433,0.0013517032,0.0024661417,0.008005845
Martin Gleeson,Essendon,20,0.0,0.016866535,0.00058572995,0.0007609997,0.003629936,0.0073236637
Reece Conca,Richmond,6,0.0,0.016712852,0.001959503,0.0011501804,0.0026554742,0.007951362
Christian Salem,Melbourne,8,0.0,0.016485965,0.0013317913,0.0015301866,0.0027712616,0.006352882
Andrew Phillips,Carlton,16,0.0,0.015946975,0.00064782193,0.0008991177,0.0037835888,0.005682445
Tim OBrien,Hawthorn,14,0.0,0.015822174,0.0007162359,0.0012222191,0.0033504344,0.0054546488
Matt Buntine,Greater Western Sydney,12,0.0,0.015813343,0.0009023578,0.0012855238,0.0024140007,0.0071287695
Jonathan ORourke,Hawthorn,7,0.0,0.015700987,0.0014186123,0.0014559989,0.0028587026,0.005615585
Eric Hipwood,Brisbane Lions,10,0.0,0.015616689,0.0012756133,0.0004339705,0.0019926142,0.010329549
Jimmy Webster,St Kilda,11,0.0,0.015534941,0.0009465712,0.0012949005,0.002532857,0.0065845256
Tom Langdon,Collingwood,5,0.0,0.015246009,0.0022095125,0.0005479434,0.0031025591,0.0073970603
Daniel McKenzie,St Kilda,9,0.0,0.015129887,0.0012085579,0.0006594182,0.0029340293,0.007283573
James Rose,Sydney,5,0.0,0.015032983,0.0017711918,0.0018706096,0.0024358048,0.0045495443
Josh Green,Brisbane Lions,11,0.0,0.014906556,0.00096668635,0.0011065548,0.0020598972,0.007467098
Ben Crocker,Collingwood,10,0.0,0.014656216,0.0011612428,0.00057330297,0.0018971824,0.0091419425
Paddy McCartin,St Kilda,11,0.0,0.014547905,0.0008810921,0.0013159739,0.002223943,0.006152096
Jack Lonie,St Kilda,10,0.0,0.0145400325,0.0010636646,0.0008392602,0.0022248665,0.0075725187
Mitch Honeychurch,Western Bulldogs,2,0.0,0.014369261,0.004666328,0.0014149665,0.0022066724,0.005711017
Steven Morris,Richmond,8,0.0,0.0141547425,0.0012361627,0.0011693261,0.0019267885,0.006793187
Ed Langdon,Fremantle,13,0.0,0.013925123,0.0008718438,0.00061376515,0.0013636237,0.00935658
Harris Andrews,Brisbane Lions,17,0.0,0.013743001,0.00062500173,0.00052529573,0.00206738,0.0080323545
Jarrad Jansen,Brisbane Lions,7,0.0,0.013617639,0.0015632593,0.0002745428,0.002125739,0.008542533
Lachie Plowman,Carlton,19,0.0,0.013226434,0.0004984449,0.00076441845,0.0022271448,0.006478889
Zac Dawson,Fremantle,18,0.0,0.013127735,0.0005568528,0.0005661981,0.0019719887,0.0074851634
Adam Saad,Gold Coast,10,0.0,0.012930464,0.0009369906,0.0007456986,0.0020691608,0.006555047
Ryan Lester,Brisbane Lions,19,0.0,0.012657059,0.00050499756,0.00049349124,0.0020751231,0.00702634
Cory Gregson,Geelong,9,0.0,0.01223958,0.0010261541,0.0006608185,0.0016825551,0.0068920143
Jonathan Simpkin,Essendon,4,0.0,0.012181768,0.002271823,0.0006906054,0.0017132666,0.006683419
Dan Robinson,Sydney,7,0.0,0.012041537,0.0010580645,0.0012137304,0.0022076254,0.0039850953
Lynden Dunn,Melbourne,4,0.0,0.011237572,0.0017263134,0.0013576872,0.001616945,0.003930622
Paul Stewart,Port Adelaide,14,0.0,0.0111674275,0.00053059944,0.0009267685,0.0018854985,0.004616125
Josh Schache,Brisbane Lions,17,0.0,0.011026597,0.00044942173,0.00065138197,0.0020836631,0.0049051247
Jacob Townsend,Richmond,4,0.0,0.010868363,0.0018494268,0.00090320536,0.001664245,0.004830257
Mitch Hallahan,Gold Coast,5,0.0,0.010850254,0.0016224794,0.0005877537,0.0015623502,0.0059622927
Dayne Beams,Brisbane Lions,2,0.0,0.010220941,0.0043688323,0.00036686545,0.00074954634,0.007621252
Shaun McKernan,Essendon,6,0.0,0.0101865055,0.0012074318,0.00073002686,0.0014818618,0.005032702
Kieran Lovell,Hawthorn,2,0.0,0.01004654,0.002855493,0.0018991155,0.00053732295,0.0032745472
Michael Johnson,Fremantle,4,0.0,0.009898264,0.0017087308,0.0005562437,0.001950853,0.004327826
Trent McKenzie,Gold Coast,7,0.0,0.009430617,0.0009205497,0.0006658551,0.0016550589,0.0041229343
Toby Nankervis,Sydney,6,0.0,0.009216892,0.00107049,0.0005560136,0.0016819246,0.0041850014
Darcy Gardiner,Brisbane Lions,18,0.0,0.009063731,0.00036462766,0.00047994312,0.0015405472,0.004542807
Jarrad Grant,Gold Coast,13,0.0,0.008839685,0.00044870802,0.0006165279,0.0017734236,0.0034432528
Adam Marcon,Richmond,2,0.0,0.008807413,0.0029817238,0.00071768335,0.0014085985,0.0038371657
Lukas Webb,Western Bulldogs,5,0.0,0.008607268,0.0012158906,0.0006201406,0.0012875337,0.004171779
Logan Austin,Port Adelaide,11,0.0,0.008560787,0.0005797549,0.00033058558,0.001522312,0.004524406
Clancee Pearce,Fremantle,4,0.0,0.008532265,0.0015495471,0.00020254144,0.0019289939,0.004066653
Matt de Boer,Fremantle,4,0.0,0.008511627,0.0013749606,0.0007104692,0.0015908456,0.0031985282
Patrick Ambrose,Essendon,18,0.0,0.00844917,0.00036205596,0.00037213648,0.0011878901,0.0049569802
Jed Bews,Geelong,7,0.0,0.008069297,0.0008317245,0.0004488751,0.001349475,0.0040237214
Jackson Nelson,West Coast,8,0.0,0.008019863,0.0006642934,0.0006284964,0.0014485228,0.0032373283
Heritier Lumumba,Melbourne,5,0.0,0.007859591,0.0010091156,0.00064704154,0.0015199307,0.0028786056
Ryan Crowley,Essendon,8,0.0,0.0077070678,0.0007374466,0.00033042536,0.0011466439,0.0044225035
Keegan Brooksby,Gold Coast,8,0.0,0.0076983543,0.00068650115,0.00042158028,0.0013631842,0.0037072455
Nathan van Berlo,Adelaide,3,0.0,0.007662873,0.0018527271,0.0005806016,0.0009434878,0.004034092
Tom Clurey,Port Adelaide,9,0.0,0.0075489236,0.0006277984,0.00037052744,0.0011576833,0.0041219746
Kade Stewart,Hawthorn,3,0.0,0.0074829683,0.0016374072,0.000721243,0.0011282609,0.0030627178
Joel Hamling,Western Bulldogs,8,0.0,0.0074549904,0.00063595263,0.0004431394,0.0014810908,0.0031633908
Mitch White,Melbourne,2,0.0,0.007380257,0.0026882854,0.00046340746,0.0010768706,0.003836293
Jake Batchelor,Richmond,8,0.0,0.007073499,0.0005798079,0.0007325685,0.0009698983,0.0029359965
Ben Newton,Melbourne,2,0.0,0.0070601627,0.0020885975,0.0007798615,0.0013232447,0.0020740887
Liam Sumner,Carlton,16,0.0,0.0070319343,0.00031126497,0.00047611154,0.0010994716,0.0034046564
Sean Lemmens,Gold Coast,13,0.0,0.006980981,0.00036557266,0.0004430035,0.0013425297,0.002966911
Corey Ellis,Richmond,11,0.0,0.006904635,0.000436375,0.0005112124,0.0010820852,0.0032068272
Blaine Boekhorst,Carlton,7,0.0,0.006645596,0.00072942284,0.00023396243,0.0010717113,0.0038002862
Jack Silvagni,Carlton,8,0.0,0.0064190626,0.00058996386,0.00028652058,0.0011263107,0.0033068794
Ryan Harwood,Brisbane Lions,13,0.0,0.006308957,0.0003698955,0.0002965903,0.00090713485,0.0036049164
Troy Chaplin,Richmond,8,0.0,0.006290993,0.0005564243,0.0003912,0.0010571987,0.0030029959
Liam Dawson,Brisbane Lions,7,0.0,0.0060922485,0.00062354875,0.0004504622,0.00082648295,0.003087896
Mark Jamar,Essendon,5,0.0,0.006046012,0.0008326483,0.00023175676,0.0014192564,0.0025122287
Riley Bonner,Port Adelaide,1,0.0,0.0060047535,0.004047211,0.00044451226,0.0010685181,0.0025341802
Harry Himmelberg,Greater Western Sydney,4,0.0,0.0058452142,0.0010648874,0.00045161232,0.00068243995,0.0031254974
Jed Adcock,Western Bulldogs,7,0.0,0.0057723206,0.0005848525,0.00038941318,0.00089952693,0.0028050272
Jamie Bennell,West Coast,2,0.0,0.005725393,0.001935601,0.00048102115,0.0008921486,0.002498032
Chris Dawes,Melbourne,6,0.0,0.005682179,0.00063428126,0.0004214273,0.0010336366,0.0023506235
Robin Nahas,North Melbourne,8,0.0,0.0052173394,0.00046067862,0.0003528694,0.00082617137,0.0025063884
Nathan Wright,St Kilda,10,0.0,0.0050767874,0.00037292932,0.0003215483,0.00070439803,0.0027033468
Alex Pearce,Fremantle,8,0.0,0.0049584615,0.00046928113,0.00013976902,0.0009246744,0.0026898056
Tom Lee,St Kilda,4,0.0,0.0049574743,0.00083252974,0.00022422792,0.0011788991,0.0019269922
Alex Neal-Bullen,Melbourne,4,0.0,0.0049331603,0.00084329216,0.00045431175,0.00065136794,0.002267489
Claye Beams,Brisbane Lions,9,0.0,0.004931377,0.00036155523,0.00046816748,0.0007410447,0.0020447848
Alan Toovey,Collingwood,8,0.0,0.0048223357,0.00044597025,0.00020544586,0.00084368186,0.0025186343
Aaron Francis,Essendon,3,0.0,0.0047519146,0.0012444813,8.416786e-05,0.00085013517,0.002799141
Matthew Kennedy,Greater Western Sydney,3,0.0,0.00470489,0.001254472,0.00015201511,0.0006374441,0.0029739565
Ethan Hughes,Fremantle,5,0.0,0.0046415078,0.00071620115,0.00014930406,0.0007618941,0.0026698075
Colin Garland,Melbourne,6,0.0,0.004430172,0.00051441236,0.00019033396,0.00096303,0.0019331101
Jayden Laverde,Essendon,9,0.0,0.00442293,0.00036731423,0.00020769116,0.0007017196,0.0023964173
James Polkinghorne,Essendon,7,0.0,0.004396013,0.00043338252,0.0002622984,0.00083773903,0.0019336401
Angus Dewar,Hawthorn,6,0.0,0.0043456014,0.00049436727,0.00029598858,0.0007874209,0.0018827941
Bailey Dale,Western Bulldogs,4,0.0,0.004271923,0.0007539879,0.00030199872,0.0006519743,0.0020619784
Taylor Garner,North Melbourne,3,0.0,0.0040444676,0.0008694404,0.0002788429,0.0008784608,0.0014510175
Farren Ray,North Melbourne,4,0.0,0.003964327,0.0006514723,0.00030573548,0.0007469667,0.0015531869
Will Hoskin-Elliott,Greater Western Sydney,2,0.0,0.003930907,0.0011515815,0.0005932107,0.00044132286,0.0012686296
Josh Schoenfeld,Gold Coast,4,0.0,0.003897708,0.0006145583,0.0002625075,0.00091446,0.0012812655
Jesse Joyce,Gold Coast,11,0.0,0.0037307183,0.00023372714,0.00027551444,0.0006086907,0.0016867934
Ben Keays,Brisbane Lions,16,0.0,0.0036985637,0.0001812543,0.00014253624,0.0005134222,0.0022441105
Jack Trengove,Melbourne,3,0.0,0.003693031,0.000932785,0.00018575694,0.00052316184,0.0020894362
Daniel McStay,Brisbane Lions,12,0.0,0.0035825775,0.00023179314,0.00012106056,0.0005589387,0.0021015182
Shane Yarran,Fremantle,6,0.0,0.0035176352,0.00046645102,0.00013154493,0.0004558391,0.002211322
Bailey Williams,Western Bulldogs,6,0.0,0.003363052,0.00040539596,0.00020251435,0.00052564754,0.0017042137
Lachlan Hansen,North Melbourne,4,0.0,0.0032626383,0.0006149136,9.932024e-05,0.00060434354,0.0017559906
Dougal Howard,Port Adelaide,6,0.0,0.0032446578,0.00034396918,0.00025300847,0.0006748255,0.0011359812
Jed Anderson,North Melbourne,9,0.0,0.003196566,0.00025157604,0.0002222234,0.00048793454,0.0015540266
Tendai Mzungu,Fremantle,5,0.0,0.0031495364,0.0004737392,0.00013512059,0.0005105994,0.001722976
Harrison Marsh,Sydney,4,0.0,0.0029113465,0.00053096935,0.0001836992,0.00042007078,0.0015201075
Brady Grey,Fremantle,2,0.0,0.0028554555,0.0011103626,0.00011070149,0.00041332736,0.0016966964
Nick Robertson,Brisbane Lions,6,0.0,0.0028310453,0.00036184257,7.065202e-05,0.00051868573,0.0015817175
Zaine Cordy,Western Bulldogs,5,0.0,0.002810437,0.00037144547,0.00022747059,0.0004982685,0.0011314881
Seb Tape,Gold Coast,3,0.0,0.0026163952,0.00059147156,0.00016764546,0.00050668966,0.0011000796
Daniel Currie,Gold Coast,4,0.0,0.002531797,0.00043964395,0.00018015665,0.00041290792,0.0011655112
Archie Smith,Brisbane Lions,3,0.0,0.002520802,0.000583031,0.00013513034,0.00050144846,0.0011125141
Charlie Curnow,Carlton,6,0.0,0.002506154,0.00030130733,0.00015456122,0.00038918748,0.0012640952
Ryan Burton,Hawthorn,3,0.0,0.0025026002,0.0005671794,0.0001786576,0.00044374686,0.0010791337
Viv Michie,Melbourne,4,0.0,0.0023306706,0.00043307053,0.00014396098,0.0003104666,0.0012778544
Sam Weideman,Melbourne,3,0.0,0.0022665935,0.00048051297,0.00018094186,0.00046317105,0.00079742604
Alex Silvagni,Fremantle,5,0.0,0.0020408034,0.00031109582,9.838249e-05,0.00028855936,0.0011685372
Marc Pittonet,Hawthorn,3,0.0,0.0020161076,0.00047061837,0.00010734996,0.00038955282,0.0009149522
Nathan Drummond,Richmond,4,0.0,0.0020100214,0.0003464023,0.000108609,0.0004071942,0.00086980587
Matthew Hammelmann,Brisbane Lions,9,0.0,0.0020083475,0.0001753111,7.478006e-05,0.0002809876,0.0012220322
Will Hams,Essendon,8,0.0,0.0019810384,0.00018607889,0.00011179231,0.0002688226,0.0011080162
Ryan Schoenmakers,Hawthorn,4,0.0,0.0019744688,0.0003272781,0.0001406247,0.00038410694,0.00078438077
Jason Holmes,St Kilda,2,0.0,0.0019404083,0.0006159778,8.173742e-05,0.00054497784,0.0006052403
Nathan Broad,Richmond,2,0.0,0.0018492484,0.0006938233,9.996445e-05,0.00026167277,0.0010260096
Kayne Turner,North Melbourne,2,0.0,0.0017134137,0.00059574813,0.00010591479,0.00031008798,0.0007754935
Simon Tunbridge,West Coast,3,0.0,0.0016853265,0.00037520865,0.00013092802,0.00029784458,0.00069685327
Aidan Corr,Greater Western Sydney,3,0.0,0.0016789732,0.00041441945,8.485616e-05,0.00026600255,0.0008923996
Brandon White,St Kilda,1,0.0,0.001633703,0.0011725989,0.00016100366,0.00013909674,0.0008724985
Jack Fitzpatrick,Hawthorn,1,0.0,0.0016119259,0.0009975006,0.00021600029,0.00018242467,0.0005990757
Nick Kommer,Essendon,3,0.0,0.0015908382,0.00038405953,9.865283e-05,0.00024135388,0.0008121719
Caleb Marchbank,Greater Western Sydney,2,0.0,0.0014871644,0.00052752194,6.6728986e-05,0.00029866258,0.0006896524
Jesse Palmer,Port Adelaide,3,0.0,0.0014535598,0.00031866916,0.00010494007,0.0002876723,0.0005633951
Tanner Smith,Fremantle,2,0.0,0.0014165783,0.0005022335,0.000102743375,0.00020662454,0.0006950991
Jack Hannath,Fremantle,2,0.0,0.0014040989,0.0004593202,0.00011488835,0.00025568184,0.0005480702
Luke Delaney,St Kilda,4,0.0,0.0013164949,0.00022308664,7.1293456e-05,0.00028156137,0.00053949177
Sam Michael,Essendon,2,0.0,0.0012963698,0.0004771236,7.725875e-05,0.00018760512,0.00068938336
Liam McBean,Richmond,3,0.0,0.0012823693,0.00025878605,7.794499e-05,0.00035012106,0.00034829215
Jake Long,Essendon,3,0.0,0.0011850048,0.0003005376,6.190837e-05,0.00015957534,0.00068012904
Todd Elton,Richmond,2,0.0,0.0011715253,0.00040157785,6.12687e-05,0.0002458324,0.00049605453
Michael Apeness,Fremantle,5,0.0,0.0011552395,0.00016302735,6.9780275e-05,0.0002005423,0.00054481416
David Cuningham,Carlton,3,0.0,0.0011344039,0.00026928858,6.114607e-05,0.00020424598,0.0005424737
Will Snelling,Port Adelaide,1,0.0,0.001044166,0.00066725566,8.42949e-05,0.00020832053,0.00037464022
Reuben William,Brisbane Lions,3,0.0,0.0009951884,0.00025378852,4.8043312e-05,0.00013773618,0.0005755861
Ivan Maric,Richmond,3,0.0,0.00089382334,0.00023305193,2.3914554e-05,0.00014683839,0.00052840286
Brodie Murdoch,St Kilda,2,0.0,0.00087460707,0.00029761082,7.103471e-05,0.00013731599,0.000386871
Will Minson,Western Bulldogs,2,0.0,0.00085775874,0.00027918167,7.326669e-05,0.000152862,0.00033223466
Michael Jamison,Carlton,5,0.0,0.0008487782,0.00011878915,4.966197e-05,0.00015550849,0.00038877528
Henry Schade,Gold Coast,5,0.0,0.00084737485,0.00013483231,2.8335064e-05,0.00011654313,0.00052928337
Brent Macaffer,Collingwood,4,0.0,0.000842971,0.0001600701,4.985446e-05,0.00010298165,0.00048744434
Michael Talia,Sydney,1,0.0,0.0008300452,0.0005928245,4.907743e-05,0.0001390659,0.00040468114
Xavier Ellis,West Coast,2,0.0,0.0008284104,0.0002923707,5.8361136e-05,0.00012694669,0.00039943357
Ben Lennon,Richmond,3,0.0,0.0008100097,0.00019976804,3.378989e-05,0.00014312583,0.00042238843
Trent West,Brisbane Lions,4,0.0,0.00074559054,0.00014172198,2.6005333e-05,0.00012669203,0.00041419052
Tim Mohr,Greater Western Sydney,2,0.0,0.00073227973,0.00026403324,4.95016e-05,0.00010521008,0.0003733548
Jackson Paine,Brisbane Lions,4,0.0,0.0007069226,0.00013586013,2.2222259e-05,0.00011903753,0.00040218074
Tom Cole,West Coast,2,0.0,0.0006913848,0.00023125784,5.7326295e-05,0.00011421649,0.00029097288
Marco Paparone,Brisbane Lions,4,0.0,0.000668442,0.00012804467,3.1447915e-05,9.3367475e-05,0.0003873633
Shaun Edwards,Essendon,3,0.0,0.0006454535,0.00017201669,2.352479e-05,8.2353865e-05,0.0004101714
Fraser McInnes,West Coast,2,0.0,0.0006202973,0.00021242921,5.575858e-05,8.39217e-05,0.00028517813
Nathan Vardy,Geelong,1,0.0,0.0006201855,0.00041053438,4.386291e-05,0.00012192534,0.00024474613
Sam Grimley,Essendon,4,0.0,0.00059641583,0.000112431706,3.3217966e-05,8.025301e-05,0.00033625588
Alipate Carlile,Port Adelaide,2,0.0,0.0005956979,0.00022906516,2.533271e-05,8.690221e-05,0.0003458954
Jonathan Freeman,Brisbane Lions,4,0.0,0.0005479642,9.6089025e-05,2.3033055e-05,0.00011754197,0.00024378109
Roarke Smith,Western Bulldogs,1,0.0,0.0005444353,0.00034657327,4.92716e-05,9.931878e-05,0.00019798291
Darcy Macpherson,Gold Coast,4,0.0,0.00052676344,0.00010450251,2.424584e-05,6.0261722e-05,0.00033350248
Corey Wagner,North Melbourne,4,0.0,0.0005174238,0.00010196239,2.0381694e-05,6.8810856e-05,0.00031865702
Jordan Foote,Sydney,1,0.0,0.00047200685,0.0003446768,3.0740335e-05,6.584936e-05,0.0002480871
Jason Tutt,Carlton,1,0.0,0.00046544574,0.000385791,2.1148586e-05,3.7357553e-05,0.00032728486
Riley Knight,Adelaide,1,0.0,0.00045359824,0.00029688005,3.6260957e-05,8.419628e-05,0.00017642282
Tom Downie,Greater Western Sydney,1,0.0,0.00042883845,0.0002507406,1.8780986e-05,0.0001405359,9.142369e-05
Mackenzie Willis,Gold Coast,3,0.0,0.00041474297,0.000101664664,1.8132872e-05,7.34832e-05,0.00021337793
Eli Templeton,St Kilda,2,0.0,0.0003427295,0.00014135911,1.2161059e-05,3.5689176e-05,0.00023486797
Luke Russell,Gold Coast,3,0.0,0.000315244,8.4186584e-05,1.244976e-05,3.7784735e-05,0.00020232525
Kurt Heatherley,Hawthorn,1,0.0,0.00029162946,0.00022306721,8.659044e-06,5.124415e-05,0.00016316402
Lewis Pierce,St Kilda,1,0.0,0.00028931617,0.00018504645,2.6099518e-05,5.207068e-05,0.00010687625
Matthew Goodyear,Collingwood,2,0.0,0.00026168127,9.589512e-05,1.5285836e-05,3.9319362e-05,0.00013718504
Mason Redman,Essendon,3,0.0,0.00026160217,6.570311e-05,1.2153805e-05,4.0185212e-05,0.00014477031
Nathan Grima,Essendon,2,0.0,0.00025099237,9.288784e-05,1.0726499e-05,4.376366e-05,0.00013128553
Matt White,Port Adelaide,1,0.0,0.00024645618,0.00017768718,1.2854602e-05,4.30598e-05,0.00012177278
Tim Broomhead,Collingwood,2,0.0,0.00024158196,9.611062e-05,1.2570029e-05,2.4220666e-05,0.00015543055
Jason Ashby,Essendon,2,0.0,0.00023229406,8.5386695e-05,1.3059671e-05,3.540133e-05,0.0001223124
Jack Leslie,Gold Coast,1,0.0,0.00022841404,0.00018042054,9.077672e-06,2.983815e-05,0.00014150472
Blake Hardwick,Hawthorn,1,0.0,0.00022638286,0.00015851752,1.25156275e-05,4.283409e-05,0.00010316781
Matthew Spangher,Hawthorn,1,0.0,0.00021587065,0.00014494025,1.0546547e-05,4.98373e-05,8.45564e-05
Billy Evans,Brisbane Lions,2,0.0,0.00019118623,7.5376454e-05,8.651568e-06,2.3130186e-05,0.000118971155
Billie Smedts,Geelong,1,0.0,0.00018836284,0.00013502767,1.3400976e-05,2.6533226e-05,9.509347e-05
Jarrod Witts,Collingwood,2,0.0,0.00018323466,6.924325e-05,8.661333e-06,2.7425509e-05,0.00010239965
Kristian Jaksch,Carlton,1,0.0,0.00016826316,0.00013115603,7.5145435e-06,2.2078026e-05,0.00010156348
Mitch Clark,Geelong,1,0.0,0.00015058591,0.00011276939,5.057697e-06,2.7701117e-05,8.001058e-05
Corey Gault,Collingwood,2,0.0,0.00014894771,5.1481038e-05,9.78643e-06,2.6412772e-05,6.676287e-05
Mark Whiley,Carlton,1,0.0,0.0001460738,0.00011210523,5.740555e-06,2.2487466e-05,8.38772e-05
Callum Moore,Richmond,2,0.0,0.00013696126,4.9594237e-05,7.4348322e-06,2.2903116e-05,6.885053e-05
George Horlin-Smith,Geelong,1,0.0,0.00012975458,0.00010915368,4.720544e-06,1.1159816e-05,9.3273324e-05
James Stewart,Greater Western Sydney,1,0.0,0.00010505988,7.4535026e-05,5.2963587e-06,1.9932133e-05,4.9306538e-05
Josh Clayton,Brisbane Lions,2,0.0,8.657742e-05,3.5072666e-05,3.4329714e-06,9.566146e-06,5.7146215e-05
Jack Hiscox,Sydney,1,0.0,8.195544e-05,5.524118e-05,4.743544e-06,1.7227172e-05,3.3270466e-05
Malcolm Karpany,West Coast,1,0.0,6.48201e-05,5.034987e-05,3.4943432e-06,7.481541e-06,3.9373987e-05
Kieran Collins,Western Bulldogs,1,0.0,5.170282e-05,3.7957834e-05,3.000305e-06,7.744374e-06,2.7213155e-05
Dane Swan,Collingwood,1,0.0,4.2589967e-05,3.2693235e-05,1.6099306e-06,6.6768725e-06,2.4406432e-05
Hugh Goddard,St Kilda,1,0.0,2.4631678e-05,1.9426332e-05,1.222994e-06,2.7593576e-06,1.544398e-05
Mabior Chol,Richmond,1,0.0,2.2076969e-05,1.6616807e-05,1.2565528e-06,2.9470573e-06,1.2413197e-05
