playerId,player,team,games,ev_none,ev_proportional,ev_full
CD_I296154,Jasmine Garner,North Melbourne,8,14.582713577955637,16.810315869627033,17.26543875021039
CD_I1015068,Charlie Rowbottom,Gold Coast SUNS,8,13.483125481515781,14.944394413026554,15.003465386949312
CD_I1014810,Georgie Prespakis,Geelong Cats,8,12.825195277766236,13.753711223401515,13.47918721804777
CD_I1009861,Olivia Purcell,Melbourne,8,11.712050658837478,13.3109039007207,13.45912817659746
CD_I1010265,Ash Riddell,North Melbourne,8,10.929825969178987,12.684919374706954,12.96240887667986
CD_I1022823,Ella Roberts,West Coast Eagles,8,9.660792286158872,10.57183425648003,10.653059361325068
CD_I1015137,Isabelle Pritchard,Western Bulldogs,8,9.171319277213343,10.319595080211917,10.43780731903885
CD_I998030,Kiara Bowers,Fremantle,8,8.724953907648615,9.269210704073071,9.227915226329667
CD_I1009885,Madison Prespakis,Essendon,8,6.303373593129902,8.351051955484834,8.78055699086555
CD_I1033159,Erone Fitzpatrick,Carlton,8,7.459096798855414,8.346807658157772,8.968407391120664
CD_I1012241,Abbey Dowrick,Port Adelaide,8,7.636582787094259,8.339278026814892,8.391688312108592
CD_I1009853,Tyla Hanks,Melbourne,8,7.373184048994677,7.945263170667072,7.8989818438069195
CD_I1005279,Ebony Marinoff,Adelaide Crows,8,6.762019529170318,7.608214039244942,7.7543881116236015
CD_I1009863,Nina Morrison,Geelong Cats,8,6.627476665124016,7.110307064009916,7.112580369170016
CD_I1013027,Abbie McKay,Carlton,8,6.137695049523559,6.6824339711960965,6.505888337270894
CD_I1009799,Alyce Parker,GWS GIANTS,8,5.268325391196565,6.381247649163476,6.510760674923734
CD_I1026929,Lucy Wales,Hawthorn,8,6.606172625487045,6.372411564902421,6.098301862956725
CD_I1014372,Jess Fitzgerald,Western Bulldogs,8,5.686597974037633,5.897832508217602,5.660557019294773
CD_I1010104,Monique Conti,Richmond,3,5.591560644853259,5.811821472465031,5.788179132968007
CD_I1015047,Mimi Hill,Carlton,8,5.212289748648228,5.645267196099063,5.514332940106821
CD_I1010263,Chloe Molloy,Sydney Swans,8,4.8394065030304,5.357337733308829,5.9835919820478045
CD_I1015012,Ally Morphett,Sydney Swans,7,6.311962093137755,5.312994334914352,4.651699810194429
CD_I1014359,Laura Gardiner,Sydney Swans,8,3.8392554358711255,4.922646215874123,5.3745095511222996
CD_I1023943,Matilda Scholz,Port Adelaide,8,5.095286370827251,4.7770369540417725,4.475108320323788
CD_I1009882,Gabrielle Newton,Fremantle,8,4.712343347218605,4.753118971943916,4.511582176751579
CD_I1009906,Mikayla Bowen,Geelong Cats,8,4.489724564948505,4.7447644387556185,4.503137479147374
CD_I1022111,Eliza West,Hawthorn,8,4.21699088307983,4.641670555963736,4.520063367579806
CD_I1005453,Rebecca Beeson,GWS GIANTS,8,3.8254032247611414,4.411792573916236,4.6452709930337885
CD_I1015152,Montana Ham,Sydney Swans,8,4.292174037402298,4.078260936137311,3.916359548715139
CD_I1017347,Mim Strom,Fremantle,7,4.10728600875509,4.041385782715543,3.9187886351712002
CD_I1015088,Eliza McNamara,Melbourne,5,3.411504622381767,3.80308145179224,3.960394023434047
CD_I1017314,Daisy D'Arcy,Gold Coast SUNS,8,3.3479187346288746,3.7734702414875656,3.7771928111478514
CD_I1005264,Ashleigh Woodland,Port Adelaide,8,3.32701240047399,3.7424485143077852,3.9991654270162575
CD_I1029626,Aine McDonagh,Hawthorn,8,3.225918970892416,3.6469523401903534,4.537086252281047
CD_I1014034,Aisling McCarthy,Fremantle,6,2.7182441430167783,3.5534736549969717,3.92294893619746
CD_I1021853,Rylie Wilcox,Western Bulldogs,8,3.0609976736348736,3.5185223406411774,3.7960272282802068
CD_I1033166,Aishling Moloney,Geelong Cats,8,3.403051460139511,3.331403753500168,3.643827016924376
CD_I1009980,Kate Hore,Melbourne,7,3.434180771753849,3.2030452695237583,3.091172780274125
CD_I1033165,Niamh McLaughlin,Gold Coast SUNS,8,3.049884233085501,3.021728425868341,2.719943942504545
CD_I1031398,Isabel Bacon,Richmond,8,2.5756808189073106,2.949408746935377,3.0399095072019873
CD_I1018405,Jacqueline Parry,Geelong Cats,8,2.8138769882958834,2.9338578427647874,3.45665492753912
CD_I1017333,Isabella Lewis,West Coast Eagles,8,2.616145356412068,2.885074313842088,2.9368178156596465
CD_I1010662,Claudia Whitfort,Carlton,8,3.412946050685838,2.8773852751474247,2.5275708321225605
CD_I1005269,Anne Hatchard,Gold Coast SUNS,8,2.851448346407154,2.8623489600531324,2.8945238301447858
CD_I1011095,Madison Newman,Adelaide Crows,8,2.4387585865321144,2.846652117544075,3.119200925048591
CD_I1033158,Dayna Finn,Carlton,8,2.8259353907011238,2.836730759885977,2.734247935614405
CD_I1021456,Lucy Single,Gold Coast SUNS,6,2.680775884856998,2.8051387696807533,2.7428318755059857
CD_I1019834,Sofia Hurley,Sydney Swans,5,2.7764849957989832,2.696687061213223,2.5353183641252723
CD_I1009833,Isabel Dawes,Brisbane Lions,8,2.833931670343409,2.6851633460779167,2.3653244971101057
CD_I1025517,Heidi Woodley,Western Bulldogs,8,2.4414160471371744,2.664341220622623,2.8955466054408374
CD_I1018403,Eilish Sheerin,North Melbourne,7,2.9891724116114036,2.615679213221559,2.4128634713675856
CD_I1023842,Zippy Fish,Sydney Swans,8,2.518404713639082,2.5918671360142755,2.4324116771154425
CD_I1007144,Gabby O'Sullivan,Fremantle,8,2.275292765480179,2.5071988791667836,2.7587678669036637
CD_I1004415,Jaimee Lambert,St Kilda,8,1.8185320111918892,2.3192931240175176,2.5134378124063153
CD_I1003023,Tahlia Randall,North Melbourne,8,2.351433851053956,2.2445038538303814,2.5417834271985296
CD_I1022193,Sarah Goodwin,Adelaide Crows,8,2.4029824089129472,2.2389294147897782,2.0764287005831954
CD_I1024552,Havana Harris,Gold Coast SUNS,8,2.2969118994858535,2.2254412929152214,2.5939577055065484
CD_I1009831,Tarni White,Collingwood,8,1.7961834193188277,2.1283772882984024,2.2354276551860064
CD_I1025419,Ashley Centra,Collingwood,7,1.7492255224467963,2.122908484490554,2.366694680736095
CD_I1015091,Sarah Hartwig,Western Bulldogs,8,1.9043167025621097,2.098509055208484,2.5332390275041523
CD_I1025564,Mia Austin,Melbourne,7,1.7755127906938508,2.012692491762387,2.435376047851144
CD_I1021441,Charlotte Mullins,Brisbane Lions,7,1.8020204581153239,1.9008752486021083,1.9751802603041857
CD_I1009860,Rebecca Webster,Geelong Cats,8,1.9414907770272516,1.8611835355211515,1.7648854972747
CD_I1014835,Tyanna Smith,St Kilda,7,1.790422944289074,1.8421569574786087,1.9666071654870565
CD_I1010102,Nell Morris-Dalton,Carlton,8,1.5564354025469957,1.7921166077570436,2.1597144161733177
CD_I1011057,Teah Charlton,Adelaide Crows,8,1.7699305416561522,1.7798440801472935,1.8823459873313582
CD_I1009856,Grace Egan,Adelaide Crows,8,1.7463115200085328,1.7792726253951932,1.72446324731182
CD_I1022350,Cynthia Hamilton,Sydney Swans,8,1.5020130642328384,1.7492776665661642,2.221905774422703
CD_I1031390,Emma McDonald,Western Bulldogs,8,1.7344211695585523,1.737164475792928,1.881826642859094
CD_I1035371,Ryleigh Wotherspoon,Melbourne,8,1.6419963952423249,1.719927073250925,2.104765218272005
CD_I1017025,Gabby Seymour,Richmond,8,1.7628938805934973,1.7039484308824882,1.7893547767029738
CD_I1015029,Maeve Chaplin,Melbourne,6,1.8060438848004274,1.6829868077168655,1.5517033871646542
CD_I1030199,Alannah Welsh,Gold Coast SUNS,7,1.4219229366709414,1.657078177678554,1.974144476143579
CD_I1019057,Dakota Davidson,Brisbane Lions,7,1.5003192301226496,1.6339586540971023,1.9247000611880885
CD_I1019821,Jasmine Fleming,Hawthorn,7,1.8801478052997238,1.6177233200308374,1.3967656923432086
CD_I1015175,Tess Craven,North Melbourne,8,1.603439321046033,1.561818184253534,1.7000682588005784
CD_I1027783,Stephanie Wales,Essendon,8,1.8188246824185514,1.5489651488384741,1.4687853919725038
CD_I998039,Tayla Harris,Melbourne,8,1.8351247794153964,1.5298946172644199,1.5968242740277219
CD_I1019034,Orla O'Dwyer,Brisbane Lions,8,1.371817857550548,1.4315084469914179,1.516708603876689
CD_I1019053,Catherine Svarc,Brisbane Lions,8,1.3134596544120274,1.4138893376218267,1.5323347172126605
CD_I1014841,Ashleigh Richards,St Kilda,8,1.1152650109938615,1.4010634593376319,1.5095608807759646
CD_I1026479,Olivia Wolmarans,Richmond,8,1.4330894493215287,1.400478751206562,1.5169958943498758
CD_I1003018,Jenna Bruton,North Melbourne,7,1.3199780848295086,1.3869530563110355,1.4601224623030582
CD_I998040,Hayley Miller,Fremantle,8,1.310151915468204,1.3766293990122942,1.5022323046662465
CD_I1014375,Ellie McKenzie,Richmond,4,1.396876492142346,1.3559363989401465,1.2304378192265553
CD_I1022248,Lauren Young,Port Adelaide,7,1.2026375347886522,1.328395585264878,1.491459937966917
CD_I1025962,Charlotte Riggs,West Coast Eagles,8,1.914125838783233,1.3026883675051866,0.9891502297595909
CD_I1017292,Tarni Evans,GWS GIANTS,8,1.213106270608139,1.2609776290503316,1.557018499276997
CD_I1021923,Sierra Grieves,Richmond,8,1.3876704825539055,1.24581761997745,1.0890166123334863
CD_I1030188,Sunny Lappin,Gold Coast SUNS,8,1.0694293471342815,1.2005245495650148,1.4741812743207048
CD_I1021837,Laura Stone,Hawthorn,7,1.1327679451429673,1.1781624365993921,1.2719939639550375
CD_I1021411,Amy Franklin,West Coast Eagles,8,1.3081882708257495,1.1743196402310074,1.274639756193452
CD_I1029615,Erika O'Shea,North Melbourne,7,1.4813063701812061,1.1632731993228975,0.9991460184908169
CD_I1024535,Darcie Davies,Gold Coast SUNS,8,1.5215469762414044,1.1464428425421924,0.9460283253732782
CD_I1009847,Sophie Conway,Brisbane Lions,8,1.180334269303836,1.1180068198015503,1.1323726912411758
CD_I1012694,Alice Edmonds,Western Bulldogs,7,1.718778684968306,1.1095151869534734,0.8496260560713816
CD_I1009828,Jade Ellenger,Brisbane Lions,5,1.133778066989727,1.0915375925618875,0.9424528588459805
CD_I1025163,Jacqueline Dupuy,Hawthorn,8,1.3943642359544166,1.0708706621219057,0.9397060270719694
CD_I1007342,Chloe Scheer,Geelong Cats,8,1.1005826598131674,1.0235239752484824,1.2563289036070517
CD_I1014904,Megan Fitzsimon,Melbourne,8,1.235821678414792,0.9576775823709224,0.7804490014956678
CD_I1007138,Kate Shierlaw,North Melbourne,7,1.2428959502497663,0.9453017421089875,0.8965441759079006
CD_I1032967,Jordyn Allen,Melbourne,8,1.2607469271930236,0.9337595469583568,0.7559095543246742
CD_I1009868,Maddy Brancatisano,Gold Coast SUNS,7,1.0697463641447964,0.9215130630585824,0.8537524375015529
CD_I1005630,Alexandra Anderson,Brisbane Lions,4,0.7102250455493676,0.8960074412121055,0.9227170839875127
CD_I1029621,Megan Kauffman,Fremantle,8,1.0963010672497522,0.8787995674979269,0.890298372190347
CD_I1009838,Jesse Tawhiao-Wardlaw,St Kilda,8,0.7448231249845828,0.8670657858592163,1.1311044632105205
CD_I1007152,Harriet Cordner,Carlton,8,1.021535226370651,0.863175785344158,0.7457724320821177
CD_I1011080,Chelsea Biddell,Adelaide Crows,8,1.106343586646039,0.7980955932981472,0.6539826221027222
CD_I1021924,Lila Keck,Carlton,6,0.6766267259643137,0.7213631777906593,0.8544655530186935
CD_I1029617,Cambridge McCormick,GWS GIANTS,8,0.8665545543058384,0.717858696950051,0.5845715604241932
CD_I1025789,Tanya Kennedy,Sydney Swans,5,0.8764041781304287,0.7127166031260195,0.6531220462717091
CD_I296125,Ellie Blackburn,Western Bulldogs,4,0.7579239700051204,0.7036222531526997,0.6029548666226219
CD_I1010690,Bonnie Toogood,Essendon,8,0.7833973045190485,0.6819493124208469,0.6964544112207783
CD_I1012668,Caitlin Greiser,Richmond,7,0.834647364265791,0.6798306320075069,0.6933715989319366
CD_I997729,Brittany Bonnici,Collingwood,8,0.7391736093128116,0.6703961685606069,0.570785530860218
CD_I1018875,Grace Kelly,Adelaide Crows,6,0.6869820022729165,0.6546043453513607,0.7201280681742451
CD_I998155,Emily Bates,Hawthorn,5,0.6361111808463495,0.6378819645652686,0.5896787815164659
CD_I1007017,Tilly Lucas-Rodd,GWS GIANTS,8,0.6796651837585156,0.6368534023062308,0.5733584286719201
CD_I1022236,Jessica Good,Carlton,8,1.1252176743591273,0.6145509104066276,0.44419460713842707
CD_I1009865,Lucy McEvoy,Sydney Swans,8,0.807048253471533,0.6012467675434314,0.4847046041320963
CD_I1012259,Jaide Britton,West Coast Eagles,8,0.5982313512955464,0.5793325202019697,0.6701505303723322
CD_I1031784,Cleo Buttifant,Western Bulldogs,8,0.6928069338453302,0.5788298083332722,0.5769089838152253
CD_I1019711,Keeley Sherar,Carlton,6,0.7019481369798932,0.5729242377996631,0.5251453142560151
CD_I1012637,Mikala Cann,Western Bulldogs,8,0.698225273097667,0.5679375916840522,0.5091701684587624
CD_I1021417,Poppy Stockwell,Hawthorn,8,0.5743818962060622,0.5665135986002333,0.6761530111827078
CD_I1009976,Maddison Gay,Essendon,4,0.5923808852058671,0.5476746994139725,0.5209375217469867
CD_I1021419,Charlotte Thomas,West Coast Eagles,7,0.534995274925736,0.534880488360518,0.5286825885295828
CD_I1009764,Eden Zanker,Fremantle,8,0.6220036983941263,0.5227633666963868,0.5183063013676199
CD_I1029618,Vikki Wall,North Melbourne,8,0.7771789127644606,0.5202368068700473,0.4408952382703681
CD_I1010686,Elle Bennetts,Western Bulldogs,8,0.6519032763809774,0.5181808693556279,0.4366238468117054
CD_I1025525,Amy Gaylor,Essendon,8,0.7051561115102771,0.5101114279695046,0.4081863911068625
CD_I1026947,Chantal Mason,Geelong Cats,8,0.6676383447724286,0.5088596943290559,0.4137727300560153
CD_I1018874,Niamh Kelly,Adelaide Crows,8,0.6305733386807746,0.5053810209145984,0.41893461714001845
CD_I1030189,Ava Usher,Gold Coast SUNS,8,0.751227198281953,0.501660104507461,0.418899207238024
CD_I1012662,Airlie Runnalls,Collingwood,8,0.5167112248918211,0.48166326741723264,0.4378953408422752
CD_I1014781,Emelia Yassir,Richmond,7,0.6177074414794597,0.4502153441806851,0.42092738106022703
CD_I1016865,Poppy Kelly,Richmond,7,0.6511664434944165,0.44996936479172844,0.39400676518896677
CD_I1013032,Britney Gutknecht,Western Bulldogs,7,0.5610832934150946,0.44823459268705224,0.37860517371812163
CD_I1025995,Lily Goss,Carlton,8,0.5589922349723763,0.4420539244738109,0.45024985748672786
CD_I1022181,Shineah Goody,Port Adelaide,8,0.6009193225463155,0.43913992261756674,0.3963319860569005
CD_I1036302,Blaithin Bogue,North Melbourne,8,0.563260935728196,0.4279142436342914,0.4613509569690408
CD_I1013937,Angelique Stannett,Fremantle,8,0.5458380095688024,0.4279125234740008,0.37109594271135554
CD_I1019509,Katelyn Pope,Port Adelaide,7,0.44221376377880595,0.4106822342914773,0.4272701009430512
CD_I1014793,Tahlia Gillard,Melbourne,8,0.6674330743799808,0.4068595578665002,0.29520536659870544
CD_I1009798,Mattea Breed,Collingwood,6,0.5682884739965935,0.4028993310343416,0.3270766501622171
CD_I1027545,Kayla Dalgleish,West Coast Eagles,5,0.48445305713764153,0.40077649122652204,0.40898059034282924
CD_I1012560,Chantel Emonson,Geelong Cats,8,0.6237461085860059,0.39426567987191774,0.3112353734390914
CD_I1021410,Dana East,Richmond,8,0.4812574610483692,0.38905404112365627,0.32386352777020216
CD_I998032,Emma Swanson,West Coast Eagles,8,0.5041381496615029,0.3812739614223125,0.3208161148076799
CD_I1019713,Georgia Campbell,Melbourne,8,0.5754311461269875,0.3650550444621022,0.2814798786909773
CD_I998157,Katie Brennan,Richmond,7,0.46995100062333717,0.3628148573437201,0.3420293884523704
CD_I1015124,Ruby Tripodi,North Melbourne,8,0.5262794712356718,0.3598194320083653,0.29542920352758817
CD_I1014869,Jenna Richardson,Hawthorn,8,0.5786247609203281,0.359519371388067,0.2766654237906567
CD_I1029952,Jade McLay,St Kilda,5,0.3675815348268088,0.3590598001961235,0.46336726552026497
CD_I1021822,Mikayla Williamson,Hawthorn,8,0.46917659730793926,0.3578708107535121,0.33571133595088076
CD_I1022726,Teagan Germech,Port Adelaide,8,0.5258687880419822,0.3484379048106601,0.2715880948325669
CD_I1029938,Marlo Graham,Brisbane Lions,5,0.35177999574776997,0.33979283762435813,0.32062558570122596
CD_I1009844,Tahlia Hickie,Brisbane Lions,8,0.538851814138362,0.3277381957652923,0.24539296796827298
CD_I1023815,Abbygail Bushby,West Coast Eagles,7,0.4935841196639004,0.32225714682599577,0.2608602983846837
CD_I1010677,Kim Rennie,North Melbourne,8,0.643606631159431,0.3211607945384293,0.23204646175449126
CD_I1029623,Orlagh Lally,Fremantle,8,0.4067664877328485,0.31493348370512225,0.2744161458352345
CD_I1019811,Alice O'Loughlin,North Melbourne,8,0.45607061378620745,0.30938524414977914,0.28608085101565367
CD_I1012640,Julia Crockett-Grills,Geelong Cats,8,0.4333534809848167,0.30331563503163605,0.2889997887645887
CD_I1019059,Maria Moloney,Port Adelaide,8,0.41672614129101376,0.2995636843985941,0.2426098498165364
CD_I1042277,Matilda Banfield,Fremantle,8,0.4084160964543779,0.2938473785241608,0.24996098582291293
CD_I1007027,Ruby Schleicher,Collingwood,7,0.3401249370917268,0.29204715572064394,0.33394916938500735
CD_I1014599,Caitlin Gould,Adelaide Crows,8,0.43650081298156473,0.28989953137374025,0.2733665551988279
CD_I1013015,Tamara Smith,Hawthorn,8,0.41548716236853733,0.2738793857921022,0.20777100504711843
CD_I1024296,Rachel Kearns,Geelong Cats,8,0.4018683455947793,0.27139545474594484,0.2450892301761733
CD_I1014882,Laura McClelland,Richmond,8,0.3625823592851764,0.26753243158282064,0.20461632943490823
CD_I997709,Amy McDonald,Geelong Cats,4,0.34817149431804395,0.25933429313551015,0.2227935051702434
CD_I1023948,Poppy Scholz,Carlton,8,0.4102811626647312,0.2508871666634617,0.2191937398762973
CD_I1009867,Georgia Patrikios,St Kilda,8,0.2929049652052012,0.248323689788583,0.21730158086228044
CD_I1012987,Serene Watson,St Kilda,8,0.3033192397938292,0.24626476668893962,0.19329770054972478
CD_I1007157,Libby Birch,North Melbourne,7,0.35165691871658156,0.23863838222118547,0.1818900902623351
CD_I1003019,Sabrina Frederick,Collingwood,7,0.3683996693570212,0.2385931047779655,0.18279772274388223
CD_I1036083,Eilish O'Dowd,GWS GIANTS,8,0.34294364771340846,0.23793164107062498,0.17733060570469777
CD_I1015097,Bella Eddey,North Melbourne,7,0.3003214909690994,0.22703434500748298,0.2178894172598574
CD_I1025674,Emily Gough,Essendon,8,0.31030902502892055,0.22652727804525474,0.23135316400264602
CD_I1005661,Breanna Koenen,Brisbane Lions,8,0.3294202759156624,0.2252336917965791,0.16691010683891888
CD_I1021894,Madison Brazendale,GWS GIANTS,8,0.2992564668410542,0.22449383700897643,0.18777471614770486
CD_I1025609,Lucille Cronin,Collingwood,6,0.29646471480032266,0.22108369327054897,0.17187261444924068
CD_I1007141,Gemma Houghton,Port Adelaide,8,0.2910123554460968,0.21426736156339432,0.21085568325182763
CD_I1007313,Jess Allan,Adelaide Crows,8,0.3450367692645227,0.20669562635237418,0.1761117585522687
CD_I1012236,Sarah Verrier,Fremantle,8,0.3164752824141344,0.20333742509642552,0.1611924888096572
CD_I998149,Paxy Paxman,Melbourne,8,0.3291878771975143,0.20185819625067847,0.14258683371703465
CD_I1033157,Jennifer Dunne,Brisbane Lions,8,0.2840514356426837,0.20034619881039803,0.15959065744932535
CD_I1009822,Georgia Garnett,GWS GIANTS,8,0.29815725393295517,0.19921320628942665,0.1737947974560625
CD_I1026016,Montana Beruldsen,Richmond,8,0.34470721685952904,0.19811466636921937,0.14232189775515844
CD_I1021927,Bryde O'Rourke,Geelong Cats,7,0.3410363599773922,0.19751120958730664,0.15749055934558018
CD_I1012989,Taylor Smith,Sydney Swans,6,0.2692987059697583,0.19304771278597666,0.22042254010190393
CD_I1012242,Emma O'Driscoll,Fremantle,4,0.24598129870762434,0.19288352007712137,0.16149609804069964
CD_I998150,Emma Kearney,North Melbourne,6,0.3218740779459461,0.1863772550223468,0.14229873748839203
CD_I1021524,Libby Graham,Richmond,8,0.27487237945515824,0.1860869326757913,0.14837762907257984
CD_I1032590,Chloe Bown,Adelaide Crows,8,0.2596295781695351,0.18593870185334158,0.18206601664147287
CD_I1011069,Hannah Munyard,Adelaide Crows,8,0.23958590083578996,0.17632857331958038,0.16036145365088064
CD_I1014367,Alyssa Bannan,Melbourne,8,0.30819818538239124,0.17588527131039497,0.1270562205413474
CD_I1019887,Amelia Velardo,Carlton,7,0.27642086180177805,0.1743517535683307,0.1355656225264366
CD_I1014991,Keeley Skepper,West Coast Eagles,8,0.26021487508578833,0.17388106285435473,0.16843354547743228
CD_I1022745,Ella Heads,Port Adelaide,5,0.2404892309738082,0.1729513689684687,0.12609009743544417
CD_I1015181,Darcy Moloney,Sydney Swans,5,0.2156001891607629,0.1715064520759879,0.1437381021619435
CD_I1022775,Lucia Painter,West Coast Eagles,8,0.29810392965140187,0.1713470408490626,0.1262767094682555
CD_I1012713,Shelley Heath-Barker,Melbourne,7,0.3057986456132372,0.1713395202936624,0.13686249903805914
CD_I1022695,Jasmyn Smith,Western Bulldogs,8,0.26853675892342765,0.16563841097448956,0.1269601568205369
CD_I998041,Kellie Gibson,West Coast Eagles,8,0.2640779005215805,0.16168482243168977,0.12486309831959114
CD_I1014373,Ciara Fitzgerald,Carlton,8,0.27921274892223946,0.15873413371052988,0.1185041679972736
CD_I1022220,Molly Brooksby,Port Adelaide,8,0.2557361307022986,0.1557152744474229,0.11430254835001297
CD_I1042264,Amy Gavin Mangan,North Melbourne,8,0.28304313392439095,0.15391908802738832,0.10553640112494857
CD_I1019883,Laura Elliott,Hawthorn,8,0.2508093362390271,0.1530623736668794,0.11766345719787698
CD_I1018955,Kate Surman,Geelong Cats,5,0.2638565316800208,0.15182875781316163,0.11487243453051933
CD_I1022196,Piper Window,Port Adelaide,6,0.21645146069417298,0.15090443612933058,0.1347024330403142
CD_I1048494,Aoife Healy,Fremantle,8,0.24197467783198662,0.14916399140143277,0.12230487327955968
CD_I1025617,Maggie Mahony,Melbourne,6,0.1910266154936523,0.14425323909421767,0.13657765635290572
CD_I1009772,Mia King,North Melbourne,2,0.20115869169239983,0.1423026914738884,0.11024613932747632
CD_I1009824,Lily Postlethwaite,Brisbane Lions,5,0.23399462384160086,0.1417621822515786,0.10444802555790286
CD_I997649,Kaitlyn Ashmore,Hawthorn,8,0.21688146662973432,0.13582159233844887,0.10590962989231698
CD_I1019736,Yasmin Duursma,Carlton,8,0.2135372592921208,0.13508658027493614,0.11357447389276769
CD_I1007029,Belinda Smith,West Coast Eagles,8,0.2111919309485445,0.13451849551435457,0.10824235761879264
CD_I1003020,Brianna Davey,Collingwood,6,0.1709611867584155,0.13413010387560226,0.12433223388774549
CD_I1025893,Ella Boag,Port Adelaide,4,0.21608935787083403,0.1322497270711673,0.09481050024210053
CD_I1013026,Elisabeth Georgostathis,Western Bulldogs,6,0.2317761426364917,0.1308604317044993,0.09202755721374511
CD_I1048156,Emma Murray,Geelong Cats,8,0.2139841360581857,0.1304999560917248,0.10979102747059076
CD_I1009962,Poppy Boltz,GWS GIANTS,7,0.16915424002873147,0.12778046760845752,0.10159672011919674
CD_I1012994,Bella Smith,Fremantle,8,0.20769617625895692,0.12760269538249988,0.12173569651195157
CD_I1015025,Georgia Gall,Melbourne,8,0.22327371053649162,0.12676416663324158,0.11770654147508863
CD_I1031562,Emma Juneja,Sydney Swans,6,0.2039339791929599,0.12548385166281947,0.10366897443208237
CD_I1009843,Ellie Hampson,Port Adelaide,2,0.1565146209750141,0.12534222320789326,0.13584244287729097
CD_I1010097,Isabella Shannon,West Coast Eagles,7,0.20457352847823265,0.12158111526235914,0.0926104124628983
CD_I1030203,Dekota Baron,Gold Coast SUNS,5,0.1849876001656674,0.11983476510015428,0.11798470295125664
CD_I1026372,Molly O'Hehir,Melbourne,8,0.20653902938735763,0.11942912916337102,0.08188717181305798
CD_I1019705,Mia Busch,Essendon,8,0.2004464101572438,0.11887191359914898,0.08590772698812257
CD_I1021530,Shanae Davison,Brisbane Lions,8,0.17202319799484697,0.1182607683734642,0.11218292081015602
CD_I1007011,Sarah Lampard,Melbourne,8,0.2000157232454468,0.11682356072700725,0.08154867286388999
CD_I997745,Georgia Gee,Essendon,8,0.1962072670012515,0.11655855440672216,0.08146763692915607
CD_I1016938,Ruby Svarc,Brisbane Lions,6,0.15033203302231965,0.11629101042372395,0.11549221081469006
CD_I1014917,Lily-Rose Williamson,Brisbane Lions,7,0.17788739353711785,0.11556081683201072,0.08278886839203237
CD_I1021824,Hayley McLaughlin,Hawthorn,8,0.1950518787390029,0.1148957690721969,0.08207772022974574
CD_I997708,Lily Mithen,Gold Coast SUNS,7,0.20482901323324618,0.10973475981782033,0.08101051215138728
CD_I1026531,Charli Wicksteed,Richmond,8,0.1725457220868026,0.10900009509812175,0.08309821355352455
CD_I1024085,India Rasheed,Adelaide Crows,6,0.17109367328047312,0.10870295640891621,0.09296510380956594
CD_I1025677,Sophie McKay,Carlton,5,0.161357002935241,0.10591620392842795,0.09267888269523436
CD_I1010663,Ashleigh Brazill,Fremantle,7,0.18918810868990682,0.10576566139766973,0.06822894048184543
CD_I1013017,Molly McDonald,St Kilda,5,0.15589765991504162,0.09963970107120296,0.07362797217997505
CD_I1013522,Georgia Nanscawen,Essendon,8,0.18192516438488823,0.09890487348161259,0.07453443352558622
CD_I1012575,Casey Sherriff,Hawthorn,8,0.16898223413522437,0.09806647280302264,0.06714262311624873
CD_I1007130,Shannon Campbell,Brisbane Lions,8,0.16492306611819577,0.09667280800557568,0.07462416114012788
CD_I1022127,Claudia Gunjaca,Geelong Cats,8,0.1765293442305096,0.09364086574210338,0.06901853817809316
CD_I1030195,Mikayla Nurse,Gold Coast SUNS,6,0.15109646904526897,0.09043415043861486,0.06498185453834718
CD_I1025819,Laela Ebert,Melbourne,7,0.1495057710989449,0.08973238358890732,0.059872925554921436
CD_I1028846,Heidi Talbot,Gold Coast SUNS,8,0.1605568172550213,0.08973070730562108,0.05926657044614317
CD_I1006997,Stephanie Cain,Essendon,8,0.16480642456920339,0.0888700516267162,0.06291017128079932
CD_I1031354,Claire Mahony,North Melbourne,7,0.17534340627541933,0.08879969850931113,0.06343626418248285
CD_I1042794,Aoibhin Cleary,Richmond,7,0.1325452875297268,0.08626911283547122,0.06357567159272844
CD_I997700,Eliza Shannon,North Melbourne,8,0.15685081390506322,0.0856833497750386,0.06643949449206542
CD_I998029,Alicia Eva,GWS GIANTS,8,0.1726440139793555,0.08532726149529493,0.06191836408642323
CD_I1009803,Alexia Hamilton,Sydney Swans,7,0.16811593990278836,0.08391246318919761,0.06624968375929058
CD_I1027057,Mia Russo,West Coast Eagles,7,0.16371631879749976,0.0826488110946501,0.06344523938471687
CD_I1025895,Violet Patterson,Collingwood,7,0.11100108565758765,0.08257215119356195,0.0726911149163223
CD_I1024984,Ally Dallaway,Richmond,4,0.11002777823281903,0.08256516370115823,0.06030389447160711
CD_I997663,Darcy Vescio,Carlton,2,0.13201445797293127,0.08104473723893832,0.07450680324447487
CD_I1013943,Tessa Boyd,North Melbourne,3,0.12399584208460357,0.07975773824750358,0.06322735895016211
CD_I1019724,Carly Remmos,Collingwood,8,0.11904470710429386,0.07869147008244844,0.05633771654867226
CD_I1009836,Natalie Grider,Brisbane Lions,8,0.12824585815280615,0.07863227280708049,0.06032479491214439
CD_I1036297,Piper Dunlop,Geelong Cats,7,0.18205102861372854,0.07849203577941852,0.05019471224861824
CD_I1032974,Maggie Johnstone,Essendon,6,0.15445937520450584,0.07581619488596197,0.05358513150092388
CD_I1005452,Nicola Barr,St Kilda,7,0.1125817604550549,0.0756845162571643,0.06030099751914597
CD_I1016971,Ellie Gavalas,Western Bulldogs,5,0.13376423220343864,0.07452014489709237,0.05537559932994504
CD_I1012964,Dominique Carbone,Collingwood,6,0.10476805669900319,0.07407420933187597,0.05119117468942921
CD_I1022701,Alana Gee,St Kilda,8,0.10727123733555594,0.06817343072013834,0.05202282667775723
CD_I1025671,Daisy Flockart,Hawthorn,8,0.1371779482167218,0.06671264039239035,0.04986083313065686
CD_I1031272,Indiana West,Fremantle,8,0.1258957010634518,0.06660202236996389,0.04853815984351037
CD_I1022756,Jemmika Douglas,Adelaide Crows,7,0.11036215104592312,0.06538920281245708,0.05105705981033985
CD_I1032592,Asher Fearn-Wannan,Brisbane Lions,5,0.10069666269387383,0.06459306397266716,0.05461932171869992
CD_I1032556,Maddie Quinn,Sydney Swans,8,0.12989578946997674,0.06417614743886842,0.050373209893595394
CD_I1015147,Charlotte Baskaran,St Kilda,8,0.11758775751410526,0.06415848975616188,0.04836173617576997
CD_I1022203,Elaine Grigg,Western Bulldogs,8,0.13086999095291277,0.06336988802388038,0.04179517966855832
CD_I1024553,Kaylee Kimber,Western Bulldogs,7,0.1293209047376757,0.06294134525267718,0.04706336790661869
CD_I1033168,Julie O'Sullivan,Sydney Swans,8,0.12522174618340323,0.06269446806694146,0.04954467977050439
CD_I1022723,Brodee Mowbray,GWS GIANTS,4,0.0930577292107495,0.06268943087145057,0.05736972374565193
CD_I1005258,Eloise Jones,Adelaide Crows,8,0.12039883149826129,0.06253676622918179,0.048296328045049894
CD_I1014624,Indy Tahau,Port Adelaide,3,0.09321075619741377,0.062485252860317586,0.05737321455249189
CD_I1033164,Paris McCarthy,Sydney Swans,7,0.1230266455860759,0.06101561228379278,0.04414191044567202
CD_I1013706,Sarah Rowe,Collingwood,6,0.09716121929381719,0.06004854590104248,0.04788663152926395
CD_I1021793,Paige Trudgeon,St Kilda,8,0.100139410823571,0.05871091878239924,0.04347931691228186
CD_I1021884,Sarah Grunden,Sydney Swans,8,0.09028095153199231,0.0586478033805297,0.05321841725206348
CD_I1019035,Greta Bodey,Hawthorn,5,0.10137209936806493,0.05826666495350514,0.04513014998705593
CD_I1037639,Lily Quigley,Gold Coast SUNS,7,0.11938550275018324,0.057533233269296526,0.04548736929079137
CD_I1026281,Evie Cowcher,Geelong Cats,8,0.10966792731335784,0.05616476706447739,0.038431826675108686
CD_I1009857,Georgia Clarke,Essendon,7,0.09579343710201559,0.056067962231992244,0.04535698666258954
CD_I1029279,Holly Cooper,Sydney Swans,7,0.09469718762183997,0.05588440367841237,0.05307692079955875
CD_I1015195,Annie Lee,Geelong Cats,5,0.1074937863267431,0.05542628671502181,0.03599236016609696
CD_I1021436,Mikayla Pauga,GWS GIANTS,8,0.08982174053036295,0.05503772788961976,0.04293727115354498
CD_I1022825,Lauren Wakfer,West Coast Eagles,8,0.12730490680504686,0.0544880949953631,0.03621669814017254
CD_I1023857,Georgie Cleaver,West Coast Eagles,7,0.09219201340499986,0.05359406921199056,0.03331131541962595
CD_I1005285,Sarah Allan,Adelaide Crows,8,0.10568588152350473,0.05310887777235992,0.03962421103794437
CD_I1026053,Emma Kilpatrick,Geelong Cats,3,0.09915623230040063,0.05245371947276843,0.036384370423394985
CD_I1026294,Ariana Hetherington,Collingwood,8,0.0787035585788339,0.05226215921633687,0.041678007735226986
CD_I1017023,Rebecca Miller,Richmond,6,0.07199325361486207,0.051824566369919625,0.04119170218862846
CD_I1028464,Dominique Carruthers,Western Bulldogs,7,0.09895830541050855,0.05105515674085412,0.03222021389537549
CD_I1032499,Bronte Parker,Gold Coast SUNS,7,0.11358643615322996,0.04836665750979948,0.03610749149453062
CD_I1025616,Lara Hausegger,Sydney Swans,8,0.10109220684396313,0.04832414844026742,0.03180373557966666
CD_I1042084,Baia Pugh,Richmond,5,0.07898634087871932,0.048303112507624646,0.02881977288048625
CD_I1022192,Meara Girvan,Gold Coast SUNS,5,0.09779652006548895,0.04795975750471761,0.03357738442202193
CD_I1037629,Yasmeen Janschek,GWS GIANTS,8,0.12946594477909126,0.046490631930911436,0.03357129635167857
CD_I1010257,Clara Fitzpatrick,Gold Coast SUNS,8,0.09337665549209435,0.0457455647402051,0.03600433185238619
CD_I1015201,Analea McKee,Western Bulldogs,3,0.08913461642274338,0.04564843310389793,0.03406668551977673
CD_I1025611,Sarah Poustie,Western Bulldogs,6,0.08893982831676507,0.04487601098495262,0.033095202861736756
CD_I1012595,Vaomua Laloifi,Western Bulldogs,8,0.09824912973125095,0.044443794069608966,0.02785670774143888
CD_I1010264,Alexandra Morcom,Essendon,8,0.08354359045961886,0.043621273623797086,0.029795404198706153
CD_I1029614,Eleanor Hartill,Brisbane Lions,7,0.08089834080720013,0.04278252409617789,0.029502190506166044
CD_I1007360,Ebony O'Dea,Port Adelaide,8,0.08501850198501414,0.04273261047915884,0.03279452771215201
CD_I997736,Jordyn Allen,Collingwood,7,0.07008048153899578,0.042504549752772354,0.03279192391755583
CD_I1023433,Sara Howley,GWS GIANTS,8,0.07695695783664115,0.039797278006405874,0.028171786665366873
CD_I1024294,Lulu Pullar,Sydney Swans,5,0.08310621816605421,0.039567137857836346,0.026363013756384605
CD_I1013442,Jasmine Ferguson,North Melbourne,8,0.07265118738745761,0.03917211624191619,0.028269177745612297
CD_I1023849,Noa McNaughton,Fremantle,6,0.07636532936133321,0.03876182499120866,0.033427213753195
CD_I1031378,Holly Ridewood,Essendon,8,0.06148780114707796,0.03866122686685011,0.026827831084808414
CD_I1027544,Zoe Besanko,St Kilda,8,0.06690603142547946,0.03835516995114827,0.029487980036245028
CD_I1030201,Georja Davies,Gold Coast SUNS,8,0.07897405930877399,0.0378687146797397,0.023612834204752096
CD_I1025565,Grace Belloni,Essendon,8,0.0650080307109086,0.03679198385769415,0.028933746044897284
CD_I1012700,Beth Lynch,Richmond,8,0.07890805367130624,0.03657897934420268,0.025973610547574723
CD_I1033348,Imogen Brown,Sydney Swans,8,0.0737943656570575,0.03516609532326674,0.02491612972607954
CD_I1022818,Sarah Lakay,West Coast Eagles,7,0.07598141738067259,0.03501839831609888,0.028362553055085563
CD_I1010103,Isabella Grant,Western Bulldogs,8,0.08059821903987123,0.03468520898769896,0.023833108312665014
CD_I1012580,Sophie Alexander,Essendon,5,0.05282337402092454,0.03451324604708546,0.03346901340720716
CD_I1024299,Paige Price,Gold Coast SUNS,8,0.10123443568871321,0.03425560133038987,0.02264477520815286
CD_I1022885,Taylah Gatt,North Melbourne,2,0.05537739715692003,0.034159829225872185,0.03030663104872359
CD_I1009765,Sophie Van De Heuvel,Essendon,6,0.07561202742850902,0.034019542298969356,0.028031080485317095
CD_I1026239,Maya Louvel-Finn,St Kilda,6,0.055649920885522376,0.033371850071281496,0.02262750599397771
CD_I997725,Isabel Huntington,GWS GIANTS,8,0.06529920573512324,0.03306739824408336,0.027321130318495715
CD_I1042237,Siofra O'Connell,Carlton,8,0.06621540895513668,0.03170591576673773,0.022239218475002858
CD_I1022736,Jessica Doyle,GWS GIANTS,8,0.05939151439264996,0.03169694865135454,0.024250193994334188
CD_I1012253,Jasmin Stewart,Geelong Cats,3,0.06262782283582852,0.03087146857031471,0.025488040006856713
CD_I1014785,Zali Friswell,Geelong Cats,4,0.06502357608805298,0.030789931767341506,0.020320437484120577
CD_I1019828,Keely Coyne,Hawthorn,6,0.06127407795077981,0.030559515855207088,0.022767889749217465
CD_I1025421,Amber Schutte,Collingwood,8,0.058229516545023396,0.03033962821700253,0.02445459736162942
CD_I1019806,Jemma Rigoni,Collingwood,7,0.057603867089759814,0.029951824511124898,0.0219916515819165
CD_I1032580,Tayla McMillan,Carlton,2,0.058820554216862594,0.02962566504717905,0.023681064606575108
CD_I1031412,Mackenzie Ford,Richmond,8,0.06158875591420251,0.02948297941871202,0.022498586554601213
CD_I1013028,Katie Lynch,Gold Coast SUNS,2,0.044340259698363034,0.02811344524200822,0.020613877547717378
CD_I1021399,Jessica Low,Fremantle,8,0.056986674041515945,0.02807141528026416,0.019757178025889752
CD_I1030962,Sophie Eaton,Port Adelaide,7,0.06317291957019879,0.027105174188235805,0.014189845602924193
CD_I1021834,Georgia Stubs,Richmond,5,0.04351996208062883,0.02663261987405975,0.024705588728250356
CD_I1019456,Keeley Kustermann,Adelaide Crows,8,0.059815078297428145,0.025034483829191885,0.01711278098306998
CD_I1042797,Grace Kos,GWS GIANTS,8,0.05598672572277495,0.024300848930492235,0.019011450011841013
CD_I1021409,Matilda Dyke,Essendon,8,0.04763055449404803,0.023675216243490615,0.01674993555239936
CD_I1027611,Zoe Wakfer,West Coast Eagles,7,0.05901362822159764,0.023543402309582795,0.01229970890416113
CD_I1026141,Ella Slocombe,West Coast Eagles,4,0.049025061187885556,0.02299023383536098,0.018283312341211597
CD_I1021365,Annabel Kievit,Gold Coast SUNS,7,0.04921304080839923,0.02293657958623275,0.012805040675808683
CD_I1001686,Emma King,North Melbourne,6,0.06008179988431571,0.02293140019509355,0.014548074544884151
CD_I1021898,Tunisha Kikoak,Fremantle,3,0.05211184570030736,0.022922230047356364,0.012635159956740668
CD_I1011062,Cheyenne Hammond,Port Adelaide,8,0.054174632575605064,0.022544964955098796,0.016826867393920045
CD_I1017286,Emily Pease,GWS GIANTS,6,0.039983881745572276,0.021917745809760483,0.013243939513158744
CD_I1032571,Mikaylah Antony,Hawthorn,7,0.05643864177244036,0.021794423246800036,0.012162392907090605
CD_I1007026,Gabriella Pound,Carlton,5,0.05342446933470014,0.02158900172546114,0.011647523229352086
CD_I1032495,Rhianna Ingram,Gold Coast SUNS,2,0.03861051064850205,0.02142551088550034,0.014493917768176021
CD_I1022299,Amelie Borg,Port Adelaide,8,0.043873029117378004,0.021042305727236796,0.015152337111602559
CD_I1026166,Madeleine Scanlon,Fremantle,3,0.03513455566811538,0.020440602689577522,0.014896385752770806
CD_I1026159,Juliet Kelly,Adelaide Crows,5,0.0448463728605692,0.020386278813091893,0.016550515459885267
CD_I997728,Deanna Berry,Western Bulldogs,2,0.04633982921714861,0.019883041279048927,0.01501459398622486
CD_I1021828,Alyssia Pisano,Melbourne,4,0.03687031510593721,0.01986198247550664,0.016265701497221546
CD_I1022210,Sachi Syme,Port Adelaide,2,0.04266247639327939,0.01975940380607849,0.015634710643980566
CD_I1015189,Keeley Hardingham,Western Bulldogs,3,0.03963296400686316,0.019346261939378065,0.011066699453657066
CD_I1031366,Holly Egan,Fremantle,6,0.04753224730168307,0.019190969045208117,0.014101238241311237
CD_I1019435,Lauren Clifton,Melbourne,4,0.05223846088027696,0.01916419215628659,0.011437829412957375
CD_I1026111,Sophie Peters,Brisbane Lions,8,0.0466645298882721,0.019115603903851523,0.014429513514363355
CD_I1042795,Neasa Dooley,Brisbane Lions,3,0.039027539122255796,0.019053805913730765,0.01669666161599535
CD_I1035375,Amy Boyle-Carr,Adelaide Crows,5,0.033856712199522736,0.01899644826737427,0.015072502521462854
CD_I1019830,Bridie Hipwell,Hawthorn,5,0.0370567692193663,0.01891664033816428,0.012296631109834383
CD_I1033877,Nalu Brothwell,Essendon,7,0.04136205287616559,0.01890811512438607,0.016085183314268635
CD_I1042707,Kayleigh Cronin,Adelaide Crows,8,0.03881383646485238,0.018817546283545858,0.01349700134574398
CD_I296158,Bianca Jakobsson,St Kilda,8,0.03224997575927927,0.018800861517418485,0.009966513052534636
CD_I1026412,Olivia Crane,Port Adelaide,5,0.042673397790544416,0.018346259038529277,0.01134886937793925
CD_I1019819,Brooke Vickers,Carlton,7,0.0561049151936245,0.018311919234996265,0.011147422028450286
CD_I1015070,Eliza James,Collingwood,5,0.04084899761173831,0.01778233742118729,0.012602431430983193
CD_I1026143,Emily Elkington,Port Adelaide,7,0.04432535177562318,0.017458331815978837,0.01463303931410364
CD_I1009866,Rene Caris,St Kilda,5,0.035610101065083964,0.016865280197241393,0.012055147910063575
CD_I997686,Kirsty Lamb,Port Adelaide,6,0.034059069782958605,0.0168272910977574,0.014503215684795503
CD_I1025924,Grace Martin,GWS GIANTS,7,0.037508833212955395,0.016659092245451427,0.01197753346767079
CD_I1022224,Brooke Boileau,Carlton,4,0.03594303085611518,0.016048177899238788,0.01095450447330163
CD_I1033163,Niamh Martin,Hawthorn,5,0.03118647017312287,0.01593182535021701,0.011225616075713995
CD_I1035558,Imogen Trengove,Collingwood,8,0.039164582030179175,0.015926107680893482,0.013766673127153593
CD_I1019700,Mackenzie Eardley,Hawthorn,5,0.04491560181697276,0.015871616377472756,0.010382045520635064
CD_I1032569,Kiera Yerbury,GWS GIANTS,5,0.03287107209292133,0.015634627268076705,0.009822500014276668
CD_I1005955,Justine Mules-Robinson,Port Adelaide,8,0.04501702105399185,0.015581975024785548,0.011067325287434503
CD_I1024642,Priya Bowering,Geelong Cats,3,0.04080664308965894,0.015415451492993113,0.008545471603038403
CD_I1026137,Claudia Wright,Brisbane Lions,8,0.04559676802834291,0.015239421101352981,0.009925078615496958
CD_I1009845,Kalinda Howarth,Collingwood,4,0.026601371207571518,0.015153261116562261,0.011483046956984789
CD_I1015174,Ash Van Loon,Sydney Swans,8,0.04136020633205297,0.014946717919767094,0.007851107156981302
CD_I1012709,Tara Bohanna,Carlton,5,0.04041151307624585,0.014885291469444511,0.011637297754282256
CD_I1007327,Montana McKinnon,Richmond,3,0.03390612920551795,0.014845348175235404,0.00951071539687014
CD_I1022744,Madeline Hendrie,Carlton,8,0.03391093431881471,0.014572876651485737,0.009485478835843433
CD_I1018966,Sinead Goldrick,Melbourne,4,0.02749371244017053,0.013746476111137,0.009755414795185316
CD_I1033016,Olivia Gorman,Adelaide Crows,7,0.03599254489889178,0.013186231381476652,0.010050124859163824
CD_I1025521,Kyla Forbes,St Kilda,4,0.028090779519400758,0.013024553398029166,0.008133698490624062
CD_I1024636,Lily Johnson,Fremantle,3,0.03615927787072255,0.012858169509090113,0.009115704400108332
CD_I1015105,Daisy Walker,GWS GIANTS,6,0.028171627067264213,0.012814925292467314,0.009463810340951352
CD_I1025550,Georgie Brisbane,Fremantle,4,0.027312159668910145,0.012718006436751082,0.009504926141249644
CD_I1019689,Amber Clarke,St Kilda,2,0.015756592449006176,0.011664565686565698,0.009943806088033908
CD_I1021412,Maggie MacLachlan,Essendon,6,0.02129987001054469,0.011490732131235708,0.007047011895464411
CD_I1031080,Christina Leuzzi,Adelaide Crows,3,0.02017833427945143,0.011428536396481784,0.011935830653547815
CD_I1042246,Kellyann Hogan,Collingwood,2,0.020290582626916746,0.011305223989536163,0.007980211680281745
CD_I1014556,Hannah Priest,St Kilda,5,0.022533317411613234,0.011188201328547793,0.005947834492890973
CD_I1021879,Kristie-Lee Weston-Turner,North Melbourne,2,0.024570121071025987,0.011026986967134387,0.008279472016377173
CD_I1025669,Annabelle Embelton,Hawthorn,8,0.03558894050920442,0.010990163392970084,0.004888847875300001
CD_I1009873,Olivia Vesely,St Kilda,5,0.028516587333564526,0.010714634177539324,0.007420595300976672
CD_I1012558,Brooke Walker,Essendon,3,0.029592795952171683,0.010631146747579786,0.0066765215806525845
CD_I1032594,Josephine Bamford,Collingwood,8,0.03395049872037164,0.01037572062476903,0.007029313898318697
CD_I1009813,Brenna Tarrant,Sydney Swans,4,0.02719430996269693,0.009930819758553193,0.008582803521767969
CD_I1026227,Julia Teakle,Port Adelaide,5,0.024790891897720685,0.009899019323687447,0.006889764612020856
CD_I1031248,Fina Dethlefsen,Richmond,6,0.027005580296474964,0.009884878521306316,0.004191784229009768
CD_I1033129,Renee Morgan,Geelong Cats,3,0.022782114369576743,0.009848462989892174,0.005718922489927621
CD_I1026937,Rania Crozier,Brisbane Lions,6,0.02457151949207142,0.009570640144023175,0.00719487018558643
CD_I1033269,Evie Long,Brisbane Lions,4,0.020874938016770952,0.009294402283096375,0.007638955976831822
CD_I1010688,Maddie Shevlin,Richmond,4,0.023744052231420232,0.008986376008246387,0.006974378112978789
CD_I1014962,Ella Friend,St Kilda,6,0.014083745963645275,0.00887452049698562,0.0059751539022728905
CD_I1021415,Courtney Rowley,West Coast Eagles,2,0.01810198578180716,0.008859725885061672,0.0041875603834524225
CD_I1009963,Lauren Bella,Carlton,3,0.033733005239505606,0.008794905089948409,0.004540264856431884
CD_I1026104,Mia Salisbury,Gold Coast SUNS,3,0.016419969530764956,0.008787461134494039,0.0066782506761397745
CD_I1030373,Mischa Barwin,Collingwood,5,0.020161391418887526,0.00846216624133153,0.0033644468641034248
CD_I1023854,Natasha Entwistle,West Coast Eagles,3,0.011653273435158991,0.00840859398744856,0.007696469339038491
CD_I1030952,Lucy Waye,Adelaide Crows,4,0.022828158057107382,0.00818192887691347,0.004879463711797785
CD_I1019702,Jorja Livingstone,Melbourne,3,0.020449022783954933,0.00811184271803896,0.004004611271291179
CD_I1021933,Alexis Gregor,Geelong Cats,7,0.029886753172884868,0.007992100445920414,0.0032523949818254365
CD_I1025428,Jessica Rentsch,West Coast Eagles,3,0.024923942707676946,0.007887286823082148,0.004412949906365764
CD_I1010279,Bess Keaney,Essendon,3,0.014537004694714707,0.007537607410674586,0.004299020751586034
CD_I1036298,Caitlin Fletcher,GWS GIANTS,8,0.026803683871399683,0.006890474949581809,0.005698311932422438
CD_I1026384,Indi Strom,Fremantle,5,0.01889832868772758,0.00672904161239971,0.007324181704380017
CD_I1014663,Zoe Prowse,Essendon,7,0.02130544454463204,0.006670732409622248,0.004147046585133979
CD_I1005437,Laura Pugh,Fremantle,2,0.01659816887456661,0.00661513403714074,0.0035837578979664624
CD_I1021416,Beth Schilling,West Coast Eagles,3,0.014916442781785836,0.005887577299332987,0.004189133871190591
CD_I1021895,Georgia Clark,GWS GIANTS,4,0.01489679618046792,0.00583579898751767,0.002278046403833442
CD_I1005361,Daria Bannister,Essendon,2,0.015397806064226128,0.0058028061174315365,0.0039117728748954295
CD_I1048495,Ana Mulholland,Richmond,2,0.00784108666020951,0.00577926233273546,0.004555136583934216
CD_I1032565,Amaia Wain,Western Bulldogs,2,0.017703182855949406,0.005749236765655703,0.004878523472027975
CD_I1009855,Darcy Guttridge,St Kilda,7,0.01684134633210917,0.005697187004775665,0.006862178298282786
CD_I1048148,Aoife Horisk,Melbourne,1,0.011786628398579291,0.00549507648101192,0.0024453359506837477
CD_I1007006,Jas Grierson,Sydney Swans,2,0.01153527699771267,0.005121851013441044,0.00251275109442235
CD_I1033876,Mizuki Brothwell,Western Bulldogs,2,0.009907642947444268,0.004981987777191837,0.002726455649853696
CD_I1021819,Sophie Butterworth,St Kilda,6,0.010903303312840746,0.0048091642347331855,0.0036563570345169013
CD_I1005863,Lauren Pearce,Melbourne,2,0.018488111643317585,0.0047761095524506015,0.002561216964026312
CD_I1012661,Lauren Ahrens,Western Bulldogs,2,0.015240523642118586,0.00457269972929346,0.0032633845557965002
CD_I1022358,Zarlie Goldsworthy,GWS GIANTS,1,0.012002595729981145,0.004296494780150791,0.002342102477128847
CD_I998164,Nicola Stevens,Geelong Cats,5,0.02052058306460638,0.0042570856885044694,0.0026530278083364235
CD_I1019762,Paige Scott,Richmond,2,0.006660092191004631,0.00399928044929366,0.0033343479214016855
CD_I1042236,Aisling Reidy,Carlton,4,0.015217447685861715,0.003958102124386616,0.0034453234970918804
CD_I1014982,Abby Favell,North Melbourne,2,0.01315729808016321,0.00395558488607199,0.0027229314322004474
CD_I1026263,Taya Chambers,Essendon,1,0.010490146761520519,0.0039398383578945866,0.003670655745944737
CD_I1040489,Alice Tentye,Adelaide Crows,1,0.005587392616087322,0.0037444619276585473,0.0031043942656670373
CD_I1022112,Imogen Barnett,Collingwood,1,0.005224759712126324,0.0036821778930234772,0.0015919333556954417
CD_I1027055,Sienna Gerardi,West Coast Eagles,2,0.006751192364147169,0.0033844479988795004,0.003685966189296134
CD_I1037133,Sanne Bakker,West Coast Eagles,4,0.00933982114947151,0.003357967696460188,0.0016873045525490722
CD_I1019431,Brooke Tonon,Adelaide Crows,3,0.010789237829188471,0.0033139405648256286,0.0019415281688434263
CD_I1026218,Emmelie Fiedler,St Kilda,2,0.004330582515209354,0.0032733715610947386,0.002131049137941985
CD_I1025615,Charlotte Brewer,Collingwood,4,0.008675473636329513,0.003087736599536166,0.001774979694781065
CD_I296141,Louise Stephenson,Western Bulldogs,1,0.009107654158739533,0.003054551222597695,0.0017681936969300277
CD_I1023952,Lucy Boyd,Port Adelaide,2,0.007845173825568388,0.0029985214583127234,0.002721855225582403
CD_I1048151,Olivia Lewis,Collingwood,3,0.004959617592664247,0.002585072143324934,0.0013404361027900963
CD_I1032563,Molly Thomas,Sydney Swans,3,0.010910056806689532,0.002455454179761392,0.0017222156734536312
CD_I1009907,Roxanne Roux,West Coast Eagles,3,0.006084464345627939,0.0023004790934142115,0.0011483405736138791
CD_I1032555,Grace Parsons,Port Adelaide,3,0.0063928157597361425,0.0022804711547506065,0.0016292886022134488
CD_I1023389,Chloe Adams,Essendon,4,0.006545889066826027,0.002036313355532676,0.0007961383266279847
CD_I1012692,Kate Dempsey,Richmond,1,0.002657883653332826,0.002035614117051006,0.0015149526631387906
CD_I1031564,Amelia Martin,Sydney Swans,2,0.006171414312436681,0.0019940254038085907,0.0017744282211138592
CD_I1025415,Chelsea Sutton,St Kilda,2,0.006489841930055411,0.00185840607102434,0.0011851306996576783
CD_I1015094,Alice Burke,St Kilda,3,0.004923770888256377,0.0017438567595335303,0.0016229209835214235
CD_I1014559,Najwa Allen,Hawthorn,1,0.005280203326432342,0.0016737498123272601,0.0015847292128049388
CD_I1048496,Saoirse Lally,St Kilda,3,0.005180865703137587,0.0016276364473923365,5.423424566117369e-05
CD_I1034054,Zara Neuwirth,Collingwood,4,0.0054496131721220725,0.0015948270397108078,4.6636683993008885e-05
CD_I1025662,Zoe Barbakos,St Kilda,2,0.003994986946057876,0.0015909410053726075,0.0010426556220565432
CD_I1021844,Jess Vukic,Hawthorn,2,0.007907148475590412,0.0014168806216920007,0.00019475742254925816
CD_I1021845,Jacinta Hose,Melbourne,1,0.002973332074280739,0.0010831744626784725,0.0010392282780900988
CD_I1036296,Caitlin Reid,Sydney Swans,1,0.001881281092228012,0.0010499463882208454,1.705681554520105e-05
CD_I1033496,Amy Smith,Collingwood,1,0.0032101409195897965,0.001039193595007106,0.0005161942330819035
CD_I1013946,Maisie Nankivell,Collingwood,1,0.0011142554679371439,0.0010253624100132284,1.217438322877133e-05
CD_I1037024,Lavinia Cox,Hawthorn,1,0.002986751552362284,0.0005863883237407804,0.0005330536032786352
CD_I1015060,Nicola Xenos,St Kilda,1,0.000868571668696218,0.0005728421495162097,0.0005341475920578034
CD_I1007523,Lisa Steane,West Coast Eagles,1,0.0013871293881818018,0.0005725449857288789,0.0005316562455311992
CD_I1024536,Tara Harrington,Gold Coast SUNS,1,0.001899195992304961,0.0005590993559580603,0.0005223396299346935
CD_I1032982,Abby Hobson,St Kilda,2,0.002399656604563864,0.000260962957870894,0.00014709396096754883
CD_I1035640,Madison Evans,Brisbane Lions,1,0.004474839856696233,0.0002562772839877754,0.00013063853263819075
CD_I1021367,J'Noemi Anderson,St Kilda,1,0.0003696869270716608,0.00010740327717737738,6.802802742617393e-05
CD_I1025587,Madison Ibrahim,Essendon,2,0.0019247617266691189,9.204118117936628e-05,4.57247569189368e-05
CD_I1010096,Lauren Butler,Collingwood,1,0.0012884265850350044,8.843759352353302e-05,4.706558862426077e-05
CD_I1014662,Kiera Mueller,Adelaide Crows,1,0.0017720478102423573,7.0269803513848e-05,3.78641242363299e-05
CD_I1026494,Carys D'Addario,St Kilda,2,0.00031750563978174634,5.795426883733848e-05,2.552935718355086e-05
CD_I1033167,Courtney Murphy,Essendon,1,0.00014935981147711446,4.364489617367499e-05,2.1416230252563875e-05
CD_I1032980,Jovie Skewes-Clinton,West Coast Eagles,1,0.001753408818816443,4.216627499202557e-05,1.5570156138586213e-05
CD_I1025548,Georgia Knight,Collingwood,1,0.001141232528234109,3.2439533832095274e-05,1.681908760136827e-05
CD_I1030964,Jasmine Evans,Port Adelaide,1,0.0006575652011175768,2.5673414356438517e-05,0.0005090998494041774
