"Season","Round","Home.Team","Away.Team","Player.Name","Coaches.Votes"
2019,1,"Geelong Cats","Collingwood","Nina Morrison (GEEL)","10"
2019,1,"Geelong Cats","Collingwood","Ashleigh Brazill (COLL)","7"
2019,1,"Geelong Cats","Collingwood","Jaimee Lambert (COLL)","6"
2019,1,"Geelong Cats","Collingwood","Meghan McDonald (GEEL)","5"
2019,1,"Geelong Cats","Collingwood","Madeline Keryk (GEEL)","1"
2019,1,"Geelong Cats","Collingwood","Maddy Boyd (GEEL)","1"
2019,1,"Adelaide Crows","Western Bulldogs","Lauren Spark (WB)","10"
2019,1,"Adelaide Crows","Western Bulldogs","Ebony Marinoff (ADEL)","7"
2019,1,"Adelaide Crows","Western Bulldogs","Ellie Blackburn (WB)","7"
2019,1,"Adelaide Crows","Western Bulldogs","Hannah Scott (WB)","3"
2019,1,"Adelaide Crows","Western Bulldogs","Anne Hatchard (ADEL)","2"
2019,1,"Adelaide Crows","Western Bulldogs","Erin Phillips (ADEL)","1"
2019,1,"North Melbourne","Carlton","Jasmine Garner (NMFC)","9"
2019,1,"North Melbourne","Carlton","Ash Riddell (NMFC)","7"
2019,1,"North Melbourne","Carlton","Emma King (NMFC)","6"
2019,1,"North Melbourne","Carlton","Jessica Duffin (NMFC)","4"
2019,1,"North Melbourne","Carlton","Kate Gillespie-Jones (NMFC)","3"
2019,1,"North Melbourne","Carlton","Madison Prespakis (CARL)","1"
2019,1,"Melbourne","Fremantle","Paxy Paxman (MELB)","9"
2019,1,"Melbourne","Fremantle","Kiara Bowers (FRE)","7"
2019,1,"Melbourne","Fremantle","Ebony Antonio (FRE)","6"
2019,1,"Melbourne","Fremantle","Dana Hooker (FRE)","4"
2019,1,"Melbourne","Fremantle","Lauren Pearce (MELB)","2"
2019,1,"Melbourne","Fremantle","Elise O'Dea (MELB)","2"
2019,1,"Brisbane Lions","GWS Giants","Emily Bates (BL)","10"
2019,1,"Brisbane Lions","GWS Giants","Ally Anderson (BL)","8"
2019,1,"Brisbane Lions","GWS Giants","Jessica Wuetschner (BL)","6"
2019,1,"Brisbane Lions","GWS Giants","Sabrina Frederick (BL)","2"
2019,1,"Brisbane Lions","GWS Giants","Cora Staunton (GWS)","2"
2019,1,"Brisbane Lions","GWS Giants","Rebecca Beeson (GWS)","2"
2019,2,"GWS Giants","North Melbourne","Emma Kearney (NMFC)","9"
2019,2,"GWS Giants","North Melbourne","Jessica Duffin (NMFC)","6"
2019,2,"GWS Giants","North Melbourne","Kate Gillespie-Jones (NMFC)","5"
2019,2,"GWS Giants","North Melbourne","Jenna Bruton (NMFC)","4"
2019,2,"GWS Giants","North Melbourne","Jasmine Garner (NMFC)","3"
2019,2,"GWS Giants","North Melbourne","Cora Staunton (GWS)","2"
2019,2,"GWS Giants","North Melbourne","Nicola Barr (GWS)","1"
2019,2,"Collingwood","Melbourne","Elise O'Dea (MELB)","10"
2019,2,"Collingwood","Melbourne","Ashleigh Brazill (COLL)","8"
2019,2,"Collingwood","Melbourne","Lauren Pearce (MELB)","6"
2019,2,"Collingwood","Melbourne","Lily Mithen (MELB)","3"
2019,2,"Collingwood","Melbourne","Paxy Paxman (MELB)","2"
2019,2,"Collingwood","Melbourne","Tyla Hanks (MELB)","1"
2019,2,"Western Bulldogs","Geelong Cats","Ellie Blackburn (WB)","10"
2019,2,"Western Bulldogs","Geelong Cats","Monique Conti (WB)","8"
2019,2,"Western Bulldogs","Geelong Cats","Kirsty Lamb (WB)","5"
2019,2,"Western Bulldogs","Geelong Cats","Meghan McDonald (GEEL)","5"
2019,2,"Western Bulldogs","Geelong Cats","Aisling Utri (WB)","1"
2019,2,"Western Bulldogs","Geelong Cats","Olivia Purcell (GEEL)","1"
2019,2,"Fremantle","Brisbane Lions","Dana Hooker (FRE)","10"
2019,2,"Fremantle","Brisbane Lions","Nat Exon (BL)","6"
2019,2,"Fremantle","Brisbane Lions","Ally Anderson (BL)","6"
2019,2,"Fremantle","Brisbane Lions","Kara Antonio (FRE)","3"
2019,2,"Fremantle","Brisbane Lions","Kiara Bowers (FRE)","3"
2019,2,"Fremantle","Brisbane Lions","Sabreena Duffy (FRE)","2"
2019,2,"Carlton","Adelaide Crows","Stevie-Lee Thompson (ADEL)","9"
2019,2,"Carlton","Adelaide Crows","Erin Phillips (ADEL)","6"
2019,2,"Carlton","Adelaide Crows","Sarah Allan (ADEL)","5"
2019,2,"Carlton","Adelaide Crows","Madison Prespakis (CARL)","4"
2019,2,"Carlton","Adelaide Crows","Kerryn Harrington (CARL)","4"
2019,2,"Carlton","Adelaide Crows","Anne Hatchard (ADEL)","2"
2019,3,"North Melbourne","Western Bulldogs","Jenna Bruton (NMFC)","10"
2019,3,"North Melbourne","Western Bulldogs","Courteney Munn (NMFC)","6"
2019,3,"North Melbourne","Western Bulldogs","Kate Gillespie-Jones (NMFC)","4"
2019,3,"North Melbourne","Western Bulldogs","Jamie Stanton (NMFC)","4"
2019,3,"North Melbourne","Western Bulldogs","Emma Kearney (NMFC)","2"
2019,3,"North Melbourne","Western Bulldogs","Monique Conti (WB)","2"
2019,3,"North Melbourne","Western Bulldogs","Ellie Blackburn (WB)","2"
2019,3,"Fremantle","Collingwood","Kara Antonio (FRE)","10"
2019,3,"Fremantle","Collingwood","Kiara Bowers (FRE)","6"
2019,3,"Fremantle","Collingwood","Hayley Miller (FRE)","4"
2019,3,"Fremantle","Collingwood","Parris Laurie (FRE)","4"
2019,3,"Fremantle","Collingwood","Sarah D'Arcy (COLL)","2"
2019,3,"Fremantle","Collingwood","Stephanie Cain (FRE)","2"
2019,3,"Fremantle","Collingwood","Ebony Antonio (FRE)","1"
2019,3,"Fremantle","Collingwood","Gemma Houghton (FRE)","1"
2019,3,"GWS Giants","Carlton","Madison Prespakis (CARL)","10"
2019,3,"GWS Giants","Carlton","Tayla Harris (CARL)","8"
2019,3,"GWS Giants","Carlton","Yvonne Bonner (GWS)","4"
2019,3,"GWS Giants","Carlton","Kerryn Harrington (CARL)","3"
2019,3,"GWS Giants","Carlton","Brianna Davey (CARL)","3"
2019,3,"GWS Giants","Carlton","Alison Downie (CARL)","1"
2019,3,"GWS Giants","Carlton","Rebecca Beeson (GWS)","1"
2019,3,"Adelaide Crows","Geelong Cats","Erin Phillips (ADEL)","9"
2019,3,"Adelaide Crows","Geelong Cats","Ebony Marinoff (ADEL)","9"
2019,3,"Adelaide Crows","Geelong Cats","Anne Hatchard (ADEL)","6"
2019,3,"Adelaide Crows","Geelong Cats","Chelsea Randall (ADEL)","4"
2019,3,"Adelaide Crows","Geelong Cats","Jessica Foley (ADEL)","2"
2019,3,"Brisbane Lions","Melbourne","Lauren Pearce (MELB)","10"
2019,3,"Brisbane Lions","Melbourne","Aliesha Newman (MELB)","7"
2019,3,"Brisbane Lions","Melbourne","Paxy Paxman (MELB)","7"
2019,3,"Brisbane Lions","Melbourne","Harriet Cordner (MELB)","4"
2019,3,"Brisbane Lions","Melbourne","Elise O'Dea (MELB)","1"
2019,3,"Brisbane Lions","Melbourne","Bianca Jakobsson (MELB)","1"
2019,4,"Geelong Cats","Carlton","Maddy McMahon (GEEL)","8"
2019,4,"Geelong Cats","Carlton","Kerryn Harrington (CARL)","8"
2019,4,"Geelong Cats","Carlton","Richelle Cranston (GEEL)","5"
2019,4,"Geelong Cats","Carlton","Brianna Davey (CARL)","4"
2019,4,"Geelong Cats","Carlton","Meghan McDonald (GEEL)","2"
2019,4,"Geelong Cats","Carlton","Madeline Keryk (GEEL)","2"
2019,4,"Geelong Cats","Carlton","Denby Taylor (GEEL)","1"
2019,4,"Western Bulldogs","Brisbane Lions","Ally Anderson (BL)","10"
2019,4,"Western Bulldogs","Brisbane Lions","Nat Exon (BL)","8"
2019,4,"Western Bulldogs","Brisbane Lions","Monique Conti (WB)","3"
2019,4,"Western Bulldogs","Brisbane Lions","Jesse Wardlaw (BL)","3"
2019,4,"Western Bulldogs","Brisbane Lions","Emily Bates (BL)","2"
2019,4,"Western Bulldogs","Brisbane Lions","Kate McCarthy (BL)","2"
2019,4,"Western Bulldogs","Brisbane Lions","Aisling Utri (WB)","1"
2019,4,"Western Bulldogs","Brisbane Lions","McKenzie Dowrick (BL)","1"
2019,4,"Adelaide Crows","Fremantle","Erin Phillips (ADEL)","10"
2019,4,"Adelaide Crows","Fremantle","Jessica Foley (ADEL)","6"
2019,4,"Adelaide Crows","Fremantle","Anne Hatchard (ADEL)","5"
2019,4,"Adelaide Crows","Fremantle","Sarah Allan (ADEL)","3"
2019,4,"Adelaide Crows","Fremantle","Marijana Rajcic (ADEL)","3"
2019,4,"Adelaide Crows","Fremantle","Ebony Marinoff (ADEL)","3"
2019,4,"Collingwood","GWS Giants","Alicia Eva (GWS)","9"
2019,4,"Collingwood","GWS Giants","Jaimee Lambert (COLL)","8"
2019,4,"Collingwood","GWS Giants","Rebecca Beeson (GWS)","7"
2019,4,"Collingwood","GWS Giants","Courtney Gum (GWS)","3"
2019,4,"Collingwood","GWS Giants","Sarah Dargan (COLL)","2"
2019,4,"Collingwood","GWS Giants","Cora Staunton (GWS)","1"
2019,4,"Melbourne","North Melbourne","Emma King (NMFC)","6"
2019,4,"Melbourne","North Melbourne","Lily Mithen (MELB)","5"
2019,4,"Melbourne","North Melbourne","Emma Kearney (NMFC)","5"
2019,4,"Melbourne","North Melbourne","Kate Hore (MELB)","5"
2019,4,"Melbourne","North Melbourne","Jessica Duffin (NMFC)","5"
2019,4,"Melbourne","North Melbourne","Tyla Hanks (MELB)","3"
2019,4,"Melbourne","North Melbourne","Paxy Paxman (MELB)","1"
2019,5,"Brisbane Lions","Geelong Cats","Kate Darby (GEEL)","10"
2019,5,"Brisbane Lions","Geelong Cats","Olivia Purcell (GEEL)","7"
2019,5,"Brisbane Lions","Geelong Cats","Richelle Cranston (GEEL)","7"
2019,5,"Brisbane Lions","Geelong Cats","Maddy McMahon (GEEL)","3"
2019,5,"Brisbane Lions","Geelong Cats","Emily Bates (BL)","3"
2019,5,"Carlton","Collingwood","Brianna Davey (CARL)","10"
2019,5,"Carlton","Collingwood","Sarah Rowe (COLL)","6"
2019,5,"Carlton","Collingwood","Jaimee Lambert (COLL)","6"
2019,5,"Carlton","Collingwood","Madison Prespakis (CARL)","3"
2019,5,"Carlton","Collingwood","Kerryn Harrington (CARL)","3"
2019,5,"Carlton","Collingwood","Gabriella Pound (CARL)","2"
2019,5,"GWS Giants","Melbourne","Maddison Gay (MELB)","10"
2019,5,"GWS Giants","Melbourne","Tegan Cunningham (MELB)","8"
2019,5,"GWS Giants","Melbourne","Chantel Emonson (MELB)","3"
2019,5,"GWS Giants","Melbourne","Paxy Paxman (MELB)","3"
2019,5,"GWS Giants","Melbourne","Kate Hore (MELB)","2"
2019,5,"GWS Giants","Melbourne","Harriet Cordner (MELB)","2"
2019,5,"GWS Giants","Melbourne","Cora Staunton (GWS)","1"
2019,5,"GWS Giants","Melbourne","Alicia Eva (GWS)","1"
2019,5,"North Melbourne","Adelaide Crows","Chelsea Randall (ADEL)","9"
2019,5,"North Melbourne","Adelaide Crows","Erin Phillips (ADEL)","7"
2019,5,"North Melbourne","Adelaide Crows","Emma Kearney (NMFC)","5"
2019,5,"North Melbourne","Adelaide Crows","Ebony Marinoff (ADEL)","3"
2019,5,"North Melbourne","Adelaide Crows","Jessica Foley (ADEL)","3"
2019,5,"North Melbourne","Adelaide Crows","Jessica Duffin (NMFC)","3"
2019,5,"Fremantle","Western Bulldogs","Kiara Bowers (FRE)","10"
2019,5,"Fremantle","Western Bulldogs","Dana Hooker (FRE)","8"
2019,5,"Fremantle","Western Bulldogs","Monique Conti (WB)","6"
2019,5,"Fremantle","Western Bulldogs","Kirsty Lamb (WB)","2"
2019,5,"Fremantle","Western Bulldogs","Katie Brennan (WB)","2"
2019,5,"Fremantle","Western Bulldogs","Kellie Gibson (FRE)","1"
2019,5,"Fremantle","Western Bulldogs","Stephanie Cain (FRE)","1"
2019,6,"Geelong Cats","Fremantle","Kiara Bowers (FRE)","10"
2019,6,"Geelong Cats","Fremantle","Dana Hooker (FRE)","7"
2019,6,"Geelong Cats","Fremantle","Hayley Miller (FRE)","6"
2019,6,"Geelong Cats","Fremantle","Gemma Houghton (FRE)","5"
2019,6,"Geelong Cats","Fremantle","Stephanie Cain (FRE)","1"
2019,6,"Geelong Cats","Fremantle","Maddy McMahon (GEEL)","1"
2019,6,"Collingwood","North Melbourne","Jasmine Garner (NMFC)","7"
2019,6,"Collingwood","North Melbourne","Jenna Bruton (NMFC)","7"
2019,6,"Collingwood","North Melbourne","Brittany Bonnici (COLL)","5"
2019,6,"Collingwood","North Melbourne","Jaimee Lambert (COLL)","4"
2019,6,"Collingwood","North Melbourne","Jamie Stanton (NMFC)","4"
2019,6,"Collingwood","North Melbourne","Sophie Abbatangelo (NMFC)","2"
2019,6,"Collingwood","North Melbourne","Kate Gillespie-Jones (NMFC)","1"
2019,6,"Western Bulldogs","Melbourne","Paxy Paxman (MELB)","10"
2019,6,"Western Bulldogs","Melbourne","Monique Conti (WB)","6"
2019,6,"Western Bulldogs","Melbourne","Tegan Cunningham (MELB)","5"
2019,6,"Western Bulldogs","Melbourne","Ellie Blackburn (WB)","4"
2019,6,"Western Bulldogs","Melbourne","Meg Downie (MELB)","3"
2019,6,"Western Bulldogs","Melbourne","Hannah Scott (WB)","1"
2019,6,"Western Bulldogs","Melbourne","Elise O'Dea (MELB)","1"
2019,6,"Adelaide Crows","GWS Giants","Erin Phillips (ADEL)","10"
2019,6,"Adelaide Crows","GWS Giants","Ebony Marinoff (ADEL)","8"
2019,6,"Adelaide Crows","GWS Giants","Justine Mules-Robinson (ADEL)","3"
2019,6,"Adelaide Crows","GWS Giants","Chelsea Randall (ADEL)","3"
2019,6,"Adelaide Crows","GWS Giants","Stevie-Lee Thompson (ADEL)","2"
2019,6,"Adelaide Crows","GWS Giants","Deni Varnhagen (ADEL)","2"
2019,6,"Adelaide Crows","GWS Giants","Jessica Foley (ADEL)","1"
2019,6,"Adelaide Crows","GWS Giants","Alicia Eva (GWS)","1"
2019,6,"Carlton","Brisbane Lions","Madison Prespakis (CARL)","10"
2019,6,"Carlton","Brisbane Lions","Kate Lutkins (BL)","5"
2019,6,"Carlton","Brisbane Lions","Brooke Walker (CARL)","4"
2019,6,"Carlton","Brisbane Lions","Nat Exon (BL)","3"
2019,6,"Carlton","Brisbane Lions","Tayla Harris (CARL)","3"
2019,6,"Carlton","Brisbane Lions","Nicola Stevens (CARL)","2"
2019,6,"Carlton","Brisbane Lions","Emily Bates (BL)","2"
2019,6,"Carlton","Brisbane Lions","Brianna Davey (CARL)","1"
2019,7,"GWS Giants","Geelong Cats","Alicia Eva (GWS)","9"
2019,7,"GWS Giants","Geelong Cats","Alyce Parker (GWS)","9"
2019,7,"GWS Giants","Geelong Cats","Haneen Zreika (GWS)","6"
2019,7,"GWS Giants","Geelong Cats","Cora Staunton (GWS)","4"
2019,7,"GWS Giants","Geelong Cats","Elle Bennetts (GWS)","1"
2019,7,"GWS Giants","Geelong Cats","Christina Bernardi (GWS)","1"
2019,7,"Fremantle","North Melbourne","Kiara Bowers (FRE)","10"
2019,7,"Fremantle","North Melbourne","Jenna Bruton (NMFC)","7"
2019,7,"Fremantle","North Melbourne","Emma Kearney (NMFC)","6"
2019,7,"Fremantle","North Melbourne","Melissa Caulfield (FRE)","4"
2019,7,"Fremantle","North Melbourne","Ebony Antonio (FRE)","2"
2019,7,"Fremantle","North Melbourne","Hayley Miller (FRE)","1"
2019,7,"Melbourne","Adelaide Crows","Jessica Foley (ADEL)","10"
2019,7,"Melbourne","Adelaide Crows","Erin Phillips (ADEL)","8"
2019,7,"Melbourne","Adelaide Crows","Ebony Marinoff (ADEL)","5"
2019,7,"Melbourne","Adelaide Crows","Courtney Cramey (ADEL)","3"
2019,7,"Melbourne","Adelaide Crows","Eloise Jones (ADEL)","2"
2019,7,"Melbourne","Adelaide Crows","Marijana Rajcic (ADEL)","1"
2019,7,"Melbourne","Adelaide Crows","Chloe Scheer (ADEL)","1"
2019,7,"Collingwood","Brisbane Lions","Sarah D'Arcy (COLL)","9"
2019,7,"Collingwood","Brisbane Lions","Ashleigh Brazill (COLL)","9"
2019,7,"Collingwood","Brisbane Lions","Jacqui Yorston (BL)","6"
2019,7,"Collingwood","Brisbane Lions","Stephanie Chiocci (COLL)","3"
2019,7,"Collingwood","Brisbane Lions","Lauren Arnell (BL)","2"
2019,7,"Collingwood","Brisbane Lions","Ally Anderson (BL)","1"
2019,7,"Western Bulldogs","Carlton","Brianna Davey (CARL)","9"
2019,7,"Western Bulldogs","Carlton","Monique Conti (WB)","9"
2019,7,"Western Bulldogs","Carlton","Ellie Blackburn (WB)","6"
2019,7,"Western Bulldogs","Carlton","Madison Prespakis (CARL)","2"
2019,7,"Western Bulldogs","Carlton","Brooke Walker (CARL)","2"
2019,7,"Western Bulldogs","Carlton","Kerryn Harrington (CARL)","1"
2019,7,"Western Bulldogs","Carlton","Nicola Stevens (CARL)","1"
