season,model,top1,ll3,brier3,win_rk,top10
2017,fantasy,0.21428571428571427,2.6338719131619603,19.536673373870443,6,7
2017,pl_small,0.35714285714285715,2.5427234264644563,19.85699269044137,1,6
2017,pl_full,0.35714285714285715,2.571584374794395,19.516701061679278,1,6
2017,xgb_rank,0.2857142857142857,2.575718512491099,20.042318006256405,1,6
2017,mens_pl,0.32142857142857145,2.7182308467203833,19.959758173315752,1,6
2020,coaches,0.47619047619047616,1.8681589106890617,17.17451667188213,3,4
2020,fantasy,0.3333333333333333,2.227010774205148,19.348748829048922,10,6
2020,pl_small,0.42857142857142855,1.7094457283266262,18.691393813362314,2,5
2020,pl_full,0.4523809523809524,1.6245219879165835,17.655829284868066,2,6
2020,xgb_rank,0.42857142857142855,1.6213190612545172,17.530442354684315,4,5
2020,pl_coach,0.40476190476190477,1.6169108232929055,17.335840230936196,2,5
2020,mens_pl,0.38095238095238093,1.8960535786964552,20.61952638066691,3,6
2021,coaches,0.5555555555555556,1.5948171268602012,14.756656624294356,1,8
2021,fantasy,0.3968253968253968,1.9197690863727417,17.94376136273784,1,6
2021,pl_small,0.5079365079365079,1.2990510251630933,13.747915850384276,1,8
2021,pl_full,0.5396825396825397,1.323128874427795,14.099819945458803,1,7
2021,xgb_rank,0.5714285714285714,1.300202425982803,13.540198090234313,1,8
2021,pl_coach,0.5873015873015873,1.3192639487033673,13.971497701200388,1,8
2021,mens_pl,0.5079365079365079,1.5248192586116818,15.191872185488066,1,7
2022S6,fantasy,0.5571428571428572,1.659257894304903,15.791399781551897,6,9
2022S6,pl_small,0.6285714285714286,1.1726101274475489,12.364151531503849,2,8
2022S6,pl_full,0.6571428571428571,1.1406392629843292,12.315729648695724,1,8
2022S6,xgb_rank,0.6,1.251823671790475,13.511836319800652,2,8
2022S6,mens_pl,0.6,1.2179124537499169,13.605973022468518,3,8
2022S7,fantasy,0.5777777777777777,1.7533405508850608,16.209780349949657,5,6
2022S7,pl_small,0.6333333333333333,1.250356467070334,12.692213267454353,1,7
2022S7,pl_full,0.6222222222222222,1.2252140228763844,12.673582619925979,4,7
2022S7,xgb_rank,0.6,1.2790976335146833,13.427510259956195,3,7
2022S7,mens_pl,0.5777777777777777,1.380433529884446,14.041099206236693,2,7
2024,coaches,0.43434343434343436,2.0596967490705547,17.70047803414046,1,4
2024,fantasy,0.26262626262626265,2.4765508044360467,20.98988642925036,1,3
2024,pl_small,0.42424242424242425,1.849537815046284,17.51208931207553,1,5
2024,pl_full,0.40404040404040403,1.8042346302164642,17.41995915534756,1,5
2024,xgb_rank,0.42424242424242425,1.8084184174952285,17.335628781885926,1,4
2024,pl_coach,0.45454545454545453,1.7301348680157569,16.509482804478548,1,5
2024,mens_pl,0.32323232323232326,2.2080632267129223,20.126989447754607,2,5
2025,coaches,0.42592592592592593,2.1417688156908414,17.99135378200685,1,8
2025,fantasy,0.19444444444444445,2.5694713112770238,21.98727132344147,3,7
2025,pl_small,0.4074074074074074,2.022514254917939,18.695222063739305,1,6
2025,pl_full,0.37962962962962965,1.9653858009381364,18.463613170437846,1,7
2025,xgb_rank,0.3888888888888889,2.013467192112181,18.759551138716425,1,6
2025,pl_coach,0.37037037037037035,1.8608427216230594,17.413439809916987,1,8
2025,mens_pl,0.3055555555555556,2.358176246016822,20.988920840353487,1,6
