season,playerId,player,team,votes,source
2019,CD_I1007129,Erin Phillips,Adelaide Crows,19,https://en.wikipedia.org/wiki/2019_AFL_Women%27s_best_and_fairest
2019,CD_I998156,Dana Hooker,Fremantle,11,https://en.wikipedia.org/wiki/2019_AFL_Women%27s_best_and_fairest
2019,CD_I998149,Karen Paxman,Melbourne,10,https://en.wikipedia.org/wiki/2019_AFL_Women%27s_best_and_fairest
2019,CD_I998030,Kiara Bowers,Fremantle,7,https://en.wikipedia.org/wiki/2019_AFL_Women%27s_best_and_fairest
2019,CD_I1010104,Monique Conti,Western Bulldogs,7,https://en.wikipedia.org/wiki/2019_AFL_Women%27s_best_and_fairest
2019,CD_I1001686,Emma King,North Melbourne,7,https://en.wikipedia.org/wiki/2019_AFL_Women%27s_best_and_fairest
2019,CD_I1005279,Ebony Marinoff,Adelaide Crows,7,https://en.wikipedia.org/wiki/2019_AFL_Women%27s_best_and_fairest
2019,CD_I296125,Ellie Blackburn,Western Bulldogs,6,https://en.wikipedia.org/wiki/2019_AFL_Women%27s_best_and_fairest
2019,CD_I1003018,Jenna Bruton,North Melbourne,6,https://en.wikipedia.org/wiki/2019_AFL_Women%27s_best_and_fairest
2019,CD_I1010666,Cora Staunton,GWS GIANTS,6,https://en.wikipedia.org/wiki/2019_AFL_Women%27s_best_and_fairest
2019,CD_I1005864,Jessica Duffin,North Melbourne,6,https://web.archive.org/web/2019/https://www.nmfc.com.au/news/2019-04-02/aflw-king-tops-votes
