season,playerId,player,team,votes
2023,CD_I1005269,Anne Hatchard,Adelaide Crows,13
2023,CD_I1005279,Ebony Marinoff,Adelaide Crows,11
2023,CD_I1018874,Niamh Kelly,Adelaide Crows,10
2023,CD_I1014599,Caitlin Gould,Adelaide Crows,2
2023,CD_I998044,Chelsea Randall,Adelaide Crows,2
2023,CD_I1011095,Madison Newman,Adelaide Crows,2
2023,CD_I1011057,Teah Charlton,Adelaide Crows,2
2023,CD_I1011091,Rachelle Martin,Adelaide Crows,1
2023,CD_I1005630,Ally Anderson,Brisbane Lions,14
2023,CD_I1019057,Dakota Davidson,Brisbane Lions,7
2023,CD_I1009847,Sophie Conway,Brisbane Lions,6
2023,CD_I1009833,Isabel Dawes,Brisbane Lions,4
2023,CD_I1009844,Tahlia Hickie,Brisbane Lions,4
2023,CD_I1019053,Cathy Svarc,Brisbane Lions,3
2023,CD_I1009910,Courtney Hodder,Brisbane Lions,2
2023,CD_I1019034,Orla O'Dwyer,Brisbane Lions,1
2023,CD_I1007023,Breann Moody,Carlton,10
2023,CD_I1014991,Keeley Skepper,Carlton,5
2023,CD_I997663,Darcy Vescio,Carlton,2
2023,CD_I1007026,Gab Pound,Carlton,2
2023,CD_I1019711,Keeley Sherar,Carlton,2
2023,CD_I1013027,Abbie McKay,Carlton,2
2023,CD_I1015047,Mimi Hill,Carlton,1
2023,CD_I1012595,Vaomua Laloifi,Carlton,1
2023,CD_I997729,Brittany Bonnici,Collingwood,12
2023,CD_I1003019,Sabrina Frederick,Collingwood,4
2023,CD_I1003020,Brianna Davey,Collingwood,3
2023,CD_I1006996,Lauren Brazzale,Collingwood,2
2023,CD_I1017238,Aishling Sheridan,Collingwood,1
2023,CD_I997676,Emily Smith,Collingwood,1
2023,CD_I1010690,Bonnie Toogood,Essendon,15
2023,CD_I1009885,Madison Prespakis,Essendon,10
2023,CD_I1013522,Georgia Nanscawen,Essendon,9
2023,CD_I1016869,Jacqui Vogt,Essendon,2
2023,CD_I1021527,Brooke Brown,Essendon,1
2023,CD_I1005361,Daria Bannister,Essendon,1
2023,CD_I1018949,Aine Tighe,Fremantle,7
2023,CD_I1013937,Angelique Stannett,Fremantle,3
2023,CD_I1007144,Gabby O'Sullivan,Fremantle,3
2023,CD_I998030,Kiara Bowers,Fremantle,3
2023,CD_I1017347,Mim Strom,Fremantle,3
2023,CD_I1012242,Emma O'Driscoll,Fremantle,2
2023,CD_I1021410,Dana East,Fremantle,1
2023,CD_I997709,Amy McDonald,Geelong Cats,16
2023,CD_I1014810,Georgie Prespakis,Geelong Cats,14
2023,CD_I1009863,Nina Morrison,Geelong Cats,6
2023,CD_I1007342,Chloe Scheer,Geelong Cats,5
2023,CD_I1033166,Aishling Moloney,Geelong Cats,3
2023,CD_I1018955,Kate Surman,Geelong Cats,1
2023,CD_I1010662,Claudia Whitfort,Gold Coast SUNS,16
2023,CD_I1015068,Charlie Rowbottom,Gold Coast SUNS,8
2023,CD_I1025163,Jacqueline Dupuy,Gold Coast SUNS,4
2023,CD_I1033165,Niamh McLaughlin,Gold Coast SUNS,4
2023,CD_I1007030,Jamie Stanton,Gold Coast SUNS,3
2023,CD_I1024535,Darcie Davies,Gold Coast SUNS,2
2023,CD_I1021456,Lucy Single,Gold Coast SUNS,1
2023,CD_I1012709,Tara Bohanna,Gold Coast SUNS,1
2023,CD_I1009799,Alyce Parker,GWS GIANTS,7
2023,CD_I1022358,Zarlie Goldsworthy,GWS GIANTS,4
2023,CD_I998029,Alicia Eva,GWS GIANTS,2
2023,CD_I1009801,Haneen Zreika,GWS GIANTS,1
2023,CD_I998155,Emily Bates,Hawthorn,5
2023,CD_I1007017,Tilly Lucas-Rodd,Hawthorn,4
2023,CD_I1019035,Greta Bodey,Hawthorn,3
2023,CD_I997649,Kaitlyn Ashmore,Hawthorn,3
2023,CD_I1022104,Tahlia Fellows,Hawthorn,2
2023,CD_I1009980,Kate Hore,Melbourne,12
2023,CD_I1009853,Tyla Hanks,Melbourne,12
2023,CD_I1009764,Eden Zanker,Melbourne,6
2023,CD_I998149,Paxy Paxman,Melbourne,6
2023,CD_I1014367,Alyssa Bannan,Melbourne,5
2023,CD_I1022111,Eliza West,Melbourne,2
2023,CD_I1005863,Lauren Pearce,Melbourne,2
2023,CD_I1009861,Olivia Purcell,Melbourne,1
2023,CD_I1010265,Ash Riddell,North Melbourne,16
2023,CD_I296154,Jasmine Garner,North Melbourne,14
2023,CD_I1001686,Emma King,North Melbourne,6
2023,CD_I1003023,Tahlia Randall,North Melbourne,6
2023,CD_I998150,Emma Kearney,North Melbourne,3
2023,CD_I1003018,Jenna Bruton,North Melbourne,1
2023,CD_I1015175,Tess Craven,North Melbourne,1
2023,CD_I1012241,Abbey Dowrick,Port Adelaide,3
2023,CD_I1005264,Ashleigh Saint,Port Adelaide,3
2023,CD_I1007129,Erin Phillips,Port Adelaide,3
2023,CD_I1023943,Matilda Scholz,Port Adelaide,3
2023,CD_I1026227,Julia Teakle,Port Adelaide,2
2023,CD_I1007141,Gemma Houghton,Port Adelaide,1
2023,CD_I1019059,Maria Moloney,Port Adelaide,1
2023,CD_I1010104,Monique Conti,Richmond,23
2023,CD_I1009856,Grace Egan,Richmond,5
2023,CD_I1014781,Emelia Yassir,Richmond,2
2023,CD_I998157,Katie Brennan,Richmond,2
2023,CD_I1017025,Gabrielle Seymour,Richmond,1
2023,CD_I1016865,Poppy Kelly,Richmond,1
2023,CD_I1009838,Jesse Wardlaw,St Kilda,7
2023,CD_I1009867,Georgia Patrikios,St Kilda,5
2023,CD_I1014841,Ashleigh Richards,St Kilda,3
2023,CD_I1004415,Jaimee Lambert,St Kilda,3
2023,CD_I1007137,Nat Exon,St Kilda,3
2023,CD_I1014835,Tyanna Smith,St Kilda,3
2023,CD_I1014556,Hannah Priest,St Kilda,1
2023,CD_I1012620,Simone Nalder,St Kilda,1
2023,CD_I1010263,Chloe Molloy,Sydney Swans,16
2023,CD_I1014359,Laura Gardiner,Sydney Swans,7
2023,CD_I1015012,Ally Morphett,Sydney Swans,7
2023,CD_I1022350,Cynthia Hamilton,Sydney Swans,3
2023,CD_I296148,Rebecca Privitelli,Sydney Swans,2
2023,CD_I1022823,Ella Roberts,West Coast Eagles,8
2023,CD_I998032,Emma Swanson,West Coast Eagles,6
2023,CD_I1014034,Aisling McCarthy,West Coast Eagles,1
2023,CD_I296125,Ellie Blackburn,Western Bulldogs,10
2023,CD_I1012555,Celine Moody,Western Bulldogs,2
2023,CD_I1015137,Isabelle Pritchard,Western Bulldogs,1
2023,CD_I1021853,Rylie Wilcox,Western Bulldogs,1
