season,matchId,round,playerId,player,team,votes
2022S7,CD_M21012640101,1,CD_I1010263,Chloe Molloy,Collingwood,3
2022S7,CD_M21012640101,1,CD_I1007023,Breann Moody,Carlton,2
2022S7,CD_M21012640101,1,CD_I998158,Stephanie Chiocci,Collingwood,1
2022S7,CD_M21012640102,1,CD_I1022111,Eliza West,Melbourne,3
2022S7,CD_M21012640102,1,CD_I1005863,Lauren Pearce,Melbourne,2
2022S7,CD_M21012640102,1,CD_I998149,Karen Paxman,Melbourne,1
2022S7,CD_M21012640103,1,CD_I998150,Emma Kearney,North Melbourne,3
2022S7,CD_M21012640103,1,CD_I1003018,Jenna Bruton,North Melbourne,2
2022S7,CD_M21012640103,1,CD_I1009845,Kalinda Howarth,Gold Coast SUNS,1
2022S7,CD_M21012640104,1,CD_I1014034,Aisling McCarthy,West Coast Eagles,3
2022S7,CD_M21012640104,1,CD_I1019059,Maria Moloney,Port Adelaide,2
2022S7,CD_M21012640104,1,CD_I998032,Emma Swanson,West Coast Eagles,1
2022S7,CD_M21012640105,1,CD_I1007138,Kate Shierlaw,St Kilda,3
2022S7,CD_M21012640105,1,CD_I1009831,Tarni White,St Kilda,2
2022S7,CD_M21012640105,1,CD_I1009867,Georgia Patrikios,St Kilda,1
2022S7,CD_M21012640106,1,CD_I1009885,Madison Prespakis,Essendon,3
2022S7,CD_M21012640106,1,CD_I1007017,Tilly Lucas-Rodd,Hawthorn,2
2022S7,CD_M21012640106,1,CD_I1019762,Paige Scott,Essendon,1
2022S7,CD_M21012640107,1,CD_I1009799,Alyce Parker,GWS GIANTS,3
2022S7,CD_M21012640107,1,CD_I296125,Ellie Blackburn,Western Bulldogs,2
2022S7,CD_M21012640107,1,CD_I1012555,Celine Moody,Western Bulldogs,1
2022S7,CD_M21012640108,1,CD_I1005630,Alexandra Anderson,Brisbane Lions,3
2022S7,CD_M21012640108,1,CD_I998155,Emily Bates,Brisbane Lions,2
2022S7,CD_M21012640108,1,CD_I1019034,Orla O'Dwyer,Brisbane Lions,1
2022S7,CD_M21012640109,1,CD_I1006666,Sarah Hosking,Richmond,3
2022S7,CD_M21012640109,1,CD_I1014810,Georgie Prespakis,Geelong Cats,2
2022S7,CD_M21012640109,1,CD_I1007155,Meghan McDonald,Geelong Cats,1
2022S7,CD_M21012640201,2,CD_I1010265,Ashleigh Riddell,North Melbourne,3
2022S7,CD_M21012640201,2,CD_I1009861,Olivia Purcell,Melbourne,2
2022S7,CD_M21012640201,2,CD_I998047,Daisy Pearce,Melbourne,1
2022S7,CD_M21012640202,2,CD_I1005279,Ebony Marinoff,Adelaide Crows,3
2022S7,CD_M21012640202,2,CD_I1010104,Monique Conti,Richmond,2
2022S7,CD_M21012640202,2,CD_I1014599,Caitlin Gould,Adelaide Crows,1
2022S7,CD_M21012640203,2,CD_I296125,Ellie Blackburn,Western Bulldogs,3
2022S7,CD_M21012640203,2,CD_I997686,Kirsty Lamb,Western Bulldogs,2
2022S7,CD_M21012640203,2,CD_I1012555,Celine Moody,Western Bulldogs,1
2022S7,CD_M21012640204,2,CD_I1009860,Rebecca Webster,Geelong Cats,3
2022S7,CD_M21012640204,2,CD_I997709,Amy McDonald,Geelong Cats,2
2022S7,CD_M21012640204,2,CD_I1014810,Georgie Prespakis,Geelong Cats,1
2022S7,CD_M21012640205,2,CD_I1007023,Breann Moody,Carlton,3
2022S7,CD_M21012640205,2,CD_I1015047,Mimi Hill,Carlton,2
2022S7,CD_M21012640205,2,CD_I1009885,Madison Prespakis,Essendon,1
2022S7,CD_M21012640206,2,CD_I1014873,Tarni Brown,Collingwood,3
2022S7,CD_M21012640206,2,CD_I1010263,Chloe Molloy,Collingwood,2
2022S7,CD_M21012640206,2,CD_I1007015,Stacey Livingstone,Collingwood,1
2022S7,CD_M21012640207,2,CD_I998155,Emily Bates,Brisbane Lions,3
2022S7,CD_M21012640207,2,CD_I1009844,Tahlia Hickie,Brisbane Lions,2
2022S7,CD_M21012640207,2,CD_I1009799,Alyce Parker,GWS GIANTS,1
2022S7,CD_M21012640208,2,CD_I1007138,Kate Shierlaw,St Kilda,3
2022S7,CD_M21012640208,2,CD_I1012668,Caitlin Greiser,St Kilda,2
2022S7,CD_M21012640208,2,CD_I296158,Bianca Jakobsson,St Kilda,1
2022S7,CD_M21012640209,2,CD_I1012712,Alison Drennan,Gold Coast SUNS,3
2022S7,CD_M21012640209,2,CD_I1010662,Claudia Whitfort,Gold Coast SUNS,2
2022S7,CD_M21012640209,2,CD_I998032,Emma Swanson,West Coast Eagles,1
2022S7,CD_M21012640301,3,CD_I997686,Kirsty Lamb,Western Bulldogs,3
2022S7,CD_M21012640301,3,CD_I998030,Kiara Bowers,Fremantle,2
2022S7,CD_M21012640301,3,CD_I1014372,Jessica Fitzgerald,Western Bulldogs,1
2022S7,CD_M21012640303,3,CD_I1005279,Ebony Marinoff,Adelaide Crows,3
2022S7,CD_M21012640303,3,CD_I1005269,Anne Hatchard,Adelaide Crows,2
2022S7,CD_M21012640303,3,CD_I1009794,Danielle Ponter,Adelaide Crows,1
2022S7,CD_M21012640305,3,CD_I1009799,Alyce Parker,GWS GIANTS,3
2022S7,CD_M21012640305,3,CD_I998029,Alicia Eva,GWS GIANTS,2
2022S7,CD_M21012640305,3,CD_I1017292,Tarni Evans,GWS GIANTS,1
2022S7,CD_M21012640304,3,CD_I997736,Jordyn Allen,Collingwood,3
2022S7,CD_M21012640304,3,CD_I1014810,Georgie Prespakis,Geelong Cats,2
2022S7,CD_M21012640304,3,CD_I1010263,Chloe Molloy,Collingwood,1
2022S7,CD_M21012640302,3,CD_I1005630,Alexandra Anderson,Brisbane Lions,3
2022S7,CD_M21012640302,3,CD_I998155,Emily Bates,Brisbane Lions,2
2022S7,CD_M21012640302,3,CD_I1009838,Jesse Wardlaw,Brisbane Lions,1
2022S7,CD_M21012640306,3,CD_I1013027,Abbie McKay,Carlton,3
2022S7,CD_M21012640306,3,CD_I1009977,Kerryn Peterson,Carlton,2
2022S7,CD_M21012640306,3,CD_I1019503,Hannah Ewings,Port Adelaide,1
2022S7,CD_M21012640307,3,CD_I1009861,Olivia Purcell,Melbourne,3
2022S7,CD_M21012640307,3,CD_I1022111,Eliza West,Melbourne,2
2022S7,CD_M21012640307,3,CD_I1007138,Kate Shierlaw,St Kilda,1
2022S7,CD_M21012640308,3,CD_I1010104,Monique Conti,Richmond,3
2022S7,CD_M21012640308,3,CD_I1017025,Gabrielle Seymour,Richmond,2
2022S7,CD_M21012640308,3,CD_I1018403,Eilish Sheerin,Richmond,1
2022S7,CD_M21012640309,3,CD_I1009885,Madison Prespakis,Essendon,3
2022S7,CD_M21012640309,3,CD_I1027783,Stephanie Wales,Essendon,2
2022S7,CD_M21012640309,3,CD_I998032,Emma Swanson,West Coast Eagles,1
2022S7,CD_M21012640401,4,CD_I1014810,Georgie Prespakis,Geelong Cats,3
2022S7,CD_M21012640401,4,CD_I1010265,Ashleigh Riddell,North Melbourne,2
2022S7,CD_M21012640401,4,CD_I1003018,Jenna Bruton,North Melbourne,1
2022S7,CD_M21012640404,4,CD_I998032,Emma Swanson,West Coast Eagles,3
2022S7,CD_M21012640404,4,CD_I1009799,Alyce Parker,GWS GIANTS,2
2022S7,CD_M21012640404,4,CD_I1001681,Jodie Hicks,GWS GIANTS,1
2022S7,CD_M21012640402,4,CD_I1015068,Charlie Rowbottom,Gold Coast SUNS,3
2022S7,CD_M21012640402,4,CD_I1009845,Kalinda Howarth,Gold Coast SUNS,2
2022S7,CD_M21012640402,4,CD_I1014556,Hannah Priest,St Kilda,1
2022S7,CD_M21012640403,4,CD_I1019503,Hannah Ewings,Port Adelaide,3
2022S7,CD_M21012640403,4,CD_I1012241,Abbey Dowrick,Port Adelaide,2
2022S7,CD_M21012640403,4,CD_I1005378,Ange Foley,Port Adelaide,1
2022S7,CD_M21012640405,4,CD_I1013027,Abbie McKay,Carlton,3
2022S7,CD_M21012640405,4,CD_I1018949,Aine Tighe,Fremantle,2
2022S7,CD_M21012640405,4,CD_I1007023,Breann Moody,Carlton,1
2022S7,CD_M21012640406,4,CD_I997686,Kirsty Lamb,Western Bulldogs,3
2022S7,CD_M21012640406,4,CD_I296125,Ellie Blackburn,Western Bulldogs,2
2022S7,CD_M21012640406,4,CD_I1012694,Alice Edmonds,Western Bulldogs,1
2022S7,CD_M21012640407,4,CD_I1005269,Anne Hatchard,Adelaide Crows,3
2022S7,CD_M21012640407,4,CD_I1012637,Mikala Cann,Collingwood,2
2022S7,CD_M21012640407,4,CD_I1007327,Montana McKinnon,Adelaide Crows,1
2022S7,CD_M21012640408,4,CD_I1010104,Monique Conti,Richmond,3
2022S7,CD_M21012640408,4,CD_I1006997,Stephanie Cain,Essendon,2
2022S7,CD_M21012640408,4,CD_I1006666,Sarah Hosking,Richmond,1
2022S7,CD_M21012640409,4,CD_I1019053,Catherine Svarc,Brisbane Lions,3
2022S7,CD_M21012640409,4,CD_I1005630,Alexandra Anderson,Brisbane Lions,2
2022S7,CD_M21012640409,4,CD_I997708,Lily Mithen,Melbourne,1
2022S7,CD_M21012640502,5,CD_I998040,Hayley Miller,Fremantle,3
2022S7,CD_M21012640502,5,CD_I1017333,Isabella Lewis,West Coast Eagles,2
2022S7,CD_M21012640502,5,CD_I998030,Kiara Bowers,Fremantle,1
2022S7,CD_M21012640501,5,CD_I997709,Amy McDonald,Geelong Cats,3
2022S7,CD_M21012640501,5,CD_I1007028,Shelley Scott,Geelong Cats,2
2022S7,CD_M21012640501,5,CD_I1009860,Rebecca Webster,Geelong Cats,1
2022S7,CD_M21012640503,5,CD_I296154,Jasmine Garner,North Melbourne,3
2022S7,CD_M21012640503,5,CD_I1003018,Jenna Bruton,North Melbourne,2
2022S7,CD_M21012640503,5,CD_I1013028,Katie Lynch,Western Bulldogs,1
2022S7,CD_M21012640504,5,CD_I1009885,Madison Prespakis,Essendon,3
2022S7,CD_M21012640504,5,CD_I1012637,Mikala Cann,Collingwood,2
2022S7,CD_M21012640504,5,CD_I1010263,Chloe Molloy,Collingwood,1
2022S7,CD_M21012640505,5,CD_I1004408,Brooke Lochland,Sydney Swans,3
2022S7,CD_M21012640505,5,CD_I1017027,Akec Makur Chuot,Hawthorn,2
2022S7,CD_M21012640505,5,CD_I1026929,Lucy Wales,Hawthorn,1
2022S7,CD_M21012640506,5,CD_I998039,Tayla Harris,Melbourne,3
2022S7,CD_M21012640506,5,CD_I1009861,Olivia Purcell,Melbourne,2
2022S7,CD_M21012640506,5,CD_I998149,Karen Paxman,Melbourne,1
2022S7,CD_M21012640507,5,CD_I1009833,Isabel Dawes,Brisbane Lions,3
2022S7,CD_M21012640507,5,CD_I1010688,Maddie Shevlin,Richmond,2
2022S7,CD_M21012640507,5,CD_I1012704,Courtney Wakefield,Richmond,1
2022S7,CD_M21012640508,5,CD_I1012709,Tara Bohanna,Gold Coast SUNS,3
2022S7,CD_M21012640508,5,CD_I1015068,Charlie Rowbottom,Gold Coast SUNS,2
2022S7,CD_M21012640508,5,CD_I1012712,Alison Drennan,Gold Coast SUNS,1
2022S7,CD_M21012640509,5,CD_I1005279,Ebony Marinoff,Adelaide Crows,3
2022S7,CD_M21012640509,5,CD_I1005269,Anne Hatchard,Adelaide Crows,2
2022S7,CD_M21012640509,5,CD_I1009894,McKenzie Dowrick,Adelaide Crows,1
2022S7,CD_M21012640601,6,CD_I1017333,Isabella Lewis,West Coast Eagles,3
2022S7,CD_M21012640601,6,CD_I1005864,Jessica Duffin,Hawthorn,2
2022S7,CD_M21012640601,6,CD_I998032,Emma Swanson,West Coast Eagles,1
2022S7,CD_M21012640602,6,CD_I998044,Chelsea Randall,Adelaide Crows,3
2022S7,CD_M21012640602,6,CD_I1005279,Ebony Marinoff,Adelaide Crows,2
2022S7,CD_M21012640602,6,CD_I1005269,Anne Hatchard,Adelaide Crows,1
2022S7,CD_M21012640603,6,CD_I1009822,Georgia Garnett,GWS GIANTS,3
2022S7,CD_M21012640603,6,CD_I1009799,Alyce Parker,GWS GIANTS,2
2022S7,CD_M21012640603,6,CD_I1013027,Abbie McKay,Carlton,1
2022S7,CD_M21012640604,6,CD_I1009863,Nina Morrison,Geelong Cats,3
2022S7,CD_M21012640604,6,CD_I296125,Ellie Blackburn,Western Bulldogs,2
2022S7,CD_M21012640604,6,CD_I1009860,Rebecca Webster,Geelong Cats,1
2022S7,CD_M21012640605,6,CD_I1004415,Jaimee Lambert,Collingwood,3
2022S7,CD_M21012640605,6,CD_I1007027,Ruby Schleicher,Collingwood,2
2022S7,CD_M21012640605,6,CD_I1007138,Kate Shierlaw,St Kilda,1
2022S7,CD_M21012640606,6,CD_I1010104,Monique Conti,Richmond,3
2022S7,CD_M21012640606,6,CD_I1009856,Grace Egan,Richmond,2
2022S7,CD_M21012640606,6,CD_I1015068,Charlie Rowbottom,Gold Coast SUNS,1
2022S7,CD_M21012640607,6,CD_I1009844,Tahlia Hickie,Brisbane Lions,3
2022S7,CD_M21012640607,6,CD_I1005630,Alexandra Anderson,Brisbane Lions,2
2022S7,CD_M21012640607,6,CD_I1009885,Madison Prespakis,Essendon,1
2022S7,CD_M21012640608,6,CD_I998030,Kiara Bowers,Fremantle,3
2022S7,CD_M21012640608,6,CD_I1009853,Tyla Hanks,Melbourne,2
2022S7,CD_M21012640608,6,CD_I1009980,Kate Hore,Melbourne,1
2022S7,CD_M21012640609,6,CD_I296154,Jasmine Garner,North Melbourne,3
2022S7,CD_M21012640609,6,CD_I1001686,Emma King,North Melbourne,2
2022S7,CD_M21012640609,6,CD_I1003023,Tahlia Randall,North Melbourne,1
2022S7,CD_M21012640701,7,CD_I1015047,Mimi Hill,Carlton,3
2022S7,CD_M21012640701,7,CD_I1007023,Breann Moody,Carlton,2
2022S7,CD_M21012640701,7,CD_I1009873,Olivia Vesely,St Kilda,1
2022S7,CD_M21012640702,7,CD_I1010104,Monique Conti,Richmond,3
2022S7,CD_M21012640702,7,CD_I1018403,Eilish Sheerin,Richmond,2
2022S7,CD_M21012640702,7,CD_I1022823,Ella Roberts,West Coast Eagles,1
2022S7,CD_M21012640703,7,CD_I1015068,Charlie Rowbottom,Gold Coast SUNS,3
2022S7,CD_M21012640703,7,CD_I1010662,Claudia Whitfort,Gold Coast SUNS,2
2022S7,CD_M21012640703,7,CD_I1025163,Jac Dupuy,Gold Coast SUNS,1
2022S7,CD_M21012640704,7,CD_I1005279,Ebony Marinoff,Adelaide Crows,3
2022S7,CD_M21012640704,7,CD_I998030,Kiara Bowers,Fremantle,2
2022S7,CD_M21012640704,7,CD_I1014599,Caitlin Gould,Adelaide Crows,1
2022S7,CD_M21012640705,7,CD_I998150,Emma Kearney,North Melbourne,3
2022S7,CD_M21012640705,7,CD_I1005630,Alexandra Anderson,Brisbane Lions,2
2022S7,CD_M21012640705,7,CD_I1009836,Natalie Grider,Brisbane Lions,1
2022S7,CD_M21012640706,7,CD_I1007017,Tilly Lucas-Rodd,Hawthorn,3
2022S7,CD_M21012640706,7,CD_I997649,Kaitlyn Ashmore,Hawthorn,2
2022S7,CD_M21012640706,7,CD_I1007129,Erin Phillips,Port Adelaide,1
2022S7,CD_M21012640707,7,CD_I1009885,Madison Prespakis,Essendon,3
2022S7,CD_M21012640707,7,CD_I997709,Amy McDonald,Geelong Cats,2
2022S7,CD_M21012640707,7,CD_I1007342,Chloe Scheer,Geelong Cats,1
2022S7,CD_M21012640708,7,CD_I1009861,Olivia Purcell,Melbourne,3
2022S7,CD_M21012640708,7,CD_I998039,Tayla Harris,Melbourne,2
2022S7,CD_M21012640708,7,CD_I1014367,Alyssa Bannan,Melbourne,1
2022S7,CD_M21012640709,7,CD_I1004415,Jaimee Lambert,Collingwood,3
2022S7,CD_M21012640709,7,CD_I1010263,Chloe Molloy,Collingwood,2
2022S7,CD_M21012640709,7,CD_I1007027,Ruby Schleicher,Collingwood,1
2022S7,CD_M21012640801,8,CD_I1012704,Courtney Wakefield,Richmond,3
2022S7,CD_M21012640801,8,CD_I1007023,Breann Moody,Carlton,2
2022S7,CD_M21012640801,8,CD_I1006666,Sarah Hosking,Richmond,1
2022S7,CD_M21012640802,8,CD_I1005630,Alexandra Anderson,Brisbane Lions,3
2022S7,CD_M21012640802,8,CD_I998044,Chelsea Randall,Adelaide Crows,2
2022S7,CD_M21012640802,8,CD_I1009847,Sophie Conway,Brisbane Lions,1
2022S7,CD_M21012640803,8,CD_I296154,Jasmine Garner,North Melbourne,3
2022S7,CD_M21012640803,8,CD_I998150,Emma Kearney,North Melbourne,2
2022S7,CD_M21012640803,8,CD_I1005378,Ange Foley,Port Adelaide,1
2022S7,CD_M21012640804,8,CD_I1012580,Sophie Alexander,Essendon,3
2022S7,CD_M21012640804,8,CD_I1009803,Alexia Hamilton,Sydney Swans,2
2022S7,CD_M21012640804,8,CD_I1010690,Bonnie Toogood,Essendon,1
2022S7,CD_M21012640805,8,CD_I1014810,Georgie Prespakis,Geelong Cats,3
2022S7,CD_M21012640805,8,CD_I997709,Amy McDonald,Geelong Cats,2
2022S7,CD_M21012640805,8,CD_I998032,Emma Swanson,West Coast Eagles,1
2022S7,CD_M21012640806,8,CD_I1009861,Olivia Purcell,Melbourne,3
2022S7,CD_M21012640806,8,CD_I998039,Tayla Harris,Melbourne,2
2022S7,CD_M21012640806,8,CD_I1022111,Eliza West,Melbourne,1
2022S7,CD_M21012640807,8,CD_I1012694,Alice Edmonds,Western Bulldogs,3
2022S7,CD_M21012640807,8,CD_I296125,Ellie Blackburn,Western Bulldogs,2
2022S7,CD_M21012640807,8,CD_I296158,Bianca Jakobsson,St Kilda,1
2022S7,CD_M21012640808,8,CD_I1009799,Alyce Parker,GWS GIANTS,3
2022S7,CD_M21012640808,8,CD_I1009822,Georgia Garnett,GWS GIANTS,2
2022S7,CD_M21012640808,8,CD_I998029,Alicia Eva,GWS GIANTS,1
2022S7,CD_M21012640809,8,CD_I1012637,Mikala Cann,Collingwood,3
2022S7,CD_M21012640809,8,CD_I1010263,Chloe Molloy,Collingwood,2
2022S7,CD_M21012640809,8,CD_I1004415,Jaimee Lambert,Collingwood,1
2022S7,CD_M21012640901,9,CD_I1005269,Anne Hatchard,Adelaide Crows,3
2022S7,CD_M21012640901,9,CD_I1014810,Georgie Prespakis,Geelong Cats,2
2022S7,CD_M21012640901,9,CD_I1005279,Ebony Marinoff,Adelaide Crows,1
2022S7,CD_M21012640902,9,CD_I1015068,Charlie Rowbottom,Gold Coast SUNS,3
2022S7,CD_M21012640902,9,CD_I1009845,Kalinda Howarth,Gold Coast SUNS,2
2022S7,CD_M21012640902,9,CD_I1009843,Ellie Hampson,Gold Coast SUNS,1
2022S7,CD_M21012640903,9,CD_I296154,Jasmine Garner,North Melbourne,3
2022S7,CD_M21012640903,9,CD_I1010265,Ashleigh Riddell,North Melbourne,2
2022S7,CD_M21012640903,9,CD_I1010263,Chloe Molloy,Collingwood,1
2022S7,CD_M21012640904,9,CD_I998030,Kiara Bowers,Fremantle,3
2022S7,CD_M21012640904,9,CD_I998040,Hayley Miller,Fremantle,2
2022S7,CD_M21012640904,9,CD_I1015152,Montana Ham,Sydney Swans,1
2022S7,CD_M21012640905,9,CD_I1009875,Eleanor Brown,Western Bulldogs,3
2022S7,CD_M21012640905,9,CD_I998032,Emma Swanson,West Coast Eagles,2
2022S7,CD_M21012640905,9,CD_I997728,Deanna Berry,Western Bulldogs,1
2022S7,CD_M21012640906,9,CD_I1005630,Alexandra Anderson,Brisbane Lions,3
2022S7,CD_M21012640906,9,CD_I1009838,Jesse Wardlaw,Brisbane Lions,2
2022S7,CD_M21012640906,9,CD_I998155,Emily Bates,Brisbane Lions,1
2022S7,CD_M21012640907,9,CD_I1019503,Hannah Ewings,Port Adelaide,3
2022S7,CD_M21012640907,9,CD_I1009867,Georgia Patrikios,St Kilda,2
2022S7,CD_M21012640907,9,CD_I1007129,Erin Phillips,Port Adelaide,1
2022S7,CD_M21012640908,9,CD_I1010104,Monique Conti,Richmond,3
2022S7,CD_M21012640908,9,CD_I1009856,Grace Egan,Richmond,2
2022S7,CD_M21012640908,9,CD_I1014375,Ellie McKenzie,Richmond,1
2022S7,CD_M21012640909,9,CD_I998149,Karen Paxman,Melbourne,3
2022S7,CD_M21012640909,9,CD_I1009861,Olivia Purcell,Melbourne,2
2022S7,CD_M21012640909,9,CD_I1009980,Kate Hore,Melbourne,1
2022S7,CD_M21012641002,10,CD_I296125,Ellie Blackburn,Western Bulldogs,3
2022S7,CD_M21012641002,10,CD_I997663,Darcy Vescio,Carlton,2
2022S7,CD_M21012641002,10,CD_I1013027,Abbie McKay,Carlton,1
2022S7,CD_M21012641001,10,CD_I1005630,Alexandra Anderson,Brisbane Lions,3
2022S7,CD_M21012641001,10,CD_I1019053,Catherine Svarc,Brisbane Lions,2
2022S7,CD_M21012641001,10,CD_I1009910,Courtney Hodder,Brisbane Lions,1
2022S7,CD_M21012641006,10,CD_I1009980,Kate Hore,Melbourne,3
2022S7,CD_M21012641006,10,CD_I998149,Karen Paxman,Melbourne,2
2022S7,CD_M21012641006,10,CD_I1009861,Olivia Purcell,Melbourne,1
2022S7,CD_M21012641009,10,CD_I1005279,Ebony Marinoff,Adelaide Crows,3
2022S7,CD_M21012641009,10,CD_I1009794,Danielle Ponter,Adelaide Crows,2
2022S7,CD_M21012641009,10,CD_I1005269,Anne Hatchard,Adelaide Crows,1
2022S7,CD_M21012641004,10,CD_I997709,Amy McDonald,Geelong Cats,3
2022S7,CD_M21012641004,10,CD_I1014810,Georgie Prespakis,Geelong Cats,2
2022S7,CD_M21012641004,10,CD_I1007342,Chloe Scheer,Geelong Cats,1
2022S7,CD_M21012641003,10,CD_I998030,Kiara Bowers,Fremantle,3
2022S7,CD_M21012641003,10,CD_I1018949,Aine Tighe,Fremantle,2
2022S7,CD_M21012641003,10,CD_I1007017,Tilly Lucas-Rodd,Hawthorn,1
2022S7,CD_M21012641008,10,CD_I1009885,Madison Prespakis,Essendon,3
2022S7,CD_M21012641008,10,CD_I1005361,Daria Bannister,Essendon,2
2022S7,CD_M21012641008,10,CD_I1012241,Abbey Dowrick,Port Adelaide,1
2022S7,CD_M21012641007,10,CD_I1014375,Ellie McKenzie,Richmond,3
2022S7,CD_M21012641007,10,CD_I1010104,Monique Conti,Richmond,2
2022S7,CD_M21012641007,10,CD_I1003018,Jenna Bruton,North Melbourne,1
2022S7,CD_M21012641005,10,CD_I1015068,Charlie Rowbottom,Gold Coast SUNS,3
2022S7,CD_M21012641005,10,CD_I1009822,Georgia Garnett,GWS GIANTS,2
2022S7,CD_M21012641005,10,CD_I1009799,Alyce Parker,GWS GIANTS,1
